# XDK library functions of Dance Central 3 (Xbox 360, build Sep 16 2012), from
# https://github.com/rjkiv/dc3-decomp config/373307D9 (CC0 1.0) @149a613.
# Use: names/sizes/object grouping of a late-XDK D3D (d3d9i), CRT (LIBCMT), xapilibi,
# xgraphics and d3dx9 for docs/ANY_GAME_CHECKLIST.md §1 and /xdk-hook-discovery.
# Sizes match only for the same XDK build and link options; addresses are DC3's.
lib	object	name	size	dc3_address
xapilibi	getcurrentthreadid.cpp	GetCurrentThreadId	0x34	0x82334E38
xapilibi	closehandle.cpp	CloseHandle	0x64	0x82334E70
xapilibi	nuiapithunk.cpp	XShowNuiGuideUI	0x44	0x82334ED8
xapilibi	nuiapithunk.cpp	XShowNuiSigninUI	0x54	0x82334F20
xapilibi	nuiapithunk.cpp	XShowNuiControllerRequiredUI	0x50	0x82334F78
xapilibi	nuiapithunk.cpp	XShowNuiFriendsUI	0x50	0x82334FC8
xapilibi	nuiapithunk.cpp	XShowNuiGamerCardUI	0x44	0x82335018
xapilibi	nuiapithunk.cpp	XShowNuiMarketplaceUI	0x58	0x82335060
xapilibi	nuiapithunk.cpp	XShowNuiPartyUI	0x50	0x823350B8
xapilibi	nuiapithunk.cpp	XShowNuiDeviceSelectorUI	0x60	0x82335108
xapilibi	nuiapithunk.cpp	XShowNuiDirtyDiscErrorUI	0x38	0x82335168
xapilibi	xnotify.cpp	XNotifyCreateListener	0x44	0x823351A0
xapilibi	waitforsingleobject.cpp	WaitForSingleObject	0x54	0x823351E8
xapilibi	resumethread.cpp	ResumeThread	0x58	0x82335240
xapilibi	xthread.cpp	OpenThread	0x7C	0x82335298
xapilibi	xthread.cpp	SetThreadPriority	0x9C	0x82335318
xapilibi	xthread.cpp	GetThreadPriority	0x94	0x823353B8
xapilibi	xthread.cpp	GetExitCodeThread	0x90	0x82335450
xapilibi	xthread.cpp	SetUnhandledExceptionFilter	0x48	0x823354E0
xapilibi	xthread.cpp	XSetThreadProcessor	0xC8	0x82335528
xapilibi	xthread.cpp	UnhandledExceptionFilter	0xA0	0x823355F0
xapilibi	createthread.cpp	CreateThread	0x5C	0x82335690
xapilibi	xmem.cpp	XMemHeapAlloc	0x50	0x823356F0
xapilibi	xmem.cpp	XMemAllocDefault	0x13C	0x82335740
xapilibi	xmem.cpp	XMemFreeDefault	0x60	0x82335880
xapilibi	xmem.cpp	XMemSizeDefault	0x5C	0x823358E0
xapilibi	physical.cpp	XPhysicalAlloc	0x8C	0x82335940
xapilibi	physical.cpp	XPhysicalAllocEx	0x74	0x823359D0
xapilibi	physical.cpp	XPhysicalSize	0x40	0x82335A48
xapilibi	physical.cpp	XPhysicalFree	0x3C	0x82335A88
xapilibi	physical.cpp	XQueryMemoryProtect	0x40	0x82335AC8
xapilibi	virtual.cpp	GlobalMemoryStatus	0x84	0x82335B08
xapilibi	xapi0.cpp	XapiShowErrorAndWait	0xC0	0x82335B90
xapilibi	xapi0.cpp	XapiLookupString	0x9C	0x82335C50
xapilibi	xapi0.cpp	XapiPAL50Incompatible	0x1E8	0x82335CF0
xapilibi	xapi0.cpp	mainCRTStartup	0x1DC	0x82335EE0
xapilibi	rtlerror.cpp	RtlSetLastError	0x44	0x823360C0
xapilibi	rtlerror.cpp	RtlSetLastNTError	0x44	0x82336108
xapilibi	rtlerror.cpp	RtlGetLastError	0x4C	0x82336150
xapilibi	xlaunch.cpp	XLaunchNewImage	0xF4	0x823361A0
xapilibi	waitforsingleobjectex.cpp	WaitForSingleObjectEx	0x7C	0x82336298
xapilibi	xerror.cpp	XapiSetLastNTError	0x40	0x82336318
xapilibi	xapipcreatethread.cpp	XapipCreateThread	0x8C	0x82336358
xapilibi	localalloc.cpp	merged_823363E8	0x54	0x823363E8
xapilibi	localfree.cpp	LocalFree	0x50	0x82336440
xapilibi	xapiheap.cpp	HeapCreate	0x88	0x82336490
xapilibi	xapiheap.cpp	HeapDestroy	0x58	0x82336518
xapilibi	xapiheap.cpp	LocalSize	0x48	0x82336570
xapilibi	setlasterror.cpp	SetLastError	0x38	0x823365B8
xapilibi	virtualallocate.cpp	VirtualAlloc	0x78	0x823365F0
xapilibi	virtualfree.cpp	VirtualFree	0x8C	0x82336668
xapilibi	xgetoverlappedresult.cpp	XGetOverlappedResult	0x9C	0x823366F8
xapilibi	cmdline.cpp	GetCommandLineA	0x2C	0x82336798
xapilibi	xapi0dat.cpp	_cinit	0xE8	0x823367C8
xapilibi	xapi0dat.cpp	_rtinit	0x6C	0x823368B0
xapilibi	xregisterthreadnotifyroutine.cpp	XapiCallThreadNotifyRoutines	0x70	0x82336920
xapilibi	xregisterthreadnotifyroutine.cpp	XRegisterThreadNotifyRoutine	0x74	0x82336990
xapilibi	xapiinit.cpp	XapiInitHeap	0xE4	0x82336A08
xapilibi	xapiinit.cpp	XapiInitProcess	0x60	0x82336AF0
xapilibi	xapiformattimeout.cpp	merged_82336B50	0x60	0x82336B50
xapilibi	xapithreadstartup.cpp	XapiThreadStartup	0x84	0x82336BB8
xapilibi	rtlheap.cpp	NtAllocateVirtualMemoryWrapper	0x50	0x82336C40
xapilibi	rtlheap.cpp	RtlpCreateUnCommittedRange	0x1E8	0x82336C90
xapilibi	rtlheap.cpp	RtlpInsertUnCommittedPages	0x124	0x82336E78
xapilibi	rtlheap.cpp	RtlpFindAndCommitPages	0x2A8	0x82336FA0
xapilibi	rtlheap.cpp	RtlpDestroyHeapSegment	0x84	0x82337248
xapilibi	rtlheap.cpp	RtlpCoalesceFreeBlocks	0x40C	0x823372D0
xapilibi	rtlheap.cpp	RtlpInsertFreeBlock	0x150	0x823376E0
xapilibi	rtlheap.cpp	RtlpGetExtraStuffPointer	0x58	0x82337830
xapilibi	rtlheap.cpp	RtlDestroyHeap	0x11C	0x82337888
xapilibi	rtlheap.cpp	RtlpGrowBlockInPlace	0x588	0x823379A8
xapilibi	rtlheap.cpp	RtlSizeHeap	0xB4	0x82337F30
xapilibi	rtlheap.cpp	RtlpInitializeHeapSegment	0x178	0x82337FE8
xapilibi	rtlheap.cpp	RtlpExtendHeap	0x24C	0x82338160
xapilibi	rtlheap.cpp	RtlpDeCommitFreeBlock	0x368	0x823383B0
xapilibi	rtlheap.cpp	RtlCreateHeap	0x5DC	0x82338720
xapilibi	rtlheap.cpp	RtlAllocateHeap	0x8F8	0x82338D08
xapilibi	rtlheap.cpp	RtlFreeHeap	0x2F8	0x82339608
xapilibi	rtlheap.cpp	RtlReAllocateHeap	0x88C	0x82339908
xapilibi	getprocessheap.cpp	GetProcessHeap	0x2C	0x8233A198
xapilibi	getlasterror.cpp	GetLastError	0x38	0x8233A1C8
xapilibi	xapidebugheap.cpp	XapiInitDebugHeap	0xAC	0x8233A200
LIBCMT	memmovep.cpp	memmove	0xBC	0x8299D830
LIBCMT	crtgpr.cpp	__savegprlr	0x50	0x8299D8F0
LIBCMT	crtgpr.cpp	__restgprlr	0x54	0x8299D940
LIBCMT	crtgpr.cpp	merged_8299D994	0xC	0x8299D994
LIBCMT	strstr.cpp	strstr	0x78	0x8299D9A0
LIBCMT	fpinit.cpp	_cfltcvt_init	0x94	0x8299DA18
LIBCMT	fpinit.cpp	_fpmath	0x4	0x8299DAB0
LIBCMT	rtti.cpp	?FindSITargetTypeInstance@@YAPBU_s_RTTIBaseClassDescriptor@@PBU_s_RTTICompleteObjectLocator@@PAUTypeDescriptor@@1@Z	0x100	0x8299DAB8
LIBCMT	rtti.cpp	merged_8299DBB8	0x54	0x8299DBB8
LIBCMT	rtti.cpp	??0__non_rtti_object@std@@QAA@PBD@Z	0x3C	0x8299DC10
LIBCMT	rtti.cpp	merged_8299DC50	0x10	0x8299DC50
LIBCMT	rtti.cpp	merged_8299DC60	0x58	0x8299DC60
LIBCMT	rtti.cpp	__RTtypeid	0xE0	0x8299DCC0
LIBCMT	rtti.cpp	?FindMITargetTypeInstance@@YAPBU_s_RTTIBaseClassDescriptor@@PAXPBU_s_RTTICompleteObjectLocator@@PAUTypeDescriptor@@H2@Z	0x1B8	0x8299DDA0
LIBCMT	rtti.cpp	?FindVITargetTypeInstance@@YAPBU_s_RTTIBaseClassDescriptor@@PAXPBU_s_RTTICompleteObjectLocator@@PAUTypeDescriptor@@H2@Z	0x238	0x8299DF58
LIBCMT	rtti.cpp	merged_8299E190	0x54	0x8299E190
LIBCMT	rtti.cpp	??0__non_rtti_object@std@@QAA@ABV01@@Z	0x3C	0x8299E1E8
LIBCMT	rtti.cpp	__RTDynamicCast	0x18C	0x8299E230
LIBCMT	typinfo.cpp	?name@type_info@@QBAPBDPAU__type_info_node@@@Z	0x4	0x8299E3C0
LIBCMT	typinfo.cpp	merged_8299E3C8	0x58	0x8299E3C8
LIBCMT	trnsctrl.cpp	_SaveUnwindContext	0x30	0x8299E420
LIBCMT	trnsctrl.cpp	_GetUnwindContext	0x24	0x8299E450
LIBCMT	trnsctrl.cpp	?_GetEstablisherFrame@@YAPAKPAKPBU_s_FuncInfo@@@Z	0x20	0x8299E478
LIBCMT	trnsctrl.cpp	_MoveContext	0x8	0x8299E498
LIBCMT	trnsctrl.cpp	?_ExecutionInCatch@@YAHPAU_xDISPATCHER_CONTEXT@@PBU_s_FuncInfo@@@Z	0x84	0x8299E4A0
LIBCMT	trnsctrl.cpp	?__FrameUnwindToEmptyState@@YAXPAKPAU_xDISPATCHER_CONTEXT@@PBU_s_FuncInfo@@@Z	0xB8	0x8299E528
LIBCMT	trnsctrl.cpp	__CxxFrameHandler	0x38	0x8299E5E0
LIBCMT	trnsctrl.cpp	?__SehTransFilter@@YAHPAU_EXCEPTION_POINTERS@@PAUEHExceptionRecord@@PAKPAU_CONTEXT@@PAU_xDISPATCHER_CONTEXT@@PBU_s_FuncInfo@@PAH@Z	0x74	0x8299E618
LIBCMT	trnsctrl.cpp	_CallSETranslator	0xC0	0x8299E698
LIBCMT	trnsctrl.cpp	?_GetRangeOfTrysToCheck@@YAPBU_s_TryBlockMapEntry@@PAKPBU_s_FuncInfo@@HPAI2PAU_xDISPATCHER_CONTEXT@@@Z	0x154	0x8299E758
LIBCMT	trnsctrl.cpp	_CreateFrameInfo	0xB4	0x8299E8B0
LIBCMT	trnsctrl.cpp	_IsExceptionObjectToBeDestroyed	0x58	0x8299E968
LIBCMT	trnsctrl.cpp	_FindAndUnlinkFrame	0xA8	0x8299E9C0
LIBCMT	onexit.cpp	__onexitinit	0x54	0x8299EA68
LIBCMT	onexit.cpp	_onexit	0x104	0x8299EAC8
LIBCMT	onexit.cpp	atexit	0x28	0x8299EBD0
LIBCMT	crtfpr.cpp	__savefpr	0x4C	0x8299EC00
LIBCMT	crtfpr.cpp	__restfpr	0x4C	0x8299EC4C
LIBCMT	_ctype.cpp	isalpha	0x1C	0x8299EC98
LIBCMT	_ctype.cpp	isupper	0x1C	0x8299ECB8
LIBCMT	_ctype.cpp	islower	0x1C	0x8299ECD8
LIBCMT	_ctype.cpp	isdigit	0x1C	0x8299ECF8
LIBCMT	_ctype.cpp	isxdigit	0x1C	0x8299ED18
LIBCMT	_ctype.cpp	isspace	0x1C	0x8299ED38
LIBCMT	_ctype.cpp	isalnum	0x1C	0x8299ED58
LIBCMT	_ctype.cpp	isprint	0x1C	0x8299ED78
LIBCMT	_ctype.cpp	isgraph	0x1C	0x8299ED98
LIBCMT	memsetp.cpp	memset	0xA0	0x8299EDC0
LIBCMT	fclose.cpp	_fclose_nolock	0x9C	0x8299EE60
LIBCMT	fclose.cpp	fclose	0xFC	0x8299EF08
LIBCMT	fopen.cpp	_fsopen	0x15C	0x8299F010
LIBCMT	fopen.cpp	fopen	0x8	0x8299F170
LIBCMT	fopen.cpp	fopen_s	0x74	0x8299F178
LIBCMT	crt0dat.cpp	__crtExitProcess	0x8	0x8299F1F0
LIBCMT	crt0dat.cpp	_lockexit	0x8	0x8299F1F8
LIBCMT	crt0dat.cpp	_unlockexit	0x8	0x8299F200
LIBCMT	crt0dat.cpp	_init_pointers	0x3C	0x8299F208
LIBCMT	crt0dat.cpp	_initterm	0x58	0x8299F248
LIBCMT	crt0dat.cpp	doexit	0x1C4	0x8299F2A8
LIBCMT	crt0dat.cpp	exit	0xC	0x8299F470
LIBCMT	crt0dat.cpp	_exit	0xC	0x8299F480
LIBCMT	crt0dat.cpp	_cexit	0xC	0x8299F490
LIBCMT	crt0dat.cpp	_amsg_exit	0x2C	0x8299F4A0
LIBCMT	tidtable.cpp	__fls_getvalue	0x4	0x8299F4D0
LIBCMT	tidtable.cpp	__get_flsindex	0xC	0x8299F4D8
LIBCMT	tidtable.cpp	__fls_setvalue	0x4	0x8299F4E8
LIBCMT	tidtable.cpp	_mtterm	0x44	0x8299F4F0
LIBCMT	tidtable.cpp	_initptd	0x20	0x8299F538
LIBCMT	tidtable.cpp	_getptd_noexit	0xD4	0x8299F558
LIBCMT	tidtable.cpp	_getptd	0x3C	0x8299F630
LIBCMT	tidtable.cpp	_freefls	0xC0	0x8299F670
LIBCMT	tidtable.cpp	_freeptd	0x6C	0x8299F730
LIBCMT	tidtable.cpp	_mtinit	0xD8	0x8299F7A0
LIBCMT	typname.cpp	?_Type_info_dtor@type_info@@CAXPAV1@@Z	0xCC	0x8299F880
LIBCMT	typname.cpp	?_Name_base@type_info@@CAPBDPBV1@PAU__type_info_node@@@Z	0x178	0x8299F958
LIBCMT	purevirt.cpp	_purecall	0x4C	0x8299FAD0
LIBCMT	throw.cpp	_CxxThrowException	0x84	0x8299FB20
LIBCMT	memcpyp.cpp	memcpy	0x488	0x8299FBB0
LIBCMT	memcpyp.cpp	_blkmov	0xA8	0x829A0038
LIBCMT	ceil.cpp	ceil	0x3C	0x829A00E0
LIBCMT	free.cpp	free	0x5C	0x829A0120
LIBCMT	strcpy_s.cpp	strcpy_s	0xB4	0x829A0180
LIBCMT	malloc.cpp	malloc	0xC8	0x829A0238
LIBCMT	strncpy.cpp	strncpy	0x5C	0x829A0300
LIBCMT	mdsstrncmp.cpp	strncmp	0x4C	0x829A0360
LIBCMT	ehvecdtr.cpp	?__ArrayUnwind@@YAXPAXIHP6AX0@Z@Z	0xD0	0x829A03B8
LIBCMT	ehvecdtr.cpp	??_M@YAXPAXIHP6AX0@Z@Z	0x124	0x829A0490
LIBCMT	ehvecctr.cpp	??_L@YAXPAXIHP6AX0@Z1@Z	0x110	0x829A05C0
LIBCMT	floor.cpp	floor	0x3C	0x829A06D0
LIBCMT	asincos.cpp	_asincos	0xF8	0x829A0710
LIBCMT	asincos.cpp	asin	0xC8	0x829A0808
LIBCMT	asincos.cpp	acos	0x8	0x829A08D0
LIBCMT	sincos.cpp	sin	0xE0	0x829A08D8
LIBCMT	sincos.cpp	cos	0xE0	0x829A09B8
LIBCMT	tan.cpp	tan	0xD4	0x829A0A98
LIBCMT	pow.cpp	_d_inttype	0x6C	0x829A0B70
LIBCMT	pow.cpp	_powhlp	0x188	0x829A0BE0
LIBCMT	pow.cpp	pow	0x4E4	0x829A0D68
LIBCMT	atan.cpp	atan	0xE4	0x829A1250
LIBCMT	atan.cpp	atan2	0x130	0x829A1338
LIBCMT	fmod.cpp	fmod	0x184	0x829A1468
LIBCMT	atox.cpp	merged_atoi	0xC	0x829A15F0
LIBCMT	strchrp.cpp	strchr	0x3C	0x829A1600
LIBCMT	strrchrp.cpp	strrchr	0x58	0x829A1640
LIBCMT	rand.cpp	srand	0x30	0x829A1698
LIBCMT	rand.cpp	rand	0x40	0x829A16C8
LIBCMT	wcslen.cpp	wcslen	0x24	0x829A1708
LIBCMT	mbstowcs.cpp	_mbstowcs_l_helper	0xB0	0x829A1730
LIBCMT	mbstowcs.cpp	_mbstowcs_s_l	0x120	0x829A17E0
LIBCMT	mbstowcs.cpp	mbstowcs_s	0x8	0x829A1900
LIBCMT	vsnprnc.cpp	_vsnprintf_helper	0x120	0x829A1908
LIBCMT	vsnprnc.cpp	_vsprintf_s_l	0x98	0x829A1A28
LIBCMT	vsnprnc.cpp	vsprintf_s	0xC	0x829A1AC0
LIBCMT	snprintf.cpp	_snprintf	0x100	0x829A1AD0
LIBCMT	tolower.cpp	_tolower	0x8	0x829A1BD0
LIBCMT	tolower.cpp	tolower	0x18	0x829A1BD8
LIBCMT	printf.cpp	printf	0xF8	0x829A1BF8
LIBCMT	printf.cpp	_get_printf_count_output	0x24	0x829A1CF0
LIBCMT	log.cpp	log	0x18C	0x829A1D18
LIBCMT	log.cpp	log10	0x2C	0x829A1EA8
LIBCMT	fread.cpp	_fread_nolock_s	0x28C	0x829A1ED8
LIBCMT	fread.cpp	fread_s	0x10C	0x829A2170
LIBCMT	fread.cpp	fread	0x14	0x829A2280
LIBCMT	ftell.cpp	_ftell_nolock	0x220	0x829A2298
LIBCMT	ftell.cpp	ftell	0xDC	0x829A24C0
LIBCMT	fseek.cpp	_fseek_nolock	0xC8	0x829A25A0
LIBCMT	fseek.cpp	fseek	0xEC	0x829A2670
LIBCMT	sprintf.cpp	sprintf	0xE4	0x829A2760
LIBCMT	sprintf.cpp	sprintf_s	0x4C	0x829A2848
LIBCMT	ppcsecgs.cpp	__security_check_cookie	0x18	0x829A2898
LIBCMT	calloc.cpp	calloc	0x64	0x829A28B0
LIBCMT	realloc.cpp	realloc	0xF0	0x829A2918
LIBCMT	fwrite.cpp	_fwrite_nolock	0x264	0x829A2A08
LIBCMT	fwrite.cpp	fwrite	0xEC	0x829A2C78
LIBCMT	_file.cpp	__iob_func	0xC	0x829A2D68
LIBCMT	_file.cpp	__initstdio	0x124	0x829A2D78
LIBCMT	_file.cpp	__endstdio	0x40	0x829A2EA0
LIBCMT	_file.cpp	_lock_file	0x6C	0x829A2EE0
LIBCMT	_file.cpp	_lock_file2	0x50	0x829A2F50
LIBCMT	_file.cpp	_unlock_file	0x40	0x829A2FA0
LIBCMT	_file.cpp	_unlock_file2	0x24	0x829A2FE0
LIBCMT	strtol.cpp	?strtoxl@@YAKPAUlocaleinfo_struct@@PBDPAPBDHH@Z	0x2D8	0x829A3008
LIBCMT	strtol.cpp	strtol	0x8	0x829A32E0
LIBCMT	strtol.cpp	strtoul	0x8	0x829A32E8
LIBCMT	sscanf.cpp	vscan_fn	0xC8	0x829A32F0
LIBCMT	sscanf.cpp	sscanf	0x60	0x829A33B8
LIBCMT	sscanf.cpp	sscanf_s	0x60	0x829A3418
LIBCMT	time64.cpp	_time64	0x80	0x829A3478
LIBCMT	dosmap.cpp	_get_errno_from_oserr	0x70	0x829A34F8
LIBCMT	dosmap.cpp	_errno	0x38	0x829A3568
LIBCMT	dosmap.cpp	__doserrno	0x38	0x829A35A0
LIBCMT	dosmap.cpp	_dosmaperr	0x70	0x829A35D8
LIBCMT	fflush.cpp	_flush	0x94	0x829A3648
LIBCMT	fflush.cpp	_fflush_nolock	0x78	0x829A36E0
LIBCMT	fflush.cpp	flsall	0x1D8	0x829A3760
LIBCMT	fflush.cpp	fflush	0xF4	0x829A3940
LIBCMT	fflush.cpp	_flushall	0x8	0x829A3A38
LIBCMT	strtoq.cpp	?strtoxq@@YA_KPAUlocaleinfo_struct@@PBDPAPBDHH@Z	0x2BC	0x829A3A40
LIBCMT	strtoq.cpp	_strtoi64	0x8	0x829A3D00
LIBCMT	strtoq.cpp	_strtoui64	0x8	0x829A3D08
LIBCMT	memchrp.cpp	memchr	0x3C	0x829A3D10
LIBCMT	fgets.cpp	fgets	0x234	0x829A3D58
LIBCMT	qsort.cpp	qsort	0x384	0x829A3F90
LIBCMT	fputs.cpp	fputs	0x1D0	0x829A4320
LIBCMT	vsprintf.cpp	_vsprintf_l	0xC4	0x829A44F0
LIBCMT	vsprintf.cpp	vsprintf	0xC	0x829A45B8
LIBCMT	vsnprint.cpp	_vsnprintf_l	0xE4	0x829A45C8
LIBCMT	vsnprint.cpp	merged_vsnprintf	0xC	0x829A46B0
LIBCMT	strnicmp.cpp	__ascii_strnicmp	0x68	0x829A46C0
LIBCMT	strnicmp.cpp	strnicmp	0x7C	0x829A4728
LIBCMT	vprintf.cpp	vprintf	0x18	0x829A47A8
LIBCMT	fstat64.cpp	_fstat64	0x364	0x829A47C8
LIBCMT	lseeki64.cpp	_lseeki64_nolock	0xC8	0x829A4B30
LIBCMT	lseeki64.cpp	_lseeki64	0x180	0x829A4C00
LIBCMT	fputc.cpp	fputc	0x208	0x829A4D88
LIBCMT	strerror.cpp	_get_sys_err_msg	0x54	0x829A4F90
LIBCMT	strerror.cpp	strerror	0xAC	0x829A4FE8
LIBCMT	threadex.cpp	_callthreadstartex	0x80	0x829A50A0
LIBCMT	threadex.cpp	_threadstartex	0x8C	0x829A5120
LIBCMT	threadex.cpp	_beginthreadex	0xD8	0x829A51B0
LIBCMT	stat64.cpp	_stat64	0x288	0x829A5288
LIBCMT	gmtime64.cpp	_gmtime64_s	0x274	0x829A5510
LIBCMT	gmtime64.cpp	_gmtime64	0x5C	0x829A5788
LIBCMT	strtok.cpp	strtok	0x11C	0x829A57E8
LIBCMT	stricmpp.cpp	stricmp	0x54	0x829A5910
LIBCMT	atof.cpp	_atof_l	0xBC	0x829A5968
LIBCMT	atof.cpp	atof	0x8	0x829A5A28
LIBCMT	fprintf.cpp	fprintf	0x1C0	0x829A5A38
LIBCMT	vswprnc.cpp	_vswprintf_helper	0x16C	0x829A5C00
LIBCMT	vswprnc.cpp	_vswprintf_s_l	0x98	0x829A5D70
LIBCMT	vswprnc.cpp	vswprintf_s	0xC	0x829A5E08
LIBCMT	wcstombs.cpp	_wcstombs_l_helper	0x2CC	0x829A5E18
LIBCMT	wcstombs.cpp	wcstombs	0x8	0x829A60E8
LIBCMT	wcstombs.cpp	_wcstombs_s_l	0x124	0x829A60F0
LIBCMT	wcstombs.cpp	wcstombs_s	0x8	0x829A6218
LIBCMT	wcsncpy.cpp	wcsncpy	0x5C	0x829A6220
LIBCMT	strncat.cpp	strncat	0x50	0x829A6280
LIBCMT	lseek.cpp	_lseek_nolock	0xB8	0x829A62D0
LIBCMT	lseek.cpp	_lseek	0x17C	0x829A6390
LIBCMT	close.cpp	_close_nolock	0xDC	0x829A6510
LIBCMT	close.cpp	merged_829A65F8	0x160	0x829A65F8
LIBCMT	openo.cpp	?_open@@YAHPBDHH@Z	0x40	0x829A6758
LIBCMT	write.cpp	_write_nolock	0x240	0x829A6798
LIBCMT	write.cpp	_write	0x17C	0x829A69E0
LIBCMT	wcsncpy_s.cpp	wcsncpy_s	0x148	0x829A6B60
LIBCMT	wcsncat_s.cpp	wcsncat_s	0x16C	0x829A6CA8
LIBCMT	strcspn.cpp	strcspn	0xB4	0x829A6E18
LIBCMT	wcscspn.cpp	wcscspn	0x54	0x829A6ED0
LIBCMT	strlen_s.cpp	strnlen	0x30	0x829A6F28
LIBCMT	gcvt.cpp	_gcvt_s	0x188	0x829A6F58
LIBCMT	strtok_s.cpp	strtok_s	0x140	0x829A70E0
LIBCMT	u64tod.cpp	__u64tod	0x28	0x829A7220
LIBCMT	swscanf.cpp	vscan_fn	0xBC	0x829A7248
LIBCMT	swscanf.cpp	swscanf	0x60	0x829A7308
LIBCMT	swscanf.cpp	swscanf_s	0x60	0x829A7368
LIBCMT	chkstk.cpp	_RtlCheckStack	0x4	0x829A73D0
LIBCMT	chkstk.cpp	_RtlCheckStack12	0x24	0x829A73D4
LIBCMT	wcschr.cpp	wcschr	0x3C	0x829A73F8
LIBCMT	wcscat.cpp	wcscpy	0x1C	0x829A7438
LIBCMT	modf.cpp	modf	0x130	0x829A7458
LIBCMT	toupper.cpp	_toupper	0x8	0x829A7588
LIBCMT	toupper.cpp	toupper	0x18	0x829A7590
LIBCMT	strlwr.cpp	strlwr	0x74	0x829A75A8
LIBCMT	strdup.cpp	strdup	0x90	0x829A7620
LIBCMT	fileno.cpp	fileno	0x40	0x829A76B0
LIBCMT	open.cpp	_tsopen_nolock	0x51C	0x829A76F0
LIBCMT	open.cpp	merged_829A7C18	0x168	0x829A7C18
LIBCMT	open.cpp	_sopen_helper	0x184	0x829A7D88
LIBCMT	open.cpp	_sopen_s	0x20	0x829A7F10
LIBCMT	read.cpp	_read_nolock	0x618	0x829A7F30
LIBCMT	read.cpp	merged_829A8550	0x1A8	0x829A8550
LIBCMT	xtoa.cpp	?xtoa@@YAXKPADIH@Z	0x90	0x829A86F8
LIBCMT	xtoa.cpp	merged_829A8788	0x40	0x829A8788
LIBCMT	xtoa.cpp	_ultoa	0x2C	0x829A87C8
LIBCMT	cvt.cpp	_forcdecpt_l	0x9C	0x829A87F8
LIBCMT	cvt.cpp	_cropzeros_l	0xB0	0x829A8898
LIBCMT	cvt.cpp	_positive	0x20	0x829A8948
LIBCMT	cvt.cpp	_fassign_l	0x5C	0x829A8968
LIBCMT	cvt.cpp	_fassign	0x8	0x829A89C8
LIBCMT	cvt.cpp	_forcdecpt	0x8	0x829A89D0
LIBCMT	cvt.cpp	_cropzeros	0x8	0x829A89D8
LIBCMT	cvt.cpp	_cftoe2_l	0x250	0x829A89E0
LIBCMT	cvt.cpp	_cftoe_l	0xF0	0x829A8C30
LIBCMT	cvt.cpp	_cftoe	0x8	0x829A8D20
LIBCMT	cvt.cpp	_cftoa_l	0x410	0x829A8D28
LIBCMT	cvt.cpp	_cftof2_l	0x1B4	0x829A9138
LIBCMT	cvt.cpp	_cftof_l	0xCC	0x829A92F0
LIBCMT	cvt.cpp	_cftof	0x8	0x829A93C0
LIBCMT	cvt.cpp	_cftog_l	0x130	0x829A93C8
LIBCMT	cvt.cpp	_cfltcvt_l	0x4C	0x829A94F8
LIBCMT	cvt.cpp	_cfltcvt	0x54	0x829A9548
LIBCMT	ehstate.cpp	?__StateFromControlPc@@YAHPBU_s_FuncInfo@@K@Z	0xB8	0x829A95A0
LIBCMT	ehstate.cpp	?GetCurrentState@@YAHPAKPAU_xDISPATCHER_CONTEXT@@PBU_s_FuncInfo@@@Z	0x3C	0x829A9658
LIBCMT	ehstate.cpp	?SetState@@YAXPAKPAU_xDISPATCHER_CONTEXT@@PBU_s_FuncInfo@@H@Z	0x20	0x829A9698
LIBCMT	frame.cpp	__TypeMatch	0xAC	0x829A96B8
LIBCMT	frame.cpp	__FrameUnwindFilter	0x84	0x829A9768
LIBCMT	frame.cpp	__FrameUnwindToState	0x1E0	0x829A97F8
LIBCMT	frame.cpp	SkipUnwoundFrames	0x3C	0x829A99D8
LIBCMT	frame.cpp	__DestructExceptionObject	0xA8	0x829A9A20
LIBCMT	frame.cpp	CallCatchBlock	0xC4	0x829A9AC8
LIBCMT	frame.cpp	__BuildCatchObjectHelper	0x288	0x829A9B98
LIBCMT	frame.cpp	__BuildCatchObject	0x12C	0x829A9E28
LIBCMT	frame.cpp	?CatchIt@@YAXPAUEHExceptionRecord@@PAKPAU_CONTEXT@@PAU_xDISPATCHER_CONTEXT@@PBU_s_FuncInfo@@PBU_s_HandlerType@@PBU_s_CatchableType@@PBU_s_TryBlockMapEntry@@H1E@Z	0x144	0x829A9F58
LIBCMT	frame.cpp	?FindHandlerForForeignException@@YAXPAUEHExceptionRecord@@PAKPAU_CONTEXT@@PAU_xDISPATCHER_CONTEXT@@PBU_s_FuncInfo@@HH1@Z	0x178	0x829AA0A0
LIBCMT	frame.cpp	?FindHandler@@YAXPAUEHExceptionRecord@@PAKPAU_CONTEXT@@PAU_xDISPATCHER_CONTEXT@@PBU_s_FuncInfo@@EH1@Z	0x2B0	0x829AA218
LIBCMT	frame.cpp	__InternalCxxFrameHandler	0x214	0x829AA4D0
LIBCMT	hooks.cpp	?terminate@@YAXXZ	0x58	0x829AA6F0
LIBCMT	hooks.cpp	?_inconsistency@@YAXXZ	0x50	0x829AA750
LIBCMT	hooks.cpp	_initp_eh_hooks	0x14	0x829AA7A0
LIBCMT	msize.cpp	_msize	0x58	0x829AA7B8
LIBCMT	isctype.cpp	_isctype_l	0x34	0x829AA810
LIBCMT	_freebuf.cpp	_freebuf	0x68	0x829AA848
LIBCMT	invarg.cpp	_initp_misc_invarg	0xC	0x829AA8B0
LIBCMT	invarg.cpp	_invalid_parameter_noinfo	0x34	0x829AA8C0
LIBCMT	invarg.cpp	_call_reportfault	0x9C	0x829AA8F8
LIBCMT	invarg.cpp	_invoke_watson	0x28	0x829AA998
LIBCMT	_open.cpp	_openfile	0x240	0x829AA9C0
LIBCMT	stream.cpp	_getstream	0x1B0	0x829AAC08
LIBCMT	jmpuwind.cpp	__jump_unwind	0x28	0x829AADC0
LIBCMT	mlock.cpp	_mtdeletelocks	0x6C	0x829AADE8
LIBCMT	mlock.cpp	_unlock	0x14	0x829AAE58
LIBCMT	mlock.cpp	__crtInitCritSecAndSpinCount	0x94	0x829AAE78
LIBCMT	mlock.cpp	_mtinitlocks	0x80	0x829AAF10
LIBCMT	mlock.cpp	_mtinitlocknum	0x13C	0x829AAF98
LIBCMT	mlock.cpp	_lock	0x60	0x829AB0D8
LIBCMT	inithelp.cpp	_initp_misc_purevirt	0xC	0x829AB138
LIBCMT	handler.cpp	_initp_heap_handler	0xC	0x829AB148
LIBCMT	handler.cpp	_callnewh	0x44	0x829AB158
LIBCMT	crt0msg.cpp	_GET_RTERRMSG	0x44	0x829AB1A0
LIBCMT	crt0msg.cpp	_NMSG_WRITE	0x2C	0x829AB1E8
LIBCMT	crt0msg.cpp	_FF_MSGBANNER	0x44	0x829AB218
LIBCMT	winxfltr.cpp	_XcptFilter	0x1E4	0x829AB260
LIBCMT	thread.cpp	_mtxthreadnotification	0x10	0x829AB448
LIBCMT	undname.cpp	?Destructor@_HeapManager@@QAAXXZ	0x64	0x829AB458
LIBCMT	undname.cpp	?getNumberOfDimensions@UnDecorator@@CAHXZ	0x94	0x829AB4C0
LIBCMT	undname.cpp	?getTypeEncoding@UnDecorator@@CAHXZ	0x4E8	0x829AB558
LIBCMT	undname.cpp	?getMemory@_HeapManager@@QAAPAXIH@Z	0xEC	0x829ABA40
LIBCMT	undname.cpp	?getString@charNode@@UBAPADPAD0@Z	0x1C	0x829ABB30
LIBCMT	undname.cpp	?length@pDNameNode@@UBAHXZ	0x30	0x829ABB50
LIBCMT	undname.cpp	?getLastChar@pDNameNode@@UBADXZ	0x30	0x829ABB80
LIBCMT	undname.cpp	?getString@pDNameNode@@UBAPADPAD0@Z	0x30	0x829ABBB0
LIBCMT	undname.cpp	?getLastChar@DNameStatusNode@@UBADXZ	0x1C	0x829ABBE0
LIBCMT	undname.cpp	?make@DNameStatusNode@@SAPAV1@W4DNameStatus@@@Z	0xA8	0x829ABC00
LIBCMT	undname.cpp	?length@pairNode@@UBAHXZ	0x60	0x829ABCA8
LIBCMT	undname.cpp	?getLastChar@pairNode@@UBADXZ	0x58	0x829ABD08
LIBCMT	undname.cpp	?getString@pairNode@@UBAPADPAD0@Z	0x70	0x829ABD60
LIBCMT	undname.cpp	??0UnDecorator@@QAA@PADPBDHP6APADJ@ZK@Z	0x8C	0x829ABDD0
LIBCMT	undname.cpp	?getDataIndirectType@UnDecorator@@CA?AVDName@@XZ	0x68	0x829ABE60
LIBCMT	undname.cpp	?getThisType@UnDecorator@@CA?AVDName@@XZ	0x68	0x829ABEC8
LIBCMT	undname.cpp	??0DName@@QAA@PAV0@@Z	0xC4	0x829ABF30
LIBCMT	undname.cpp	??0DName@@QAA@W4DNameStatus@@@Z	0x78	0x829ABFF8
LIBCMT	undname.cpp	?getString@DName@@QBAPADPADH@Z	0xB4	0x829AC070
LIBCMT	undname.cpp	?append@DName@@AAAXPAVDNameNode@@@Z	0x98	0x829AC128
LIBCMT	undname.cpp	??4DName@@QAAAAV0@W4DNameStatus@@@Z	0x64	0x829AC1C0
LIBCMT	undname.cpp	??YReplicator@@QAAAAV0@ABVDName@@@Z	0xA8	0x829AC228
LIBCMT	undname.cpp	??AReplicator@@QBA?AVDName@@H@Z	0x64	0x829AC2D0
LIBCMT	undname.cpp	??0pcharNode@@QAA@PBDH@Z	0x98	0x829AC338
LIBCMT	undname.cpp	?getLastChar@pcharNode@@UBADXZ	0x24	0x829AC3D0
LIBCMT	undname.cpp	?getString@pcharNode@@UBAPADPAD0@Z	0x44	0x829AC3F8
LIBCMT	undname.cpp	?getString@DNameStatusNode@@UBAPADPAD0@Z	0x5C	0x829AC440
LIBCMT	undname.cpp	?getReturnType@UnDecorator@@CA?AVDName@@PAV2@@Z	0x54	0x829AC4A0
LIBCMT	undname.cpp	??YDName@@QAAAAV0@W4DNameStatus@@@Z	0x84	0x829AC4F8
LIBCMT	undname.cpp	?doPchar@DName@@AAAXPBDH@Z	0xE8	0x829AC580
LIBCMT	undname.cpp	merged_829AC668	0x54	0x829AC668
LIBCMT	undname.cpp	??0DName@@QAA@PBD@Z	0x70	0x829AC6C0
LIBCMT	undname.cpp	??0DName@@QAA@AAPBDD@Z	0x154	0x829AC730
LIBCMT	undname.cpp	??0DName@@QAA@_K@Z	0x80	0x829AC888
LIBCMT	undname.cpp	??0DName@@QAA@_J@Z	0xA0	0x829AC908
LIBCMT	undname.cpp	??YDName@@QAAAAV0@ABV0@@Z	0x88	0x829AC9A8
LIBCMT	undname.cpp	??4DName@@QAAAAV0@PBD@Z	0x5C	0x829ACA30
LIBCMT	undname.cpp	?getCallingConvention@UnDecorator@@CA?AVDName@@XZ	0x1EC	0x829ACA90
LIBCMT	undname.cpp	?getVCallThunkType@UnDecorator@@CA?AVDName@@XZ	0x80	0x829ACC80
LIBCMT	undname.cpp	??YDName@@QAAAAV0@D@Z	0xA8	0x829ACD00
LIBCMT	undname.cpp	??YDName@@QAAAAV0@PBD@Z	0xC8	0x829ACDA8
LIBCMT	undname.cpp	?getArgumentList@UnDecorator@@CA?AVDName@@XZ	0x154	0x829ACE70
LIBCMT	undname.cpp	?getVdispMapType@UnDecorator@@CA?AVDName@@ABV2@@Z	0x88	0x829ACFC8
LIBCMT	undname.cpp	??H@YA?AVDName@@DABV0@@Z	0x60	0x829AD050
LIBCMT	undname.cpp	??H@YA?AVDName@@W4DNameStatus@@ABV0@@Z	0x60	0x829AD0B0
LIBCMT	undname.cpp	??H@YA?AVDName@@PBDABV0@@Z	0x60	0x829AD110
LIBCMT	undname.cpp	?getDimension@UnDecorator@@CA?AVDName@@_N@Z	0x18C	0x829AD170
LIBCMT	undname.cpp	?getEnumType@UnDecorator@@CA?AVDName@@XZ	0x144	0x829AD300
LIBCMT	undname.cpp	?getArgumentTypes@UnDecorator@@CA?AVDName@@XZ	0x148	0x829AD448
LIBCMT	undname.cpp	?getThrowTypes@UnDecorator@@CA?AVDName@@XZ	0xE0	0x829AD590
LIBCMT	undname.cpp	?getExtendedDataIndirectType@UnDecorator@@CA?AVDName@@AAPBDAA_NH@Z	0x1D8	0x829AD670
LIBCMT	undname.cpp	?getArrayType@UnDecorator@@CA?AVDName@@ABV2@@Z	0x274	0x829AD848
LIBCMT	undname.cpp	?getLexicalFrame@UnDecorator@@CA?AVDName@@XZ	0x68	0x829ADAC0
LIBCMT	undname.cpp	?getVfTableType@UnDecorator@@CA?AVDName@@ABV2@@Z	0x1F4	0x829ADB28
LIBCMT	undname.cpp	?getStringEncoding@UnDecorator@@CA?AVDName@@PADH@Z	0xF8	0x829ADD20
LIBCMT	undname.cpp	?getSignedDimension@UnDecorator@@CA?AVDName@@XZ	0x84	0x829ADE18
LIBCMT	undname.cpp	?getTemplateConstant@UnDecorator@@CA?AVDName@@XZ	0x380	0x829ADEA0
LIBCMT	undname.cpp	?getPtrRefDataType@UnDecorator@@CA?AVDName@@ABV2@H@Z	0x114	0x829AE220
LIBCMT	undname.cpp	?getTemplateArgumentList@UnDecorator@@CA?AVDName@@XZ	0x224	0x829AE338
LIBCMT	undname.cpp	?getOperatorName@UnDecorator@@CA?AVDName@@_NPA_N@Z	0x72C	0x829AE560
LIBCMT	undname.cpp	?getTemplateName@UnDecorator@@CA?AVDName@@_N@Z	0x1A0	0x829AEC90
LIBCMT	undname.cpp	?getZName@UnDecorator@@CA?AVDName@@_N0@Z	0x290	0x829AEE30
LIBCMT	undname.cpp	?getScopedName@UnDecorator@@CA?AVDName@@XZ	0x14C	0x829AF0C0
LIBCMT	undname.cpp	?getECSUDataType@UnDecorator@@CA?AVDName@@XZ	0x168	0x829AF210
LIBCMT	undname.cpp	?getSymbolName@UnDecorator@@CA?AVDName@@XZ	0x7C	0x829AF378
LIBCMT	undname.cpp	?getBasedType@UnDecorator@@CA?AVDName@@XZ	0x100	0x829AF3F8
LIBCMT	undname.cpp	?composeDeclaration@UnDecorator@@CA?AVDName@@ABV2@@Z	0xDAC	0x829AF4F8
LIBCMT	undname.cpp	?getDecoratedName@UnDecorator@@CA?AVDName@@XZ	0x2E8	0x829B02A8
LIBCMT	undname.cpp	?getScope@UnDecorator@@CA?AVDName@@XZ	0x360	0x829B0590
LIBCMT	undname.cpp	?getFunctionIndirectType@UnDecorator@@CA?AVDName@@ABV2@@Z	0x424	0x829B08F0
LIBCMT	undname.cpp	?getDataIndirectType@UnDecorator@@CA?AVDName@@ABV2@PBD0H@Z	0x6C8	0x829B0D18
LIBCMT	undname.cpp	??BUnDecorator@@QAAPADXZ	0x204	0x829B13E0
LIBCMT	undname.cpp	?getPtrRefType@UnDecorator@@CA?AVDName@@ABV2@0PBD@Z	0x158	0x829B15E8
LIBCMT	undname.cpp	__unDName	0xE8	0x829B1748
LIBCMT	undname.cpp	?getBasicDataType@UnDecorator@@CA?AVDName@@ABV2@@Z	0x438	0x829B1830
LIBCMT	undname.cpp	?getPrimaryDataType@UnDecorator@@CA?AVDName@@ABV2@@Z	0x204	0x829B1C68
LIBCMT	undname.cpp	?getDataType@UnDecorator@@CA?AVDName@@PAV2@@Z	0xFC	0x829B1E70
LIBCMT	undname.cpp	?getExternalDataType@UnDecorator@@CA?AVDName@@ABV2@@Z	0x9C	0x829B1F70
LIBCMT	abort.cpp	abort	0x4C	0x829B2010
LIBCMT	abort.cpp	_set_abort_behavior	0x1C	0x829B2060
LIBCMT	util.cpp	_set_exp	0x28	0x829B2080
LIBCMT	util.cpp	_get_exp	0x18	0x829B20A8
LIBCMT	util.cpp	_add_exp	0x34	0x829B20C0
LIBCMT	util.cpp	_sptype	0x84	0x829B20F8
LIBCMT	util.cpp	_decomp	0xF4	0x829B2180
LIBCMT	ieeemisc.cpp	_copysign	0x34	0x829B2278
LIBCMT	ieeemisc.cpp	_chgsign	0x30	0x829B22B0
LIBCMT	ieeemisc.cpp	_finite	0x1C	0x829B22E0
LIBCMT	ieeemisc.cpp	_isnan	0x44	0x829B2300
LIBCMT	ieeemisc.cpp	_fpclass	0xD4	0x829B2348
LIBCMT	_flsbuf.cpp	_flsbuf	0x1D4	0x829B2420
LIBCMT	output.cpp	merged_829B25F8	0x94	0x829B25F8
LIBCMT	output.cpp	_output_l	0xB30	0x829B2690
LIBCMT	outputs.cpp	merged_829B31C0	0xCC	0x829B31C0
LIBCMT	outputs.cpp	_output_s_l	0xB48	0x829B3290
LIBCMT	_sftbuf.cpp	_stbuf	0xEC	0x829B3DD8
LIBCMT	_sftbuf.cpp	_ftbuf	0x64	0x829B3EC8
LIBCMT	_filbuf.cpp	_filbuf	0x1AC	0x829B3F30
LIBCMT	memcpy_s.cpp	memcpy_s	0xAC	0x829B40E0
LIBCMT	ioinit.cpp	_ioinit	0xD4	0x829B4190
LIBCMT	ioinit.cpp	_ioterm	0x84	0x829B4268
LIBCMT	gs_support.cpp	__security_init_cookie	0xA0	0x829B42F0
LIBCMT	gs_report.cpp	__report_gsfailure	0xBC	0x829B4390
LIBCMT	calloc_impl.cpp	_calloc_impl	0xC4	0x829B4450
LIBCMT	closeall.cpp	_fcloseall	0xE4	0x829B4520
LIBCMT	input.cpp	_input_l	0x124C	0x829B4608
LIBCMT	inputs.cpp	merged_829B5858	0xA0	0x829B5858
LIBCMT	inputs.cpp	_input_s_l	0x1400	0x829B58F8
LIBCMT	commit.cpp	_commit	0x170	0x829B6D00
LIBCMT	osfinfo.cpp	_set_osfhnd	0x88	0x829B6E70
LIBCMT	osfinfo.cpp	_free_osfhnd	0x98	0x829B6EF8
LIBCMT	osfinfo.cpp	_get_osfhandle	0xB4	0x829B6F90
LIBCMT	osfinfo.cpp	__lock_fhandle	0xFC	0x829B7050
LIBCMT	osfinfo.cpp	_unlock_fhandle	0x28	0x829B7150
LIBCMT	osfinfo.cpp	_alloc_osfhnd	0x27C	0x829B7180
LIBCMT	dtoxtm64.cpp	__loctotime64_t	0x2A4	0x829B7400
LIBCMT	syserr.cpp	__sys_nerr	0xC	0x829B76A8
LIBCMT	syserr.cpp	__sys_errlist	0xC	0x829B76B8
LIBCMT	strncpy_s.cpp	strncpy_s	0x144	0x829B76C8
LIBCMT	stat.cpp	__dtoxmode	0x12C	0x829B7810
LIBCMT	mbtolwr.cpp	_mbctolower	0x44	0x829B7940
LIBCMT	mbspbrk.cpp	_mbspbrk	0x4	0x829B7988
LIBCMT	gmtime.cpp	__getgmtimebuf	0x6C	0x829B7990
LIBCMT	cfin.cpp	_fltin2	0xB4	0x829B7A00
LIBCMT	strgtold.cpp	__strgtold12_l	0x960	0x829B7AB8
LIBCMT	woutput.cpp	_woutput_l	0xA5C	0x829B8418
LIBCMT	woutputs.cpp	merged_829B8E78	0x64	0x829B8E78
LIBCMT	woutputs.cpp	merged_829B8EE0	0xCC	0x829B8EE0
LIBCMT	woutputs.cpp	_woutput_s_l	0xA74	0x829B8FB0
LIBCMT	tzset.cpp	_tzset_nolock	0x1C8	0x829B9A30
LIBCMT	tzset.cpp	cvtdate	0x274	0x829B9BF8
LIBCMT	tzset.cpp	_isindst_nolock	0x2DC	0x829B9E70
LIBCMT	tzset.cpp	__tzset	0x98	0x829BA158
LIBCMT	tzset.cpp	_isindst	0x80	0x829BA1F8
LIBCMT	timeset.cpp	_get_daylight	0x50	0x829BA278
LIBCMT	timeset.cpp	_get_dstbias	0x50	0x829BA2C8
LIBCMT	timeset.cpp	_get_timezone	0x50	0x829BA318
LIBCMT	timeset.cpp	__daylight	0xC	0x829BA368
LIBCMT	timeset.cpp	__dstbias	0xC	0x829BA378
LIBCMT	timeset.cpp	__timezone	0xC	0x829BA388
LIBCMT	timeset.cpp	__tzname	0xC	0x829BA398
LIBCMT	wopen.cpp	_tsopen_nolock	0x51C	0x829BA3A8
LIBCMT	wopen.cpp	_wsopen_helper	0x184	0x829BA8D0
LIBCMT	wopen.cpp	_wsopen_s	0x20	0x829BAA58
LIBCMT	cfout.cpp	__dtold	0xE0	0x829BAA78
LIBCMT	cfout.cpp	_fltout2	0x9C	0x829BAB58
LIBCMT	winput.cpp	merged_829BABF8	0xA4	0x829BABF8
LIBCMT	winput.cpp	_winput_l	0x106C	0x829BACA0
LIBCMT	winputs.cpp	_winput_s_l	0x11D0	0x829BBD10
LIBCMT	frnd.cpp	_frnd	0x44	0x829BCEE0
LIBCMT	fpexcept.cpp	_raise_exc_ex	0x408	0x829BCF28
LIBCMT	fpexcept.cpp	_handle_exc	0x254	0x829BD330
LIBCMT	fpexcept.cpp	_set_errno_from_matherr	0x48	0x829BD588
LIBCMT	fpexcept.cpp	_errcode	0x48	0x829BD5D0
LIBCMT	fpexcept.cpp	_umatherr	0x104	0x829BD618
LIBCMT	fpexcept.cpp	_handle_qnan1	0x88	0x829BD720
LIBCMT	fpexcept.cpp	_handle_qnan2	0x80	0x829BD7A8
LIBCMT	fpexcept.cpp	_except1	0xD4	0x829BD828
LIBCMT	fpexcept.cpp	_except2	0xE4	0x829BD900
LIBCMT	fpctrl.cpp	_ctrlfp	0x30	0x829BD9F0
LIBCMT	fpctrl.cpp	_statfp	0x10	0x829BDA20
LIBCMT	fpctrl.cpp	_FPreset	0x24	0x829BDA30
LIBCMT	fpctrl.cpp	_set_statfp	0x20	0x829BDA54
LIBCMT	fpctrl.cpp	_set_fsr	0x10	0x829BDA74
LIBCMT	fpctrl.cpp	_get_fsr	0x10	0x829BDA84
LIBCMT	chsize.cpp	_chsize_nolock	0x194	0x829BDA98
LIBCMT	setmode.cpp	_setmode_nolock	0x8C	0x829BDC30
LIBCMT	setmode.cpp	_get_fmode	0x50	0x829BDCC0
LIBCMT	atodbl.cpp	_atodbl_l	0xA8	0x829BDD10
LIBCMT	atodbl.cpp	_atoflt_l	0xA8	0x829BDDB8
LIBCMT	_fptostr.cpp	_fptostr	0x160	0x829BDE60
LIBCMT	crt0fp.cpp	_fptrap	0x8	0x829BDFC0
LIBCMT	handlers.cpp	_CallSettingFrame	0x5C	0x829BDFD0
LIBCMT	handlers.cpp	_JumpToContinuation	0xC0	0x829BE02C
LIBCMT	validate.cpp	merged_829BE0F0	0x14	0x829BE0F0
LIBCMT	unwind.cpp	_UnwindNestedFrames	0xA4	0x829BE110
LIBCMT	unwind.cpp	_CallCatchBlock	0x24	0x829BE1BC
LIBCMT	unwind.cpp	_SkipUnwoundFrames	0x28	0x829BE1E0
LIBCMT	mbctype.cpp	__initmbctable	0x2C	0x829BE208
LIBCMT	dbghook.cpp	__crt_debugger_hook	0x10	0x829BE238
LIBCMT	winsig.cpp	__get_sigabrt	0xC	0x829BE248
LIBCMT	winsig.cpp	raise	0x2E8	0x829BE260
LIBCMT	ldexp.cpp	ldexp	0x1D4	0x829BE548
LIBCMT	_getbuf.cpp	_getbuf	0x88	0x829BE720
LIBCMT	wctomb.cpp	_wctomb_s_l	0xF4	0x829BE7A8
LIBCMT	wctomb.cpp	wctomb_s	0x8	0x829BE8A0
LIBCMT	_wctype.cpp	merged_829BE8A8	0x1C	0x829BE8A8
LIBCMT	_wctype.cpp	iswalpha	0x8	0x829BE8C8
LIBCMT	_wctype.cpp	iswupper	0x8	0x829BE8D0
LIBCMT	_wctype.cpp	iswlower	0x8	0x829BE8D8
LIBCMT	_wctype.cpp	iswdigit	0x8	0x829BE8E0
LIBCMT	_wctype.cpp	iswspace	0x8	0x829BE8E8
LIBCMT	_wctype.cpp	iswpunct	0x8	0x829BE8F0
LIBCMT	_wctype.cpp	iswalnum	0x8	0x829BE8F8
LIBCMT	recalloc.cpp	_recalloc	0x98	0x829BE900
LIBCMT	ungetc.cpp	_ungetc_nolock	0x1A4	0x829BE998
LIBCMT	ungetc.cpp	ungetc	0xCC	0x829BEB48
LIBCMT	mbtowc.cpp	merged_829BEC18	0x48	0x829BEC18
LIBCMT	mbsicmp.cpp	_mbsicmp_l	0x54	0x829BEC60
LIBCMT	mbsicmp.cpp	_mbsicmp	0x8	0x829BECB8
LIBCMT	mbsrchr.cpp	_mbsrchr	0x4	0x829BECC0
LIBCMT	strpbrk.cpp	strpbrk	0x90	0x829BECC8
LIBCMT	intrncvt.cpp	_ld12tod	0x714	0x829BED58
LIBCMT	intrncvt.cpp	_ld12tof	0x714	0x829BF470
LIBCMT	mantold.cpp	__mtold12	0x294	0x829BFB88
LIBCMT	fputwc.cpp	_fputwc_nolock	0x258	0x829BFE20
LIBCMT	vsnwprnt.cpp	_vsnwprintf_l	0x124	0x829C0078
LIBCMT	vsnwprnt.cpp	_vsnwprintf	0xC	0x829C01A0
LIBCMT	wcstol.cpp	?wcstoxl@@YAKPB_WPAPB_WHH@Z	0x27C	0x829C01B0
LIBCMT	wcstol.cpp	wcstol	0x8	0x829C0430
LIBCMT	wcstol.cpp	wcstoul	0x8	0x829C0438
LIBCMT	filecrea.cpp	__crtCreateFileW	0x68	0x829C0440
LIBCMT	x10fout.cpp	$I10_OUTPUT	0xC08	0x829C04A8
LIBCMT	fgetwc.cpp	_fgetwc_nolock	0x274	0x829C10B0
LIBCMT	ungetwc.cpp	_ungetwc_nolock	0x284	0x829C1328
LIBCMT	iswctype.cpp	iswctype	0x38	0x829C15B0
LIBCMT	float.cpp	FPSCRToAbstract	0x7C	0x829C15E8
LIBCMT	float.cpp	_controlfp	0x164	0x829C1668
LIBCMT	float.cpp	merged_829C17D0	0x30	0x829C17D0
LIBCMT	exsup.cpp	_NLG_Notify	0x18	0x829C1800
LIBCMT	stricmp.cpp	__ascii_stricmp	0x50	0x829C1818
LIBCMT	stricmp.cpp	_stricmp_l	0x4C	0x829C1868
LIBCMT	_flswbuf.cpp	_flswbuf	0x1E8	0x829C18B8
LIBCMT	wchtodig.cpp	_wchartodigit	0x1C0	0x829C1AA0
LIBCMT	_filwbuf.cpp	_filwbuf	0x1B8	0x829C1C60
d3d9i	texture.cpp	?GetTextureDimensions@D3D@@YAXPAUD3DBaseTexture@@PAK11@Z	0xC0	0x82B99FD8
d3d9i	texture.cpp	?GetGpuTextureDimensions@D3D@@YAXPATGPUTEXTURE_FETCH_CONSTANT@@PAK11@Z	0xC8	0x82B9A098
d3d9i	texture.cpp	?BlockSizeOfGpuFormat@D3D@@YAXKPAK0@Z	0xBC	0x82B9A160
d3d9i	texture.cpp	?GetMaxMipLevels@D3D@@YAKKKKK@Z	0xB0	0x82B9A220
d3d9i	texture.cpp	?GetMipTailBaseLevel@D3D@@YAKKKK@Z	0x78	0x82B9A2D0
d3d9i	texture.cpp	merged_82B9A348	0x3C	0x82B9A348
d3d9i	texture.cpp	?AlignTextureDimensions@D3D@@YAKPAK00KKKH@Z	0x130	0x82B9A388
d3d9i	texture.cpp	?FindTextureSize@D3D@@YAKKKKKKKHHKHKPAK00@Z	0x39C	0x82B9A4B8
d3d9i	texture.cpp	?GetMipTailLevelOffsetCoords@D3D@@YAKKKKKKKKPAI00@Z	0x168	0x82B9A858
d3d9i	texture.cpp	?GetMipTailLevelOffset@D3D@@YAKKKKKKKK@Z	0x74	0x82B9A9C0
d3d9i	texture.cpp	?GetLevelSize@D3D@@YAXPAUD3DBaseTexture@@KPAK1111@Z	0x36C	0x82B9AA38
d3d9i	texture.cpp	?Get2DSurfaceDesc@D3D@@YAXPAUD3DBaseTexture@@IPAU_D3DSURFACE_DESC@@@Z	0xFC	0x82B9ADA8
d3d9i	texture.cpp	?Get3DSurfaceDesc@D3D@@YAXPAUD3DBaseTexture@@IPAU_D3DVOLUME_DESC@@@Z	0xFC	0x82B9AEA8
d3d9i	texture.cpp	?FindSurfaceWithinTexture@D3D@@YAXPAUD3DBaseTexture@@IIPAK1111111@Z	0x4DC	0x82B9AFA8
d3d9i	texture.cpp	?LockSurface@D3D@@YAXPAUD3DBaseTexture@@_KIIKPAK222@Z	0xE8	0x82B9B488
d3d9i	texture.cpp	?Lock2DSurface@D3D@@YAXPAUD3DBaseTexture@@_KIIPAU_D3DLOCKED_RECT@@PBUtagRECT@@K@Z	0xB8	0x82B9B570
d3d9i	texture.cpp	?Lock3DSurface@D3D@@YAXPAUD3DBaseTexture@@IPAU_D3DLOCKED_BOX@@PBU_D3DBOX@@K@Z	0xC4	0x82B9B628
d3d9i	texture.cpp	?SetTextureHeader@D3D@@YAXW4_D3DRESOURCETYPE@@IIIIKW4_D3DFORMAT@@W4MIPPACKINGTYPE@1@KHIPAUD3DBaseTexture@@PAK4@Z	0x2FC	0x82B9B6F0
d3d9i	texture.cpp	?SetSurfaceHeader@D3D@@YAXIIW4_D3DFORMAT@@W4_D3DMULTISAMPLE_TYPE@@PBU_D3DSURFACE_PARAMETERS@@PAUD3DSurface@@PAK4@Z	0x254	0x82B9B9F0
d3d9i	texture.cpp	D3DBaseTexture_GetLevelCount	0x40	0x82B9BC48
d3d9i	texture.cpp	merged_82B9BC88	0x38	0x82B9BC88
d3d9i	texture.cpp	D3DTexture_GetSurfaceLevel	0xC8	0x82B9BCC0
d3d9i	texture.cpp	D3DCubeTexture_GetCubeMapSurface	0xCC	0x82B9BD88
d3d9i	texture.cpp	merged_82B9BE58	0x68	0x82B9BE58
d3d9i	texture.cpp	merged_82B9BEC0	0x5C	0x82B9BEC0
d3d9i	texture.cpp	D3DVolumeTexture_GetLevelDesc	0x38	0x82B9BF20
d3d9i	texture.cpp	D3DVolumeTexture_GetVolumeLevel	0xBC	0x82B9BF58
d3d9i	texture.cpp	merged_82B9C018	0x64	0x82B9C018
d3d9i	texture.cpp	D3DDevice_CreateTexture	0x158	0x82B9C080
d3d9i	texture.cpp	D3DDevice_CreateSurface	0x144	0x82B9C1D8
d3d9i	texture.cpp	D3DSurface_GetDesc	0xAC	0x82B9C320
d3d9i	texture.cpp	D3DSurface_LockRect	0x64	0x82B9C3D0
d3d9i	texture.cpp	D3DSurface_UnlockRect	0x5C	0x82B9C438
d3d9i	texture.cpp	D3DVolume_GetDesc	0x58	0x82B9C498
d3d9i	texture.cpp	D3DVolume_LockBox	0x5C	0x82B9C4F0
d3d9i	texture.cpp	D3DVolume_UnlockBox	0x5C	0x82B9C550
d3d9i	texture.cpp	D3DDevice_SetTexture	0x294	0x82B9C5B0
d3d9i	query.cpp	D3DDevice_GetDeviceCaps	0x44	0x82B9C848
d3d9i	query.cpp	D3DDevice_GetDirect3D	0x40	0x82B9C890
d3d9i	query.cpp	?ConvertD24FS8ToD32FS8@D3D@@YAXKPAMPAK@Z	0x8C	0x82B9C8D0
d3d9i	query.cpp	merged_82B9C960	0x44	0x82B9C960
d3d9i	query.cpp	Direct3D_GetDeviceCaps	0x6C	0x82B9C9A8
d3d9i	query.cpp	D3DDevice_GetDisplayMode	0x5C	0x82B9CA18
d3d9i	query.cpp	D3DDevice_GetNumPasses	0x78	0x82B9CA78
d3d9i	query.cpp	?GetOpenQuerySlot@@YAJPAVCDevice@D3D@@PAPAUCQueryBlock@2@PAPAK@Z	0x144	0x82B9CAF0
d3d9i	query.cpp	D3DDevice_SetScreenExtentQueryMode	0x84	0x82B9CC38
d3d9i	query.cpp	?P_EPC@D3D@@YAXPAUD3DDevice@@H@Z	0xF0	0x82B9CCC0
d3d9i	query.cpp	?P_CPC@D3D@@YAPAUCPerfCounters@1@PAUD3DDevice@@IPAU_D3DPERFCOUNTER_VALUES@@PAU21@@Z	0xBC	0x82B9CDB0
d3d9i	query.cpp	?P_SPCE@D3D@@YAXPAUD3DDevice@@PBU_D3DPERFCOUNTER_EVENTS@@K@Z	0x614	0x82B9CE70
d3d9i	query.cpp	D3DPerfCounters_IsBusy	0x54	0x82B9D488
d3d9i	query.cpp	?Destroy@CPerfCounterBatch@D3D@@QAAXXZ	0x4C	0x82B9D4E0
d3d9i	query.cpp	?Destroy@COcclusionQueryBatch@D3D@@QAAXXZ	0x4C	0x82B9D530
d3d9i	query.cpp	?FreeEmptyQueryBlock@@YAXPAVCDevice@D3D@@PAUCQueryBlock@2@@Z	0x9C	0x82B9D580
d3d9i	query.cpp	D3DQuery_Release	0x19C	0x82B9D620
d3d9i	query.cpp	D3DQuery_Issue	0x2BC	0x82B9D7C0
d3d9i	query.cpp	D3DQuery_GetData	0x3CC	0x82B9DA80
d3d9i	query.cpp	D3DDevice_EnablePerfCounters	0x5C	0x82B9DE50
d3d9i	query.cpp	D3DDevice_CreatePerfCounters	0xB0	0x82B9DEB0
d3d9i	query.cpp	D3DDevice_SetPerfCounterEvents	0x38	0x82B9DF60
d3d9i	query.cpp	?P_QPC@D3D@@YAXPAUD3DDevice@@PAUD3DPerfCounters@@K@Z	0x1550	0x82B9DF98
d3d9i	query.cpp	D3DPerfCounters_GetValues	0x74	0x82B9F4E8
d3d9i	query.cpp	D3DDevice_CreateQueryTiled	0xF4	0x82B9F560
d3d9i	query.cpp	D3DDevice_QueryPerfCounters	0x38	0x82B9F658
d3d9i	state.cpp	?D3DDevice_GetRenderState_Unused@@YAKPAUD3DDevice@@@Z	0x28	0x82B9F690
d3d9i	state.cpp	?IsEDRAMFormat2_10_10_10Bits@D3D@@YAHK@Z	0x5C	0x82B9F6B8
d3d9i	state.cpp	?Is32BitEdramFormat@D3D@@YAHK@Z	0x58	0x82B9F718
d3d9i	state.cpp	??0TimingMarker@D3D@@QAA@W4_PixDataOpcodesType@@W4_PixGroupsType@@@Z	0x54	0x82B9F770
d3d9i	state.cpp	?SetSurfaceClip@D3D@@YAXPAVCDevice@1@HHHH@Z	0x2F0	0x82B9F7C8
d3d9i	state.cpp	D3DDevice_SetRenderState_CullMode	0x54	0x82B9FAB8
d3d9i	state.cpp	D3DDevice_GetRenderState_CullMode	0x38	0x82B9FB10
d3d9i	state.cpp	D3DDevice_SetRenderState_FillMode	0x54	0x82B9FB48
d3d9i	state.cpp	D3DDevice_GetRenderState_FillMode	0x38	0x82B9FBA0
d3d9i	state.cpp	D3DDevice_SetRenderState_AlphaTestEnable	0x5C	0x82B9FBD8
d3d9i	state.cpp	D3DDevice_GetRenderState_AlphaTestEnable	0x38	0x82B9FC38
d3d9i	state.cpp	D3DDevice_SetRenderState_AlphaBlendEnable	0xB8	0x82B9FC70
d3d9i	state.cpp	D3DDevice_GetRenderState_AlphaBlendEnable	0x38	0x82B9FD28
d3d9i	state.cpp	D3DDevice_SetRenderState_BlendOp	0xB4	0x82B9FD60
d3d9i	state.cpp	D3DDevice_GetRenderState_BlendOp	0x38	0x82B9FE18
d3d9i	state.cpp	D3DDevice_SetRenderState_SrcBlend	0xB4	0x82B9FE50
d3d9i	state.cpp	D3DDevice_GetRenderState_SrcBlend	0x38	0x82B9FF08
d3d9i	state.cpp	D3DDevice_SetRenderState_DestBlend	0xB4	0x82B9FF40
d3d9i	state.cpp	D3DDevice_GetRenderState_DestBlend	0x38	0x82B9FFF8
d3d9i	state.cpp	D3DDevice_SetRenderState_BlendOpAlpha	0x94	0x82BA0030
d3d9i	state.cpp	D3DDevice_GetRenderState_BlendOpAlpha	0x38	0x82BA00C8
d3d9i	state.cpp	D3DDevice_SetRenderState_SrcBlendAlpha	0x94	0x82BA0100
d3d9i	state.cpp	D3DDevice_GetRenderState_SrcBlendAlpha	0x38	0x82BA0198
d3d9i	state.cpp	D3DDevice_SetRenderState_DestBlendAlpha	0x94	0x82BA01D0
d3d9i	state.cpp	D3DDevice_GetRenderState_DestBlendAlpha	0x38	0x82BA0268
d3d9i	state.cpp	D3DDevice_SetRenderState_SeparateAlphaBlendEnable	0xBC	0x82BA02A0
d3d9i	state.cpp	D3DDevice_GetRenderState_SeparateAlphaBlendEnable	0x38	0x82BA0360
d3d9i	state.cpp	D3DDevice_SetRenderState_AlphaRef	0x6C	0x82BA0398
d3d9i	state.cpp	D3DDevice_GetRenderState_AlphaRef	0x58	0x82BA0408
d3d9i	state.cpp	D3DDevice_SetRenderState_AlphaFunc	0x54	0x82BA0460
d3d9i	state.cpp	D3DDevice_GetRenderState_AlphaFunc	0x38	0x82BA04B8
d3d9i	state.cpp	D3DDevice_SetRenderState_BlendFactor	0xC8	0x82BA04F0
d3d9i	state.cpp	D3DDevice_GetRenderState_BlendFactor	0xA0	0x82BA05B8
d3d9i	state.cpp	D3DDevice_SetRenderState_LastPixel	0x5C	0x82BA0658
d3d9i	state.cpp	D3DDevice_GetRenderState_LastPixel	0x38	0x82BA06B8
d3d9i	state.cpp	D3DDevice_SetRenderState_LineWidth	0x68	0x82BA06F0
d3d9i	state.cpp	D3DDevice_GetRenderState_LineWidth	0x5C	0x82BA0758
d3d9i	state.cpp	D3DDevice_SetRenderState_Buffer2Frames	0x58	0x82BA07B8
d3d9i	state.cpp	D3DDevice_GetRenderState_Buffer2Frames	0x38	0x82BA0810
d3d9i	state.cpp	D3DDevice_SetRenderState_ZEnable	0x70	0x82BA0848
d3d9i	state.cpp	D3DDevice_GetRenderState_ZEnable	0x34	0x82BA08B8
d3d9i	state.cpp	D3DDevice_SetRenderState_ZWriteEnable	0x54	0x82BA08F0
d3d9i	state.cpp	D3DDevice_GetRenderState_ZWriteEnable	0x38	0x82BA0948
d3d9i	state.cpp	D3DDevice_SetRenderState_ZFunc	0x5C	0x82BA0980
d3d9i	state.cpp	D3DDevice_GetRenderState_ZFunc	0x38	0x82BA09E0
d3d9i	state.cpp	D3DDevice_SetRenderState_StencilEnable	0x70	0x82BA0A18
d3d9i	state.cpp	D3DDevice_GetRenderState_StencilEnable	0x34	0x82BA0A88
d3d9i	state.cpp	D3DDevice_SetRenderState_TwoSidedStencilMode	0x5C	0x82BA0AC0
d3d9i	state.cpp	D3DDevice_GetRenderState_TwoSidedStencilMode	0x38	0x82BA0B20
d3d9i	state.cpp	D3DDevice_SetRenderState_StencilFunc	0x54	0x82BA0B58
d3d9i	state.cpp	D3DDevice_GetRenderState_StencilFunc	0x38	0x82BA0BB0
d3d9i	state.cpp	D3DDevice_SetRenderState_StencilFail	0x5C	0x82BA0BE8
d3d9i	state.cpp	D3DDevice_GetRenderState_StencilFail	0x38	0x82BA0C48
d3d9i	state.cpp	D3DDevice_SetRenderState_StencilZFail	0x5C	0x82BA0C80
d3d9i	state.cpp	D3DDevice_GetRenderState_StencilZFail	0x38	0x82BA0CE0
d3d9i	state.cpp	D3DDevice_SetRenderState_StencilPass	0x54	0x82BA0D18
d3d9i	state.cpp	D3DDevice_GetRenderState_StencilPass	0x38	0x82BA0D70
d3d9i	state.cpp	D3DDevice_SetRenderState_CCWStencilFunc	0x54	0x82BA0DA8
d3d9i	state.cpp	D3DDevice_GetRenderState_CCWStencilFunc	0x38	0x82BA0E00
d3d9i	state.cpp	D3DDevice_SetRenderState_CCWStencilFail	0x5C	0x82BA0E38
d3d9i	state.cpp	D3DDevice_GetRenderState_CCWStencilFail	0x38	0x82BA0E98
d3d9i	state.cpp	D3DDevice_SetRenderState_CCWStencilZFail	0x5C	0x82BA0ED0
d3d9i	state.cpp	D3DDevice_GetRenderState_CCWStencilZFail	0x38	0x82BA0F30
d3d9i	state.cpp	D3DDevice_SetRenderState_CCWStencilPass	0x54	0x82BA0F68
d3d9i	state.cpp	D3DDevice_GetRenderState_CCWStencilPass	0x38	0x82BA0FC0
d3d9i	state.cpp	D3DDevice_SetRenderState_StencilRef	0x4C	0x82BA0FF8
d3d9i	state.cpp	D3DDevice_GetRenderState_StencilRef	0x38	0x82BA1048
d3d9i	state.cpp	D3DDevice_SetRenderState_StencilMask	0x4C	0x82BA1080
d3d9i	state.cpp	D3DDevice_GetRenderState_StencilMask	0x38	0x82BA10D0
d3d9i	state.cpp	D3DDevice_SetRenderState_StencilWriteMask	0x4C	0x82BA1108
d3d9i	state.cpp	D3DDevice_GetRenderState_StencilWriteMask	0x38	0x82BA1158
d3d9i	state.cpp	D3DDevice_SetRenderState_CCWStencilRef	0x4C	0x82BA1190
d3d9i	state.cpp	D3DDevice_GetRenderState_CCWStencilRef	0x38	0x82BA11E0
d3d9i	state.cpp	D3DDevice_SetRenderState_CCWStencilMask	0x4C	0x82BA1218
d3d9i	state.cpp	D3DDevice_GetRenderState_CCWStencilMask	0x38	0x82BA1268
d3d9i	state.cpp	D3DDevice_SetRenderState_CCWStencilWriteMask	0x4C	0x82BA12A0
d3d9i	state.cpp	D3DDevice_GetRenderState_CCWStencilWriteMask	0x38	0x82BA12F0
d3d9i	state.cpp	D3DDevice_SetRenderState_ClipPlaneEnable	0x7C	0x82BA1328
d3d9i	state.cpp	D3DDevice_GetRenderState_ClipPlaneEnable	0x38	0x82BA13A8
d3d9i	state.cpp	D3DDevice_GetRenderState_ScissorTestEnable	0x34	0x82BA13E0
d3d9i	state.cpp	D3DDevice_SetRenderState_SlopeScaleDepthBias	0xD0	0x82BA1418
d3d9i	state.cpp	D3DDevice_GetRenderState_SlopeScaleDepthBias	0x48	0x82BA14E8
d3d9i	state.cpp	D3DDevice_SetRenderState_DepthBias	0xC4	0x82BA1530
d3d9i	state.cpp	D3DDevice_GetRenderState_DepthBias	0x3C	0x82BA15F8
d3d9i	state.cpp	D3DDevice_SetRenderState_MultiSampleAntiAlias	0x54	0x82BA1638
d3d9i	state.cpp	D3DDevice_GetRenderState_MultiSampleAntiAlias	0x38	0x82BA1690
d3d9i	state.cpp	D3DDevice_SetRenderState_MultiSampleMask	0x50	0x82BA16C8
d3d9i	state.cpp	D3DDevice_GetRenderState_MultiSampleMask	0x34	0x82BA1718
d3d9i	state.cpp	D3DDevice_SetRenderState_ColorWriteEnable	0x70	0x82BA1750
d3d9i	state.cpp	D3DDevice_GetRenderState_ColorWriteEnable	0x34	0x82BA17C0
d3d9i	state.cpp	D3DDevice_SetRenderState_ColorWriteEnable1	0x70	0x82BA17F8
d3d9i	state.cpp	D3DDevice_GetRenderState_ColorWriteEnable1	0x34	0x82BA1868
d3d9i	state.cpp	D3DDevice_SetRenderState_ColorWriteEnable2	0x70	0x82BA18A0
d3d9i	state.cpp	D3DDevice_GetRenderState_ColorWriteEnable2	0x34	0x82BA1910
d3d9i	state.cpp	D3DDevice_SetRenderState_ColorWriteEnable3	0x70	0x82BA1948
d3d9i	state.cpp	D3DDevice_GetRenderState_ColorWriteEnable3	0x34	0x82BA19B8
d3d9i	state.cpp	D3DDevice_SetRenderState_PointSpriteEnable	0x40	0x82BA19F0
d3d9i	state.cpp	D3DDevice_GetRenderState_PointSpriteEnable	0x34	0x82BA1A30
d3d9i	state.cpp	D3DDevice_SetRenderState_PointSize	0x74	0x82BA1A68
d3d9i	state.cpp	D3DDevice_GetRenderState_PointSize	0x3C	0x82BA1AE0
d3d9i	state.cpp	D3DDevice_SetRenderState_PointSizeMin	0x6C	0x82BA1B20
d3d9i	state.cpp	D3DDevice_GetRenderState_PointSizeMin	0x3C	0x82BA1B90
d3d9i	state.cpp	D3DDevice_SetRenderState_PointSizeMax	0x6C	0x82BA1BD0
d3d9i	state.cpp	D3DDevice_GetRenderState_PointSizeMax	0x3C	0x82BA1C40
d3d9i	state.cpp	D3DDevice_SetRenderState_Wrap0	0x58	0x82BA1C80
d3d9i	state.cpp	D3DDevice_SetRenderState_Wrap1	0x5C	0x82BA1CD8
d3d9i	state.cpp	D3DDevice_SetRenderState_Wrap2	0x5C	0x82BA1D38
d3d9i	state.cpp	D3DDevice_SetRenderState_Wrap3	0x5C	0x82BA1D98
d3d9i	state.cpp	D3DDevice_SetRenderState_Wrap4	0x5C	0x82BA1DF8
d3d9i	state.cpp	D3DDevice_SetRenderState_Wrap5	0x5C	0x82BA1E58
d3d9i	state.cpp	D3DDevice_SetRenderState_Wrap6	0x5C	0x82BA1EB8
d3d9i	state.cpp	D3DDevice_SetRenderState_Wrap7	0x54	0x82BA1F18
d3d9i	state.cpp	D3DDevice_SetRenderState_Wrap8	0x58	0x82BA1F70
d3d9i	state.cpp	D3DDevice_SetRenderState_Wrap9	0x5C	0x82BA1FC8
d3d9i	state.cpp	D3DDevice_SetRenderState_Wrap10	0x5C	0x82BA2028
d3d9i	state.cpp	D3DDevice_SetRenderState_Wrap11	0x5C	0x82BA2088
d3d9i	state.cpp	D3DDevice_SetRenderState_Wrap12	0x5C	0x82BA20E8
d3d9i	state.cpp	D3DDevice_SetRenderState_Wrap13	0x5C	0x82BA2148
d3d9i	state.cpp	D3DDevice_SetRenderState_Wrap14	0x5C	0x82BA21A8
d3d9i	state.cpp	D3DDevice_SetRenderState_Wrap15	0x54	0x82BA2208
d3d9i	state.cpp	D3DDevice_GetRenderState_Wrap0	0x38	0x82BA2260
d3d9i	state.cpp	D3DDevice_GetRenderState_Wrap1	0x38	0x82BA2298
d3d9i	state.cpp	D3DDevice_GetRenderState_Wrap2	0x38	0x82BA22D0
d3d9i	state.cpp	D3DDevice_GetRenderState_Wrap3	0x38	0x82BA2308
d3d9i	state.cpp	D3DDevice_GetRenderState_Wrap4	0x38	0x82BA2340
d3d9i	state.cpp	D3DDevice_GetRenderState_Wrap5	0x38	0x82BA2378
d3d9i	state.cpp	D3DDevice_GetRenderState_Wrap6	0x38	0x82BA23B0
d3d9i	state.cpp	D3DDevice_GetRenderState_Wrap7	0x38	0x82BA23E8
d3d9i	state.cpp	D3DDevice_GetRenderState_Wrap8	0x38	0x82BA2420
d3d9i	state.cpp	D3DDevice_GetRenderState_Wrap9	0x38	0x82BA2458
d3d9i	state.cpp	D3DDevice_GetRenderState_Wrap10	0x38	0x82BA2490
d3d9i	state.cpp	D3DDevice_GetRenderState_Wrap11	0x38	0x82BA24C8
d3d9i	state.cpp	D3DDevice_GetRenderState_Wrap12	0x38	0x82BA2500
d3d9i	state.cpp	D3DDevice_GetRenderState_Wrap13	0x38	0x82BA2538
d3d9i	state.cpp	D3DDevice_GetRenderState_Wrap14	0x38	0x82BA2570
d3d9i	state.cpp	D3DDevice_GetRenderState_Wrap15	0x38	0x82BA25A8
d3d9i	state.cpp	D3DDevice_SetRenderState_ViewportEnable	0x78	0x82BA25E0
d3d9i	state.cpp	D3DDevice_GetRenderState_ViewportEnable	0x38	0x82BA2658
d3d9i	state.cpp	D3DDevice_SetRenderState_HighPrecisionBlendEnable	0xA0	0x82BA2690
d3d9i	state.cpp	D3DDevice_GetRenderState_HighPrecisionBlendEnable	0x34	0x82BA2730
d3d9i	state.cpp	D3DDevice_SetRenderState_HighPrecisionBlendEnable1	0xA0	0x82BA2768
d3d9i	state.cpp	D3DDevice_GetRenderState_HighPrecisionBlendEnable1	0x34	0x82BA2808
d3d9i	state.cpp	D3DDevice_SetRenderState_HighPrecisionBlendEnable2	0xA0	0x82BA2840
d3d9i	state.cpp	D3DDevice_GetRenderState_HighPrecisionBlendEnable2	0x34	0x82BA28E0
d3d9i	state.cpp	D3DDevice_SetRenderState_HighPrecisionBlendEnable3	0xA0	0x82BA2918
d3d9i	state.cpp	D3DDevice_GetRenderState_HighPrecisionBlendEnable3	0x34	0x82BA29B8
d3d9i	state.cpp	D3DDevice_SetRenderState_MinTessellationLevel	0x50	0x82BA29F0
d3d9i	state.cpp	D3DDevice_GetRenderState_MinTessellationLevel	0x3C	0x82BA2A40
d3d9i	state.cpp	D3DDevice_SetRenderState_MaxTessellationLevel	0x50	0x82BA2A80
d3d9i	state.cpp	D3DDevice_GetRenderState_MaxTessellationLevel	0x3C	0x82BA2AD0
d3d9i	state.cpp	D3DDevice_SetRenderState_TessellationMode	0x5C	0x82BA2B10
d3d9i	state.cpp	D3DDevice_GetRenderState_TessellationMode	0x38	0x82BA2B70
d3d9i	state.cpp	D3DDevice_SetRenderState_HalfPixelOffset	0x5C	0x82BA2BA8
d3d9i	state.cpp	D3DDevice_GetRenderState_HalfPixelOffset	0x38	0x82BA2C08
d3d9i	state.cpp	D3DDevice_SetRenderState_PrimitiveResetEnable	0x54	0x82BA2C40
d3d9i	state.cpp	D3DDevice_GetRenderState_PrimitiveResetEnable	0x38	0x82BA2C98
d3d9i	state.cpp	D3DDevice_SetRenderState_PrimitiveResetIndex	0x54	0x82BA2CD0
d3d9i	state.cpp	D3DDevice_GetRenderState_PrimitiveResetIndex	0x34	0x82BA2D28
d3d9i	state.cpp	D3DDevice_SetRenderState_AlphaToMaskEnable	0x54	0x82BA2D60
d3d9i	state.cpp	D3DDevice_GetRenderState_AlphaToMaskEnable	0x38	0x82BA2DB8
d3d9i	state.cpp	D3DDevice_SetRenderState_AlphaToMaskOffsets	0x54	0x82BA2DF0
d3d9i	state.cpp	D3DDevice_GetRenderState_AlphaToMaskOffsets	0x38	0x82BA2E48
d3d9i	state.cpp	D3DDevice_SetRenderState_GuardBand_X	0x50	0x82BA2E80
d3d9i	state.cpp	D3DDevice_GetRenderState_GuardBand_X	0x34	0x82BA2ED0
d3d9i	state.cpp	D3DDevice_SetRenderState_GuardBand_Y	0x50	0x82BA2F08
d3d9i	state.cpp	D3DDevice_GetRenderState_GuardBand_Y	0x34	0x82BA2F58
d3d9i	state.cpp	D3DDevice_SetRenderState_DiscardBand_X	0x48	0x82BA2F90
d3d9i	state.cpp	D3DDevice_GetRenderState_DiscardBand_X	0x34	0x82BA2FD8
d3d9i	state.cpp	D3DDevice_SetRenderState_DiscardBand_Y	0x50	0x82BA3010
d3d9i	state.cpp	D3DDevice_GetRenderState_DiscardBand_Y	0x34	0x82BA3060
d3d9i	state.cpp	D3DDevice_SetRenderState_HiZEnable	0x54	0x82BA3098
d3d9i	state.cpp	D3DDevice_GetRenderState_HiZEnable	0x38	0x82BA30F0
d3d9i	state.cpp	D3DDevice_SetRenderState_HiZWriteEnable	0x8C	0x82BA3128
d3d9i	state.cpp	D3DDevice_GetRenderState_HiZWriteEnable	0x38	0x82BA31B8
d3d9i	state.cpp	D3DDevice_SetRenderState_HiStencilEnable	0x54	0x82BA31F0
d3d9i	state.cpp	D3DDevice_GetRenderState_HiStencilEnable	0x38	0x82BA3248
d3d9i	state.cpp	D3DDevice_SetRenderState_HiStencilWriteEnable	0x54	0x82BA3280
d3d9i	state.cpp	D3DDevice_GetRenderState_HiStencilWriteEnable	0x38	0x82BA32D8
d3d9i	state.cpp	D3DDevice_SetRenderState_HiStencilFunc	0x54	0x82BA3310
d3d9i	state.cpp	D3DDevice_GetRenderState_HiStencilFunc	0x38	0x82BA3368
d3d9i	state.cpp	D3DDevice_SetRenderState_HiStencilRef	0x4C	0x82BA33A0
d3d9i	state.cpp	D3DDevice_GetRenderState_HiStencilRef	0x38	0x82BA33F0
d3d9i	state.cpp	D3DDevice_SetRenderState_PresentInterval	0x40	0x82BA3428
d3d9i	state.cpp	D3DDevice_GetRenderState_PresentInterval	0x34	0x82BA3468
d3d9i	state.cpp	D3DDevice_SetRenderState_PresentImmediateThreshold	0x48	0x82BA34A0
d3d9i	state.cpp	D3DDevice_GetRenderState_PresentImmediateThreshold	0x38	0x82BA34E8
d3d9i	state.cpp	D3DDevice_SetSamplerState_MinFilter	0xE4	0x82BA3520
d3d9i	state.cpp	D3DDevice_GetSamplerState_MinFilter	0x6C	0x82BA3608
d3d9i	state.cpp	D3DDevice_SetSamplerState_MinFilterZ	0xA8	0x82BA3678
d3d9i	state.cpp	D3DDevice_GetSamplerState_MinFilterZ	0x48	0x82BA3720
d3d9i	state.cpp	D3DDevice_SetSamplerState_MagFilter	0xE4	0x82BA3768
d3d9i	state.cpp	D3DDevice_GetSamplerState_MagFilter	0x6C	0x82BA3850
d3d9i	state.cpp	D3DDevice_SetSamplerState_MagFilterZ	0xA0	0x82BA38C0
d3d9i	state.cpp	D3DDevice_GetSamplerState_MagFilterZ	0x48	0x82BA3960
d3d9i	state.cpp	D3DDevice_SetSamplerState_MipFilter	0x60	0x82BA39A8
d3d9i	state.cpp	D3DDevice_GetSamplerState_MipFilter	0x4C	0x82BA3A08
d3d9i	state.cpp	D3DDevice_SetSamplerState_SeparateZFilterEnable	0xA8	0x82BA3A58
d3d9i	state.cpp	D3DDevice_GetSamplerState_SeparateZFilterEnable	0x48	0x82BA3B00
d3d9i	state.cpp	D3DDevice_SetSamplerState_MaxAnisotropy	0x8C	0x82BA3B48
d3d9i	state.cpp	D3DDevice_GetSamplerState_MaxAnisotropy	0x48	0x82BA3BD8
d3d9i	state.cpp	D3DDevice_SetSamplerState_AnisotropyBias	0x94	0x82BA3C20
d3d9i	state.cpp	D3DDevice_GetSamplerState_AnisotropyBias	0x7C	0x82BA3CB8
d3d9i	state.cpp	D3DDevice_SetSamplerState_MipMapLodBias	0x94	0x82BA3D38
d3d9i	state.cpp	D3DDevice_GetSamplerState_MipMapLodBias	0x78	0x82BA3DD0
d3d9i	state.cpp	D3DDevice_SetSamplerState_MaxMipLevel	0x90	0x82BA3E48
d3d9i	state.cpp	D3DDevice_GetSamplerState_MaxMipLevel	0x48	0x82BA3ED8
d3d9i	state.cpp	D3DDevice_SetSamplerState_MinMipLevel	0x90	0x82BA3F20
d3d9i	state.cpp	D3DDevice_GetSamplerState_MinMipLevel	0x48	0x82BA3FB0
d3d9i	state.cpp	D3DDevice_SetSamplerState_BorderColor	0x68	0x82BA3FF8
d3d9i	state.cpp	D3DDevice_GetSamplerState_BorderColor	0x60	0x82BA4060
d3d9i	state.cpp	D3DDevice_SetSamplerState_AddressU	0x5C	0x82BA40C0
d3d9i	state.cpp	D3DDevice_GetSamplerState_AddressU	0x4C	0x82BA4120
d3d9i	state.cpp	D3DDevice_SetSamplerState_AddressV	0x5C	0x82BA4170
d3d9i	state.cpp	D3DDevice_GetSamplerState_AddressV	0x4C	0x82BA41D0
d3d9i	state.cpp	D3DDevice_SetSamplerState_AddressW	0x5C	0x82BA4220
d3d9i	state.cpp	D3DDevice_GetSamplerState_AddressW	0x4C	0x82BA4280
d3d9i	state.cpp	D3DDevice_SetSamplerState_TrilinearThreshold	0x60	0x82BA42D0
d3d9i	state.cpp	D3DDevice_GetSamplerState_TrilinearThreshold	0x4C	0x82BA4330
d3d9i	state.cpp	D3DDevice_SetSamplerState_HGradientExpBias	0x60	0x82BA4380
d3d9i	state.cpp	D3DDevice_GetSamplerState_HGradientExpBias	0x54	0x82BA43E0
d3d9i	state.cpp	D3DDevice_SetSamplerState_VGradientExpBias	0x60	0x82BA4438
d3d9i	state.cpp	D3DDevice_GetSamplerState_VGradientExpBias	0x50	0x82BA4498
d3d9i	state.cpp	D3DDevice_SetSamplerState_WhiteBorderColorW	0x60	0x82BA44E8
d3d9i	state.cpp	D3DDevice_GetSamplerState_WhiteBorderColorW	0x4C	0x82BA4548
d3d9i	state.cpp	D3DDevice_SetSamplerState_PointBorderEnable	0x68	0x82BA4598
d3d9i	state.cpp	D3DDevice_GetSamplerState_PointBorderEnable	0x50	0x82BA4600
d3d9i	state.cpp	D3DDevice_SetScissorRect	0x108	0x82BA4650
d3d9i	state.cpp	D3DDevice_SetStreamSource	0x130	0x82BA4758
d3d9i	state.cpp	D3DDevice_SetIndices	0x98	0x82BA4888
d3d9i	state.cpp	D3DDevice_GetRenderTarget	0x5C	0x82BA4920
d3d9i	state.cpp	D3DDevice_GetDepthStencilSurface	0x48	0x82BA4980
d3d9i	state.cpp	D3DDevice_SetGammaRamp	0xDC	0x82BA49C8
d3d9i	state.cpp	D3DDevice_SetPWLGamma	0xDC	0x82BA4AA8
d3d9i	state.cpp	D3DDevice_SetClipPlane	0x74	0x82BA4B88
d3d9i	state.cpp	D3DDevice_SetVertexFetchConstant	0xD8	0x82BA4C00
d3d9i	state.cpp	?ResetAllState@D3D@@YAXPAVCDevice@1@H@Z	0x108	0x82BA4CD8
d3d9i	state.cpp	?SetViewport@D3D@@YAXPAUD3DDevice@@MMMMMMK@Z	0x268	0x82BA4DE0
d3d9i	state.cpp	D3DDevice_SetRenderState_ScissorTestEnable	0x4C	0x82BA5048
d3d9i	state.cpp	D3DDevice_SetViewport	0xA4	0x82BA5098
d3d9i	state.cpp	D3DDevice_SetViewportF	0x60	0x82BA5140
d3d9i	state.cpp	?SetSurfaceInfo@D3D@@YAXPAVCDevice@1@PAUD3DSurface@@@Z	0xD0	0x82BA51A0
d3d9i	state.cpp	D3DDevice_SetRenderTarget	0x520	0x82BA5270
d3d9i	state.cpp	D3DDevice_SetDepthStencilSurface	0x478	0x82BA5790
d3d9i	state.cpp	D3DDevice_SetRenderTarget_External	0x5C	0x82BA5C08
d3d9i	device.cpp	?BusyYield@D3D@@YAXXZ	0x58	0x82BA5C68
d3d9i	device.cpp	??0AutoCriticalSection@D3D@@QAA@PAU_RTL_CRITICAL_SECTION@@@Z	0x54	0x82BA5CC0
d3d9i	device.cpp	??1GPUTimingMarkerFull@D3D@@QAA@XZ	0x5C	0x82BA5D18
d3d9i	device.cpp	??0CBlocker@D3D@@QAA@PAVCDevice@1@W4_D3DBLOCKTYPE@@@Z	0x80	0x82BA5D78
d3d9i	device.cpp	??1CBlocker@D3D@@QAA@XZ	0xF0	0x82BA5DF8
d3d9i	device.cpp	?Check@CBlocker@D3D@@QAAHXZ	0xF8	0x82BA5EE8
d3d9i	device.cpp	?UninitializeAsyncResources@D3D@@YAXPAVCDevice@1@@Z	0x58	0x82BA5FE0
d3d9i	device.cpp	?InitializeAsyncCommandBuffers@D3D@@YAHPAVCDevice@1@@Z	0x128	0x82BA6038
d3d9i	device.cpp	?UninitializeAsyncCommandBuffers@D3D@@YAXPAVCDevice@1@@Z	0x7C	0x82BA6160
d3d9i	device.cpp	?WaitUntilIdleOrFlushCaches@D3D@@YAXPAVCDevice@1@@Z	0xB8	0x82BA61E0
d3d9i	device.cpp	D3DDevice_AddRef	0x58	0x82BA6298
d3d9i	device.cpp	D3DDevice_Release	0x8C	0x82BA62F0
d3d9i	device.cpp	D3DDevice_Reset	0x84	0x82BA6380
d3d9i	device.cpp	D3DDevice_AcquireThreadOwnership	0x48	0x82BA6408
d3d9i	device.cpp	D3DDevice_ReleaseThreadOwnership	0x3C	0x82BA6450
d3d9i	device.cpp	D3DDevice_Suspend	0xA0	0x82BA6490
d3d9i	device.cpp	D3DDevice_Resume	0x8C	0x82BA6530
d3d9i	device.cpp	D3DDevice_FlushHiZStencil	0xA0	0x82BA65C0
d3d9i	device.cpp	D3DDevice_UnsetAll	0x118	0x82BA6660
d3d9i	device.cpp	?MemAllocAlignedNoZero@D3D@@YAPAXKK@Z	0x74	0x82BA6778
d3d9i	device.cpp	?MemAllocAligned@D3D@@YAPAXKK@Z	0x64	0x82BA67F0
d3d9i	device.cpp	?InitializeAsyncResources@D3D@@YAHPAVCDevice@1@@Z	0x190	0x82BA6858
d3d9i	device.cpp	Direct3D_CreateDevice	0x160	0x82BA69E8
d3d9i	resource.cpp	D3DResource_GetType	0xC0	0x82BA6B48
d3d9i	resource.cpp	D3DVertexBuffer_GetDesc	0x68	0x82BA6C08
d3d9i	resource.cpp	D3DIndexBuffer_GetDesc	0x64	0x82BA6C70
d3d9i	resource.cpp	?UnlockResource@D3D@@YAXPAUD3DResource@@KK@Z	0x158	0x82BA6CD8
d3d9i	resource.cpp	?GetExportIdentifier@D3D@@YAKPAUD3DResource@@@Z	0x88	0x82BA6E30
d3d9i	resource.cpp	?InvalidateCaches@D3D@@YAXPAVCDevice@1@KK@Z	0xC8	0x82BA6EB8
d3d9i	resource.cpp	D3D__InvalidateAllGpuCaches	0x6C	0x82BA6F80
d3d9i	resource.cpp	D3DResource_AddRef	0x88	0x82BA6FF0
d3d9i	resource.cpp	D3DResource_GetDevice	0x70	0x82BA7078
d3d9i	resource.cpp	D3DDevice_CreateVertexBuffer	0xE4	0x82BA70E8
d3d9i	resource.cpp	D3DVertexBuffer_Unlock	0x58	0x82BA71D0
d3d9i	resource.cpp	D3DDevice_CreateIndexBuffer	0xCC	0x82BA7228
d3d9i	resource.cpp	D3DIndexBuffer_Unlock	0x54	0x82BA72F8
d3d9i	resource.cpp	D3DResource_IsSet	0x10C	0x82BA7350
d3d9i	resource.cpp	?DoBeginExportNanVertex@@YAXPAUD3DDevice@@@Z	0x15C	0x82BA7460
d3d9i	resource.cpp	?DoEndExport512Pixels@@YAXPAUD3DDevice@@@Z	0x390	0x82BA75C0
d3d9i	resource.cpp	D3DDevice_BeginExport	0x130	0x82BA7950
d3d9i	resource.cpp	D3DDevice_EndExport	0x298	0x82BA7A80
d3d9i	resource.cpp	?DestroyResource@D3D@@YAXPAUD3DResource@@@Z	0x2C0	0x82BA7D18
d3d9i	resource.cpp	D3DResource_Release	0x9C	0x82BA7FD8
d3d9i	resource.cpp	D3DDevice_InvalidateGpuCache	0x17C	0x82BA8078
d3d9i	resource.cpp	?LockResource@D3D@@YAPAXPAUD3DResource@@_KW4_D3DBLOCKTYPE@@KKKKKKK@Z	0x378	0x82BA81F8
d3d9i	resource.cpp	D3DVertexBuffer_Lock	0x90	0x82BA8570
d3d9i	resource.cpp	D3DIndexBuffer_Lock	0x8C	0x82BA8600
d3d9i	shader.cpp	?InitVertexDeclarationFromFVF@D3D@@YAXKPAVCVertexDeclaration@1@@Z	0x550	0x82BA8690
d3d9i	shader.cpp	XGGetVertexDeclarationSize	0x58	0x82BA8BE0
d3d9i	shader.cpp	?SortInterpolatorRecordsCompareFn@InterpolatorTable@D3D@@CAHPBX0@Z	0x4C	0x82BA8C38
d3d9i	shader.cpp	??0StreamWriter@CMicrocodeBuilder@D3D@@QAA@PAXK@Z	0x5C	0x82BA8C88
d3d9i	shader.cpp	?Write@StreamWriter@CMicrocodeBuilder@D3D@@QAAXPAXK@Z	0x84	0x82BA8CE8
d3d9i	shader.cpp	?SkipOrAllocBuffer@StreamWriter@CMicrocodeBuilder@D3D@@QAAPAXK@Z	0x78	0x82BA8D70
d3d9i	shader.cpp	?GetResult@Sink@CMicrocodeBuilder@D3D@@QAAJXZ	0x4C	0x82BA8DE8
d3d9i	shader.cpp	?RequiresVSOuputPatch@Microcode@CMicrocodeBuilder@D3D@@SAHPBTGPUALU_INSTRUCTION@@PAK@Z	0xB4	0x82BA8E38
d3d9i	shader.cpp	?Initialize@RenumberRegistersContext@Microcode@CMicrocodeBuilder@D3D@@QAAXPBVInterpolatorTable@4@@Z	0x84	0x82BA8EF0
d3d9i	shader.cpp	?RenumberPSTemporaryRegistersVisitor@Microcode@CMicrocodeBuilder@D3D@@SAX_N00KPATGPUSHADER_INSTRUCTION@@PAX@Z	0x180	0x82BA8F78
d3d9i	shader.cpp	?RenumberVSOutputRegistersVisitor@Microcode@CMicrocodeBuilder@D3D@@SAX_N00KPATGPUSHADER_INSTRUCTION@@PAX@Z	0x58	0x82BA90F8
d3d9i	shader.cpp	?GetMaxGPRVisitor@Microcode@CMicrocodeBuilder@D3D@@SAX_N00KPATGPUSHADER_INSTRUCTION@@PAX@Z	0x138	0x82BA9150
d3d9i	shader.cpp	?IsExecPredicateClean@Microcode@CMicrocodeBuilder@D3D@@SA_NPATGPUFLOW_EXEC@@PATGPUSHADER_INSTRUCTION@@@Z	0xE4	0x82BA9288
d3d9i	shader.cpp	?SetPredicateCleanBitsVisitor@Microcode@CMicrocodeBuilder@D3D@@SAX_N00KPATGPUSHADER_INSTRUCTION@@PAX@Z	0xDC	0x82BA9370
d3d9i	shader.cpp	?CreateVSOutputPatchesVisitor@Microcode@CMicrocodeBuilder@D3D@@SAX_N00KPATGPUSHADER_INSTRUCTION@@PAX@Z	0xE4	0x82BA9450
d3d9i	shader.cpp	?SetVSOutputDeclarationPatchOffsetsVisitor@Microcode@CMicrocodeBuilder@D3D@@SAX_N00KPATGPUSHADER_INSTRUCTION@@PAX@Z	0xC0	0x82BA9538
d3d9i	shader.cpp	?SetPSOutputMaskVisitor@Microcode@CMicrocodeBuilder@D3D@@SAX_N00KPATGPUSHADER_INSTRUCTION@@PAX@Z	0xBC	0x82BA95F8
d3d9i	shader.cpp	?CountRegister@Microcode@CMicrocodeBuilder@D3D@@SAKKK@Z	0x60	0x82BA96B8
d3d9i	shader.cpp	?ForEachInstructionInAnExec@Microcode@CMicrocodeBuilder@D3D@@QAAXPATGPUFLOW_EXEC@@P6AX_N11KPATGPUSHADER_INSTRUCTION@@PAX@Z32AAPAT5@AAH@Z	0xE8	0x82BA9718
d3d9i	shader.cpp	?SetPDBBuilder@CMicrocodeBuilder@D3D@@QAAXPAUIShaderPDBBuilder@@@Z	0x80	0x82BA9800
d3d9i	shader.cpp	XMicrocodeBuilder_StartPass	0x58	0x82BA9880
d3d9i	shader.cpp	XMicrocodeBuilder_SetProgramControl	0x40	0x82BA98D8
d3d9i	shader.cpp	XMicrocodeBuilder_SetPDBBuilder	0x48	0x82BA9918
d3d9i	shader.cpp	?ForEachInstructionInAnExec@D3D@@YAJPATGPUFLOW_EXEC@@AAKPAKI2IKP6AJKKPATGPUSHADER_INSTRUCTION@@PAX@Z4@Z	0x1B0	0x82BA9960
d3d9i	shader.cpp	?ForEachInstructionInActiveOrder@D3D@@YAJPAKI0I00KP6AJKKPATGPUSHADER_INSTRUCTION@@PAX@Z2@Z	0x374	0x82BA9B10
d3d9i	shader.cpp	XMicrocodeShaderForEachInstruction	0x1A8	0x82BA9E88
d3d9i	shader.cpp	?Union@?$BitVector@$0BAA@@D3D@@QAAXABV12@@Z	0x64	0x82BAA030
d3d9i	shader.cpp	?Intersection@?$BitVector@$0BAA@@D3D@@QAAXABV12@@Z	0x64	0x82BAA098
d3d9i	shader.cpp	?erase@?$D3DFastVector@T_UCODE_VSOUTPUTDECLARATION@@$1?MemAlloc@D3D@@YAPAXK@Z$1?MemFree@3@YAXPAX@Z@D3D@@QAAPAT_UCODE_VSOUTPUTDECLARATION@@PAT3@@Z	0x8C	0x82BAA100
d3d9i	shader.cpp	?CountLeadingZeros@?$BitVector@$0BAA@@D3D@@QAAKXZ	0x90	0x82BAA190
d3d9i	shader.cpp	?BuildGprAllocationSetup@D3D@@YAKPAVCDevice@1@PAK1@Z	0x1DC	0x82BAA220
d3d9i	shader.cpp	?CleanupGprAllocationSetup@D3D@@YAXPAVCDevice@1@@Z	0x14C	0x82BAA400
d3d9i	shader.cpp	?BuildGprAllocationSet@D3D@@YAKPAVCDevice@1@KPAK1@Z	0x9C	0x82BAA550
d3d9i	shader.cpp	?BuildGprAllocationDraw@D3D@@YAKPAVCDevice@1@PAK1@Z	0x68	0x82BAA5F0
d3d9i	shader.cpp	?UninitializeGprAllocation@D3D@@YAXPAVCDevice@1@@Z	0x3C	0x82BAA658
d3d9i	shader.cpp	D3DDevice_SetVertexShaderConstantFN	0x104	0x82BAA698
d3d9i	shader.cpp	D3DDevice_SetPixelShaderConstantFN	0x104	0x82BAA7A0
d3d9i	shader.cpp	D3DDevice_SetVertexShaderConstantB	0x84	0x82BAA8A8
d3d9i	shader.cpp	D3DDevice_SetPixelShaderConstantB	0x84	0x82BAA930
d3d9i	shader.cpp	D3DDevice_SetVertexShaderConstantI	0x7C	0x82BAA9B8
d3d9i	shader.cpp	D3DDevice_SetPixelShaderConstantI	0x7C	0x82BAAA38
d3d9i	shader.cpp	XGGetMicrocodeShaderParts	0x88	0x82BAAAB8
d3d9i	shader.cpp	?GetDebuggerHint@CPixelShader@D3D@@QAAPBU_UCODE_R500_DEBUGGER_HINT_HEADER@@XZ	0x4C	0x82BAAB40
d3d9i	shader.cpp	?GetDebuggerHint@CVertexShader@D3D@@QAAPBU_UCODE_R500_DEBUGGER_HINT_HEADER@@XZ	0x4C	0x82BAAB90
d3d9i	shader.cpp	XGRegisterPixelShader	0xA8	0x82BAABE0
d3d9i	shader.cpp	D3DDevice_SetPixelShader	0x1C4	0x82BAAC88
d3d9i	shader.cpp	D3DDevice_GetPixelShader	0x54	0x82BAAE50
d3d9i	shader.cpp	D3DDevice_SetVertexShader	0x1D4	0x82BAAEA8
d3d9i	shader.cpp	D3DDevice_GetVertexShader	0x54	0x82BAB080
d3d9i	shader.cpp	D3DDevice_SetVertexDeclaration	0x4C	0x82BAB0D8
d3d9i	shader.cpp	XGSetVertexDeclaration	0xF4	0x82BAB128
d3d9i	shader.cpp	D3DDevice_CreateVertexDeclaration	0x6C	0x82BAB220
d3d9i	shader.cpp	D3DDevice_SetShaderGPRAllocation	0x120	0x82BAB290
d3d9i	shader.cpp	D3DDevice_GetShaderGPRAllocation	0x58	0x82BAB3B0
d3d9i	shader.cpp	CopyNativeToUCodeShader	0x38	0x82BAB408
d3d9i	shader.cpp	UCodeToNativeConstantTable	0x38	0x82BAB440
d3d9i	shader.cpp	?SortInterpolators@InterpolatorTable@D3D@@QAAH_N@Z	0xFC	0x82BAB478
d3d9i	shader.cpp	?AllocBuffer@StreamWriter@CMicrocodeBuilder@D3D@@QAAPAXK@Z	0x50	0x82BAB578
d3d9i	shader.cpp	?Initialize@DefinitionTable@CMicrocodeBuilder@D3D@@QAAXPAV23@@Z	0xA4	0x82BAB5C8
d3d9i	shader.cpp	?DefineBooleanConstant@DefinitionTable@CMicrocodeBuilder@D3D@@QAAXKH@Z	0x90	0x82BAB670
d3d9i	shader.cpp	?DefineFloatConstant@DefinitionTable@CMicrocodeBuilder@D3D@@QAAXKPAM@Z	0xA8	0x82BAB700
d3d9i	shader.cpp	?GetDefinedFloatConstant@DefinitionTable@CMicrocodeBuilder@D3D@@QAAHKPAM@Z	0x84	0x82BAB7A8
d3d9i	shader.cpp	?ClearPendingFetchReadsWrites@Microcode@CMicrocodeBuilder@D3D@@QAAXXZ	0x7C	0x82BAB830
d3d9i	shader.cpp	?FindOwningExec@Microcode@CMicrocodeBuilder@D3D@@QAAPATGPUFLOW_EXEC@@K@Z	0xB4	0x82BAB8B0
d3d9i	shader.cpp	?SetSerialize@Microcode@CMicrocodeBuilder@D3D@@QAAXKH@Z	0xBC	0x82BAB968
d3d9i	shader.cpp	?GetFlow@Microcode@CMicrocodeBuilder@D3D@@QAAPATGPUFLOW_INSTRUCTION@@K@Z	0x64	0x82BABA28
d3d9i	shader.cpp	?GetALU@Microcode@CMicrocodeBuilder@D3D@@QAAPATGPUSHADER_INSTRUCTION@@KPAH@Z	0xEC	0x82BABA90
d3d9i	shader.cpp	?GetLastExecALUCount@Microcode@CMicrocodeBuilder@D3D@@QAAKXZ	0x80	0x82BABB80
d3d9i	shader.cpp	?AnalyzeCodeVisitor@Microcode@CMicrocodeBuilder@D3D@@SAX_N00KPATGPUSHADER_INSTRUCTION@@PAX@Z	0x21C	0x82BABC00
d3d9i	shader.cpp	?ForEachInstruction@Microcode@CMicrocodeBuilder@D3D@@QAAX_N0P6AX000KPATGPUSHADER_INSTRUCTION@@PAX@Z2@Z	0x1EC	0x82BABE20
d3d9i	shader.cpp	?CurrentFlowInstruction@Microcode@CMicrocodeBuilder@D3D@@QAAPATGPUFLOW_INSTRUCTION@@XZ	0x5C	0x82BAC010
d3d9i	shader.cpp	?CurrentFlowIsExec@Microcode@CMicrocodeBuilder@D3D@@QAA_NXZ	0x64	0x82BAC070
d3d9i	shader.cpp	?HandleFetchWrite@Microcode@CMicrocodeBuilder@D3D@@SAXAAV?$BitVector@$0BAA@@3@KPBTGPUVERTEX_FETCH_INSTRUCTION@@@Z	0xEC	0x82BAC0D8
d3d9i	shader.cpp	?HandleFetchRead@Microcode@CMicrocodeBuilder@D3D@@SAXAAV?$BitVector@$0BAA@@3@KHPBTGPUVERTEX_FETCH_INSTRUCTION@@@Z	0x1E4	0x82BAC1C8
d3d9i	shader.cpp	?SetFetchRunEnd@Microcode@CMicrocodeBuilder@D3D@@QAAXPAT_UCODE_VSINPUTDECLARATION@@@Z	0xAC	0x82BAC3B0
d3d9i	shader.cpp	?GetDefinedFloat16@CMicrocodeBuilder@D3D@@QAAXPAVDefinitionTable@12@KAAU_UCODE_FLOAT16@@AAK@Z	0x70	0x82BAC460
d3d9i	shader.cpp	XMicrocodeBuilder_SetPDBHint	0x60	0x82BAC4D0
d3d9i	shader.cpp	XMicrocodeBuilder_DefineBooleanConstant	0x44	0x82BAC530
d3d9i	shader.cpp	XMicrocodeBuilder_DefineFloatConstant	0x44	0x82BAC578
d3d9i	shader.cpp	XMicrocodeBuilder_SetSerialize	0x44	0x82BAC5C0
d3d9i	shader.cpp	XMicrocodeBuilder_GetNextALUAddress	0x40	0x82BAC608
d3d9i	shader.cpp	XMicrocodeBuilder_GetCurrentFlowAddressWithoutSerializing	0x48	0x82BAC648
d3d9i	shader.cpp	XMicrocodeBuilder_GetFlow	0x5C	0x82BAC690
d3d9i	shader.cpp	XMicrocodeBuilder_GetALU	0x4C	0x82BAC6F0
d3d9i	shader.cpp	XMicrocodeBuilder_GetLastExecALUCount	0x4C	0x82BAC740
d3d9i	shader.cpp	?MicrocodeEnumerateLiterals@D3D@@YAJPBXPAXP6AJ1KKK0@ZK@Z	0x2AC	0x82BAC790
d3d9i	shader.cpp	XGMicrocodeEnumerateLiterals	0x44	0x82BACA40
d3d9i	shader.cpp	?ensure2@?$D3DFastVector@TGPUSHADER_INSTRUCTION@@$1?MemAlloc@D3D@@YAPAXK@Z$1?MemFree@3@YAXPAX@Z@D3D@@QAAXKAAJ@Z	0x98	0x82BACA88
d3d9i	shader.cpp	?ensure2@?$D3DFastVector@TGPUFLOW_INSTRUCTION@@$1?MemAlloc@D3D@@YAPAXK@Z$1?MemFree@3@YAXPAX@Z@D3D@@QAAXKAAJ@Z	0x98	0x82BACB20
d3d9i	shader.cpp	merged_82BACBB8	0x98	0x82BACBB8
d3d9i	shader.cpp	?InitializeGprAllocation@D3D@@YAHPAVCDevice@1@@Z	0x130	0x82BACC50
d3d9i	shader.cpp	D3DPixelShader_GetFunction	0x64	0x82BACD80
d3d9i	shader.cpp	XGSetPixelShaderHeader	0x68	0x82BACDE8
d3d9i	shader.cpp	D3DDevice_CreatePixelShader	0xEC	0x82BACE50
d3d9i	shader.cpp	XGSetVertexShaderHeader	0x4C	0x82BACF40
d3d9i	shader.cpp	XGRegisterVertexShader	0x13C	0x82BACF90
d3d9i	shader.cpp	D3DDevice_CreateVertexShader	0xEC	0x82BAD0D0
d3d9i	shader.cpp	D3DDevice_SetFVF	0x48	0x82BAD1C0
d3d9i	shader.cpp	?Write@DefinitionTable@CMicrocodeBuilder@D3D@@QAAJPAVSink@23@@Z	0x480	0x82BAD208
d3d9i	shader.cpp	?DefineIntegerConstant@DefinitionTable@CMicrocodeBuilder@D3D@@QAAXKPAH@Z	0x90	0x82BAD688
d3d9i	shader.cpp	?Clear@Microcode@CMicrocodeBuilder@D3D@@QAAXXZ	0x8C	0x82BAD718
d3d9i	shader.cpp	?Finish@Microcode@CMicrocodeBuilder@D3D@@QAAXXZ	0x548	0x82BAD7A8
d3d9i	shader.cpp	?GetNextFlowAddressWithoutSerializing@Microcode@CMicrocodeBuilder@D3D@@QAAKXZ	0x78	0x82BADCF0
d3d9i	shader.cpp	?SetVSOutputDeclarationPatchOffsets@Microcode@CMicrocodeBuilder@D3D@@QAAXPAT_UCODE_VSOUTPUTDECLARATION@@@Z	0xFC	0x82BADD68
d3d9i	shader.cpp	?GenCommon@Microcode@CMicrocodeBuilder@D3D@@QAAXPAU_UCODE_R500UCODE_COMMON@@PAVStreamWriter@23@@Z	0x3CC	0x82BADE68
d3d9i	shader.cpp	?GetNextFlowAddressWithoutSerializing@CMicrocodeBuilder@D3D@@QAAKXZ	0x4C	0x82BAE238
d3d9i	shader.cpp	??1Microcode@CMicrocodeBuilder@D3D@@QAA@XZ	0xA8	0x82BAE288
d3d9i	shader.cpp	XMicrocodeBuilder_DefineIntegerConstant	0x44	0x82BAE330
d3d9i	shader.cpp	XMicrocodeBuilder_GetNextFlowAddressWithoutSerializing	0x40	0x82BAE378
d3d9i	shader.cpp	?Clear@CMicrocodeBuilder@D3D@@QAAXXZ	0x88	0x82BAE3B8
d3d9i	shader.cpp	?Write@Microcode@CMicrocodeBuilder@D3D@@QAAJPAVSink@23@H@Z	0x720	0x82BAE440
d3d9i	shader.cpp	?PseudoConstructor@Pass@CMicrocodeBuilder@D3D@@QAAXH@Z	0x50	0x82BAEB60
d3d9i	shader.cpp	?PseudoConstructor@CMicrocodeBuilder@D3D@@QAAXXZ	0x58	0x82BAEBB0
d3d9i	shader.cpp	??1CMicrocodeBuilder@D3D@@QAA@XZ	0xB4	0x82BAEC08
d3d9i	shader.cpp	?GetMicrocode@CMicrocodeBuilder@D3D@@QAAJPAVSink@12@@Z	0x1F0	0x82BAECC0
d3d9i	shader.cpp	XCreateMicrocodeBuilder	0x58	0x82BAEEB0
d3d9i	shader.cpp	?push_back@?$D3DFastVector@TGPUSHADER_INSTRUCTION@@$1?MemAlloc@D3D@@YAPAXK@Z$1?MemFree@3@YAXPAX@Z@D3D@@QAAXABTGPUSHADER_INSTRUCTION@@AAJ@Z	0x88	0x82BAEF08
d3d9i	shader.cpp	?push_back@?$D3DFastVector@TGPUFLOW_INSTRUCTION@@$1?MemAlloc@D3D@@YAPAXK@Z$1?MemFree@3@YAXPAX@Z@D3D@@QAAXABTGPUFLOW_INSTRUCTION@@AAJ@Z	0x80	0x82BAEF90
d3d9i	shader.cpp	merged_82BAF010	0x74	0x82BAF010
d3d9i	shader.cpp	?Initialize@Microcode@CMicrocodeBuilder@D3D@@QAAXPAV23@@Z	0x108	0x82BAF088
d3d9i	shader.cpp	?DeclareInterpolatorSemantic@Microcode@CMicrocodeBuilder@D3D@@QAAXKKK@Z	0x90	0x82BAF190
d3d9i	shader.cpp	?DeclareIndexSemantic@Microcode@CMicrocodeBuilder@D3D@@QAAXKKK@Z	0x5C	0x82BAF220
d3d9i	shader.cpp	?UpdateCurrentExec@Microcode@CMicrocodeBuilder@D3D@@QAAX_N00PATGPUSHADER_INSTRUCTION@@@Z	0x5A4	0x82BAF280
d3d9i	shader.cpp	?Initialize@Pass@CMicrocodeBuilder@D3D@@QAAXPAV23@@Z	0x54	0x82BAF828
d3d9i	shader.cpp	?FindCommonALULiteralConstants@CMicrocodeBuilder@D3D@@QAAXXZ	0x12C	0x82BAF880
d3d9i	shader.cpp	XMicrocodeBuilder_EndPass	0x44	0x82BAF9B0
d3d9i	shader.cpp	XMicrocodeBuilder_DeclareInterpolatorSemantic	0x4C	0x82BAF9F8
d3d9i	shader.cpp	XMicrocodeBuilder_DeclareIndexSemantic	0x4C	0x82BAFA48
d3d9i	shader.cpp	?Release@CMicrocodeBuilder@D3D@@QAAKXZ	0x7C	0x82BAFA98
d3d9i	shader.cpp	?Initialize@CMicrocodeBuilder@D3D@@QAAXK@Z	0x7C	0x82BAFB18
d3d9i	shader.cpp	?SetConstantTable@CMicrocodeBuilder@D3D@@QAAXPBXK@Z	0x70	0x82BAFB98
d3d9i	shader.cpp	?AddDebuggerHint@CMicrocodeBuilder@D3D@@QAAXKPBD@Z	0xE0	0x82BAFC08
d3d9i	shader.cpp	?GetMicrocodeSizes@CMicrocodeBuilder@D3D@@QAAXPAK0@Z	0x9C	0x82BAFCE8
d3d9i	shader.cpp	?GetMicrocode@CMicrocodeBuilder@D3D@@QAAJPAXKPAK@Z	0xF0	0x82BAFD88
d3d9i	shader.cpp	?AddTFetch@Microcode@CMicrocodeBuilder@D3D@@QAAKPATGPUTEXTURE_FETCH_INSTRUCTION@@@Z	0x70	0x82BAFE78
d3d9i	shader.cpp	?AddVFetch@Microcode@CMicrocodeBuilder@D3D@@QAAKPATGPUVERTEX_FETCH_INSTRUCTION@@H@Z	0x60	0x82BAFEE8
d3d9i	shader.cpp	?AddVFetchWithSemantic@Microcode@CMicrocodeBuilder@D3D@@QAAKPATGPUVERTEX_FETCH_INSTRUCTION@@KH@Z	0x98	0x82BAFF48
d3d9i	shader.cpp	?AddALU@Microcode@CMicrocodeBuilder@D3D@@QAAKPATGPUALU_INSTRUCTION@@@Z	0xC0	0x82BAFFE0
d3d9i	shader.cpp	?EnsureSerializeIsUpToDate@Microcode@CMicrocodeBuilder@D3D@@QAAXXZ	0x9C	0x82BB00A0
d3d9i	shader.cpp	?AddTFetch@CMicrocodeBuilder@D3D@@QAAKPATGPUTEXTURE_FETCH_INSTRUCTION@@@Z	0x5C	0x82BB0140
d3d9i	shader.cpp	?AddALU@CMicrocodeBuilder@D3D@@QAAKPATGPUALU_INSTRUCTION@@@Z	0x5C	0x82BB01A0
d3d9i	shader.cpp	?Finish@CMicrocodeBuilder@D3D@@QAAXXZ	0x64	0x82BB0200
d3d9i	shader.cpp	XMicrocodeBuilder_Release	0x40	0x82BB0268
d3d9i	shader.cpp	XMicrocodeBuilder_Initialize	0x48	0x82BB02A8
d3d9i	shader.cpp	XMicrocodeBuilder_SetConstantTable	0x38	0x82BB02F0
d3d9i	shader.cpp	XMicrocodeBuilder_AddTFetch	0x50	0x82BB0328
d3d9i	shader.cpp	XMicrocodeBuilder_AddVFetch	0x4C	0x82BB0378
d3d9i	shader.cpp	XMicrocodeBuilder_AddVFetchWithSemantic	0x54	0x82BB03C8
d3d9i	shader.cpp	XMicrocodeBuilder_AddALU	0x50	0x82BB0420
d3d9i	shader.cpp	XMicrocodeBuilder_AddDebuggerHint	0x38	0x82BB0470
d3d9i	shader.cpp	XMicrocodeBuilder_Finish	0x38	0x82BB04A8
d3d9i	shader.cpp	XMicrocodeBuilder_GetMicrocode	0x48	0x82BB04E0
d3d9i	shader.cpp	?GetMicrocodeSize@CMicrocodeBuilder@D3D@@QAAKXZ	0x68	0x82BB0528
d3d9i	shader.cpp	?AddFlow@Microcode@CMicrocodeBuilder@D3D@@QAAKPATGPUFLOW_INSTRUCTION@@@Z	0xDC	0x82BB0590
d3d9i	shader.cpp	?AddFlow@CMicrocodeBuilder@D3D@@QAAKPATGPUFLOW_INSTRUCTION@@@Z	0x5C	0x82BB0670
d3d9i	shader.cpp	?GetNextFlowAddress@CMicrocodeBuilder@D3D@@QAAKXZ	0x58	0x82BB06D0
d3d9i	shader.cpp	XMicrocodeBuilder_AddFlow	0x50	0x82BB0728
d3d9i	shader.cpp	XMicrocodeBuilder_GetNextFlowAddress	0x40	0x82BB0778
d3d9i	shader.cpp	XMicrocodeBuilder_GetMicrocodeSize	0x40	0x82BB07B8
d3d9i	clear.cpp	?GetEdramTileDimensions@D3D@@YAXKPAK0@Z	0x54	0x82BB07F8
d3d9i	clear.cpp	?ClearRects@D3D@@YAXPAVCDevice@1@KPBU_D3DRECT@@PBU__vector4@@MTGPU_SURFACEINFO@@TGPU_COLORINFO@@KK@Z	0x2C4	0x82BB0850
d3d9i	clear.cpp	?ClearRect@D3D@@YAXPAVCDevice@1@JJJJPBU__vector4@@MTGPU_SURFACEINFO@@TGPU_COLORINFO@@KKKK@Z	0x274	0x82BB0B18
d3d9i	clear.cpp	?ClearSurface@D3D@@YAXPAVCDevice@1@KKJJJJPBU__vector4@@MK@Z	0x668	0x82BB0D90
d3d9i	clear.cpp	?ClearF@D3D@@YAXPAVCDevice@1@KPBU_D3DRECT@@PBU__vector4@@MK@Z	0x698	0x82BB13F8
d3d9i	clear.cpp	D3DDevice_ClearF	0x1A0	0x82BB1A90
d3d9i	clear.cpp	D3DDevice_Clear	0x100	0x82BB1C30
d3d9i	draw.cpp	??0GPUTimingMarkerSmall@D3D@@QAA@W4_PixSmallOpcodesType@@PAVCDevice@1@@Z	0x90	0x82BB1D30
d3d9i	draw.cpp	??1GPUTimingMarkerSmall@D3D@@QAA@XZ	0x9C	0x82BB1DC0
d3d9i	draw.cpp	D3DDevice_EndVertices	0x9C	0x82BB1E60
d3d9i	draw.cpp	D3DDevice_EndIndexedVertices	0x60	0x82BB1F00
d3d9i	draw.cpp	D3DDevice_BeginVertices	0x548	0x82BB1F60
d3d9i	draw.cpp	D3DDevice_DrawVerticesUP	0xB8	0x82BB24A8
d3d9i	draw.cpp	D3DDevice_BeginIndexedVertices	0x59C	0x82BB2560
d3d9i	draw.cpp	D3DDevice_DrawVertices	0x444	0x82BB2B00
d3d9i	draw.cpp	D3DDevice_DrawIndexedVertices	0x4A4	0x82BB2F48
d3d9i	tile.cpp	?ConfigureForZPass@D3D@@YAXPAVCDevice@1@@Z	0x88	0x82BB33F0
d3d9i	tile.cpp	?ConfigureForOnePassZPass@D3D@@YAXPAVCDevice@1@HKKK@Z	0x140	0x82BB3478
d3d9i	tile.cpp	D3DDevice_SetPredication	0x184	0x82BB35B8
d3d9i	tile.cpp	D3DDevice_BeginTiling	0x3E0	0x82BB3740
d3d9i	tile.cpp	?GetFirstChunk@CRingAllocList@D3D@@QAAPAURingAllocChunk@2@XZ	0x64	0x82BB3B20
d3d9i	tile.cpp	D3DDevice_EndTiling	0x4DC	0x82BB3B88
d3d9i	resolve.cpp	ldexpf	0x50	0x82BB4068
d3d9i	resolve.cpp	?ldexp@@YAMMH@Z	0x50	0x82BB40B8
d3d9i	resolve.cpp	?IsFloatGpuFormat@D3D@@YAHK@Z	0x7C	0x82BB4108
d3d9i	resolve.cpp	?ConvertLinearToGamma@D3D@@YA?AU__vector4@@U2@@Z	0xE8	0x82BB4188
d3d9i	resolve.cpp	?ConvertD32FS8ToD24FS8@D3D@@YAKMK@Z	0x94	0x82BB4270
d3d9i	resolve.cpp	?SetTileAndDepthClear@D3D@@YAXPAVCDevice@1@PBU_D3DRESOLVE_PARAMETERSEX@@MK@Z	0x124	0x82BB4308
d3d9i	resolve.cpp	?ComputeClearColor@D3D@@YAKKKU__vector4@@PAK1@Z	0x47C	0x82BB4430
d3d9i	resolve.cpp	?SetColorClear@D3D@@YAXPAVCDevice@1@PBU_D3DRESOLVE_PARAMETERSEX@@KU__vector4@@@Z	0x104	0x82BB48B0
d3d9i	resolve.cpp	?SetPendingState_NoInline@D3D@@YAXPAVCDevice@1@W4LazyPrim@1@@Z	0x274	0x82BB49B8
d3d9i	resolve.cpp	D3DDevice_ResolveEx	0x1300	0x82BB4C30
d3d9i	resolve.cpp	D3DDevice_Resolve	0x88	0x82BB5F30
d3d9i	swap.cpp	?_ComputeDummyValue@@YAKK@Z	0x48	0x82BB5FB8
d3d9i	swap.cpp	?IsStereo3DValidationEnabled@@YAHXZ	0x4C	0x82BB6000
d3d9i	swap.cpp	?SetupGamma@D3D@@YAXPAVCDevice@1@W4_D3DFORMAT@@PBU_D3DGAMMARAMP@@H@Z	0x8C	0x82BB6050
d3d9i	swap.cpp	?VerticalBlankInterrupt@D3D@@YAXPAVCDevice@1@@Z	0x138	0x82BB60E0
d3d9i	swap.cpp	?SwapCallback@D3D@@YAXK@Z	0x1E4	0x82BB6218
d3d9i	swap.cpp	?SynchronizeToPresentationInterval@D3D@@YAXPAVCDevice@1@K@Z	0x224	0x82BB6400
d3d9i	swap.cpp	?SetupFormat@D3D@@YAXPAVCDevice@1@W4_D3DFORMAT@@@Z	0xAC	0x82BB6628
d3d9i	swap.cpp	?SimpleSwap@D3D@@YAXPAVCDevice@1@KW4_D3DFORMAT@@@Z	0xC8	0x82BB66D8
d3d9i	swap.cpp	?ComplexSwap@D3D@@YAXPAVCDevice@1@KKW4_D3DFORMAT@@KKPBU_D3DPRIVATE_SCALER_PARAMETERS@@PBU_D3DGAMMARAMP@@@Z	0x228	0x82BB67A0
d3d9i	swap.cpp	?ValidateStereo3DBlankRegion@D3D@@YAXPAVCDevice@1@PAUD3DBaseTexture@@@Z	0x698	0x82BB69C8
d3d9i	swap.cpp	D3DDevice_SynchronizeToPresentationInterval	0x3C	0x82BB7060
d3d9i	swap.cpp	D3DDevice_Swap	0x934	0x82BB70A0
d3d9i	swap.cpp	D3DDevice_QuerySwapStatus	0x5C	0x82BB79D8
d3d9i	swap.cpp	D3DDevice_SetSwapMode	0x68	0x82BB7A38
d3d9i	swap.cpp	?D3DDevice_QueryLastVerticalBlankTime@@YAKPAUD3DDevice@@@Z	0x34	0x82BB7AA0
d3d9i	swap.cpp	?D3DDevice_QueryLastSwapVerticalBlankTime@@YAKPAUD3DDevice@@@Z	0x34	0x82BB7AD8
d3d9i	ring.cpp	?MarkAsOutOfMemory@CDevice@D3D@@QAAXXZ	0x54	0x82BB7B10
d3d9i	ring.cpp	?SaveRingBufferState@CDevice@D3D@@QAAXXZ	0x60	0x82BB7B68
d3d9i	ring.cpp	?RestoreRingBufferState@CDevice@D3D@@QAAXXZ	0x68	0x82BB7BC8
d3d9i	ring.cpp	?IsPastStopPoint@CDevice@D3D@@QAAHPAKK@Z	0x64	0x82BB7C30
d3d9i	ring.cpp	?IsSecondaryMemoryBusy@CDevice@D3D@@QAAHPAKK@Z	0x60	0x82BB7C98
d3d9i	ring.cpp	?BlockOnSecondaryPosition@CDevice@D3D@@QAAXPAKK@Z	0x94	0x82BB7CF8
d3d9i	ring.cpp	?IsPrimaryMemoryBusy@CDevice@D3D@@QAAHKK@Z	0x64	0x82BB7D90
d3d9i	ring.cpp	?BlockOnPrimaryRange@CDevice@D3D@@QAAKKK@Z	0xA4	0x82BB7DF8
d3d9i	ring.cpp	?SetPrimaryBufferIndex@D3D@@YAXPAUD3DDevice@@K@Z	0x54	0x82BB7EA0
d3d9i	ring.cpp	?AddAsynchronousInvalidateRange@D3D@@YAXPA_KKK@Z	0x8C	0x82BB7EF8
d3d9i	ring.cpp	?GetAsynchronousInvalidateRange@D3D@@YAXPA_KPAK1@Z	0x7C	0x82BB7F88
d3d9i	ring.cpp	?InterruptCallback@D3D@@YAXKPAVCDevice@1@@Z	0xA0	0x82BB8008
d3d9i	ring.cpp	?GetCPUAddress@D3D@@YAPAXK@Z	0x4C	0x82BB80A8
d3d9i	ring.cpp	?CommandBufferWillBeProcessed@D3D@@YAHPAVCDevice@1@@Z	0x54	0x82BB80F8
d3d9i	ring.cpp	?PutPix@CDevice@D3D@@QAAXAAPAKW4PIXMeta@@PBXK@Z	0x64	0x82BB8150
d3d9i	ring.cpp	?RingBufferDeviceAllocate@D3D@@YAPAXPAVCDevice@1@KPAKK@Z	0x214	0x82BB81B8
d3d9i	ring.cpp	?SetFence@CDevice@D3D@@QAAPAKPAK@Z	0x154	0x82BB83D0
d3d9i	ring.cpp	?BlockOnFence@CDevice@D3D@@QAAXKW4_D3DBLOCKTYPE@@PAUD3DResource@@_N@Z	0x114	0x82BB8528
d3d9i	ring.cpp	?InsertCallback@D3D@@YAPAKPAVCDevice@1@PAKKP6AXK@ZK@Z	0x294	0x82BB8640
d3d9i	ring.cpp	D3DDevice_BlockOnFence	0x68	0x82BB88D8
d3d9i	ring.cpp	?Finalize@CRingAllocList@D3D@@QAAXXZ	0x70	0x82BB8940
d3d9i	ring.cpp	?AddChunkNode@CRingAllocList@D3D@@QAAXPAURingAllocChunk@2@PAK@Z	0xB0	0x82BB89B0
d3d9i	ring.cpp	?BeginRingAlloc@CDevice@D3D@@QAAPAKKK@Z	0xF4	0x82BB8A60
d3d9i	ring.cpp	?StartNewSegment@CDevice@D3D@@QAAPAKK@Z	0x17C	0x82BB8B58
d3d9i	ring.cpp	?AddCommandsToPrimaryBuffer@CDevice@D3D@@QAAXPBKK@Z	0x22C	0x82BB8CD8
d3d9i	ring.cpp	?AddCallsToPrimaryBuffer@CDevice@D3D@@QAAXPBUSegmentCall@2@K@Z	0x390	0x82BB8F08
d3d9i	ring.cpp	?CreateInvalidateBuffer@CDevice@D3D@@QAAXPAK0@Z	0x218	0x82BB9298
d3d9i	ring.cpp	?MakeSpace@CRingAllocList@D3D@@AAAPAKXZ	0x11C	0x82BB94B0
d3d9i	ring.cpp	?AppendArrayData@CRingAllocList@D3D@@QAAXPBXKK@Z	0x8C	0x82BB95D0
d3d9i	ring.cpp	?QueueIndirectBuffer@CDevice@D3D@@QAAPAKPAKKKKPAVCWorkerThreadCommandList@2@H@Z	0x254	0x82BB9660
d3d9i	ring.cpp	?Initialize@CRingAllocList@D3D@@QAAXPAVCDevice@2@K@Z	0x4C	0x82BB98B8
d3d9i	ring.cpp	?KickOffSegment@CDevice@D3D@@QAAXXZ	0x1BC	0x82BB9908
d3d9i	ring.cpp	?QueueCommands@CDevice@D3D@@QAAHPBXKKHH@Z	0x194	0x82BB9AC8
d3d9i	ring.cpp	?KickOff@CDevice@D3D@@QAAPAKXZ	0x144	0x82BB9C60
d3d9i	ring.cpp	D3DDevice_InsertFence	0x4C	0x82BB9DA8
d3d9i	ring.cpp	D3DDevice_IsFencePending	0xA4	0x82BB9DF8
d3d9i	ring.cpp	?InvalidateConstants@D3D@@YAXPAUD3DDevice@@@Z	0x6C	0x82BB9EA0
d3d9i	ring.cpp	?BeginRingBig@CDevice@D3D@@QAAPAKK@Z	0x90	0x82BB9F10
d3d9i	ring.cpp	__FusionInsertTimestamp	0x98	0x82BB9FA0
d3d9i	ring.cpp	D3DDevice_BlockUntilIdle	0x84	0x82BBA038
d3d9i	ring.cpp	D3DDevice_InsertCallback	0x98	0x82BBA0C0
d3d9i	ring.cpp	D3DDevice_NuiMetaData	0x9C	0x82BBA158
d3d9i	ring.cpp	D3DDevice_SetRingBufferParameters	0x3F4	0x82BBA1F8
d3d9i	pix.cpp	?ConvertPWLGammaToGammaRamp@D3D@@YAXPAU_D3DGAMMARAMP@@PBU_D3DPWLGAMMA@@@Z	0xA4	0x82BBA5F0
d3d9i	pix.cpp	?SetAllBlackGamma@D3D@@YAXPAVCDevice@1@@Z	0x60	0x82BBA698
d3d9i	pix.cpp	?PixEnableVideoPlayback@D3D@@YAKPAX@Z	0x8C	0x82BBA6F8
d3d9i	pix.cpp	?PixDisableVideoPlayback@D3D@@YAXPAX@Z	0x70	0x82BBA788
d3d9i	pix.cpp	?PixEstimateVideoCost@D3D@@YAXPAVCDevice@1@PAUPIX_ESTIMATE_VIDEO_COST@@@Z	0x158	0x82BBA7F8
d3d9i	pix.cpp	?GetDrPixCpuCounters@D3D@@YAXPAVCDevice@1@P6AXKPBXKK@ZKH@Z	0x104	0x82BBA950
d3d9i	pix.cpp	?GetDrPixCounters@D3D@@YAXKP6AXKPBXKK@ZK@Z	0x50	0x82BBAA58
d3d9i	pix.cpp	?PercentClamp@D3D@@YAMM@Z	0x80	0x82BBAAA8
d3d9i	pix.cpp	?CalculateBandwidth@D3D@@YAM_K0@Z	0x8C	0x82BBAB28
d3d9i	pix.cpp	?ShortPercentClamp@D3D@@YAK_J0@Z	0xA8	0x82BBABB8
d3d9i	pix.cpp	?ShortCalculateBandwidth@D3D@@YAK_J0@Z	0x90	0x82BBAC60
d3d9i	pix.cpp	?CommandHandler@D3D@@YAJPBDPADKPAU_DM_CMDCONT@@@Z	0xC4	0x82BBACF0
d3d9i	pix.cpp	?PixGpuAdd_Next@D3D@@YAPAKPAVCDevice@1@@Z	0xE8	0x82BBADB8
d3d9i	pix.cpp	PIXCaptureGpuFrame	0xA0	0x82BBAEA0
d3d9i	pix.cpp	?PM4InvalidateShaderCode@D3D@@YAXPAVCDevice@1@@Z	0x60	0x82BBAF40
d3d9i	pix.cpp	?PM4LoadShaderImmediate@D3D@@YA_NPAVCDevice@1@PBKKK@Z	0x94	0x82BBAFA0
d3d9i	pix.cpp	?PM4LoadShaderSQStates@D3D@@YAXPAVCDevice@1@KK@Z	0x58	0x82BBB038
d3d9i	pix.cpp	?PM4LoadShaderConstantsImmediate@D3D@@YA_NPAVCDevice@1@KPBKK@Z	0xF4	0x82BBB090
d3d9i	pix.cpp	?PM4SetTextureFetchConstant@D3D@@YAXPAVCDevice@1@KABTGPUTEXTURE_FETCH_CONSTANT@@@Z	0xC8	0x82BBB188
d3d9i	pix.cpp	?PM4FlushFetchConstants@D3D@@YAXPAVCDevice@1@@Z	0x70	0x82BBB250
d3d9i	pix.cpp	?PM4Draw@D3D@@YAXPAVCDevice@1@KK@Z	0x60	0x82BBB2C0
d3d9i	pix.cpp	?PixTimeSinceVBlank@D3D@@YAKPAX@Z	0x50	0x82BBB320
d3d9i	pix.cpp	?CodecSetState@D3D@@YAXPAVCDevice@1@@Z	0x15C	0x82BBB370
d3d9i	pix.cpp	?FrameDone@D3D@@YAXK@Z	0xA4	0x82BBB4D0
d3d9i	pix.cpp	?GetGPUPerfCounters@D3D@@YAHPAVCDevice@1@@Z	0x114	0x82BBB578
d3d9i	pix.cpp	?SubmitGeneralCounters@D3D@@YAXPAVCDevice@1@@Z	0x2F4	0x82BBB690
d3d9i	pix.cpp	?GetCounter@D3D@@YAMPAVCDevice@1@W4_D3DCOUNTER@@@Z	0x4BC	0x82BBB988
d3d9i	pix.cpp	?BeginCapture@D3D@@YAXPAVCDevice@1@@Z	0x8C	0x82BBBE48
d3d9i	pix.cpp	?BlockUntilIdleCallback@D3D@@YAXPAX@Z	0x38	0x82BBBED8
d3d9i	pix.cpp	?CounterHandler@D3D@@YAXKK@Z	0x2E0	0x82BBBF10
d3d9i	pix.cpp	?InitXBDMInterface@D3D@@YAXPAVCDevice@1@@Z	0x104	0x82BBC1F0
d3d9i	pix.cpp	?UninitXBDMInterface@D3D@@YAXPAVCDevice@1@@Z	0xBC	0x82BBC2F8
d3d9i	pix.cpp	?PixCpuAddSmall_Next@D3D@@YAXW4_PixSmallOpcodesType@@@Z	0xB4	0x82BBC3B8
d3d9i	pix.cpp	?PixInitializePerfMemory@D3D@@YA_NPAVCDevice@1@@Z	0xBC	0x82BBC470
d3d9i	pix.cpp	?PIXMetaRecordRenderTarget@D3D@@YAXPAVCDevice@1@KPAUD3DSurface@@@Z	0x8C	0x82BBC530
d3d9i	pix.cpp	?PIXMetaRecordTilingInfo@D3D@@YAXPAVCDevice@1@KPBU_D3DRECT@@K@Z	0x84	0x82BBC5C0
d3d9i	pix.cpp	?CodecShowFrame@D3D@@YAHPAVCDevice@1@KPAPAUPIX_CHUNK@@KKK@Z	0x788	0x82BBC648
d3d9i	pix.cpp	?CodecVideoEncode@D3D@@YAXPAVCDevice@1@KPAPAUPIX_CHUNK@@KKPAUD3DTexture@@QBM33K@Z	0x4EC	0x82BBCDD0
d3d9i	pix.cpp	?PixDecodeVideoFrame@D3D@@YAKPAXKPAPAUPIX_CHUNK@@KKPAUPIX_DECODE_VIDEO_DATA@@K@Z	0x3D8	0x82BBD2C0
d3d9i	pix.cpp	?BuildVideoRecord@D3D@@YAKPAVCDevice@1@KW4_D3DFORMAT@@KKPBU_D3DPRIVATE_SCALER_PARAMETERS@@PBU_D3DGAMMARAMP@@@Z	0x710	0x82BBD698
d3d9i	pix.cpp	?PixCaptureVideoFrame@D3D@@YAXPAVCDevice@1@KKKW4_D3DFORMAT@@KKPBU_D3DPRIVATE_SCALER_PARAMETERS@@PBU_D3DGAMMARAMP@@@Z	0x138	0x82BBDDA8
d3d9i	pix.cpp	?PixGpuAdd@D3D@@YAXPAVCDevice@1@@Z	0x22C	0x82BBDEE0
d3d9i	pix.cpp	?QueueShaderWriteback@D3D@@YAXPAVCDevice@1@PAX@Z	0x94	0x82BBE110
d3d9i	pix.cpp	?PixPerFrameMetaData@D3D@@YAXPAVCDevice@1@@Z	0xB0	0x82BBE1A8
d3d9i	pix.cpp	?PixSyncronizeToPresentationInterval@D3D@@YAXPAVCDevice@1@H@Z	0xCC	0x82BBE258
d3d9i	pix.cpp	?HandleCaptureState@D3D@@YAXPAVCDevice@1@@Z	0x300	0x82BBE328
d3d9i	pix.cpp	?PixSwap@D3D@@YAXPAVCDevice@1@@Z	0x2C4	0x82BBE628
d3d9i	commands.cpp	?DebugReset@CCommandBuffer@D3D@@QAAXXZ	0x54	0x82BBE8F0
d3d9i	commands.cpp	D3DDevice_CreateCommandBuffer	0xCC	0x82BBE948
d3d9i	commands.cpp	D3DDevice_SetCommandBufferPredication	0x1A0	0x82BBEA18
d3d9i	commands.cpp	?Destroy@CAsyncCall@D3D@@QAAXXZ	0x6C	0x82BBEBB8
d3d9i	commands.cpp	?destroy@?$D3DFastVector@K$1?RTDebugMemAlloc@D3D@@YAPAXK@Z$1?RTDebugMemFree@2@YAXPAX@Z@D3D@@QAAXXZ	0x74	0x82BBEC28
d3d9i	commands.cpp	?ensure2@?$D3DFastVector@K$1?RTDebugMemAlloc@D3D@@YAPAXK@Z$1?RTDebugMemFree@2@YAXPAX@Z@D3D@@QAAXKAAJ@Z	0xE0	0x82BBECA0
d3d9i	commands.cpp	?CommandBufferDeviceAllocate@D3D@@YAPAXPAVCDevice@1@KPAKK@Z	0xDC	0x82BBED80
d3d9i	commands.cpp	?FlushCachedAllocation@CCommandBuffer@D3D@@QAAXXZ	0x8C	0x82BBEE60
d3d9i	commands.cpp	?MakeBufferResourceSpace@D3D@@YAPAVBufferResource@1@PAVCDevice@1@@Z	0xBC	0x82BBEEF0
d3d9i	commands.cpp	?MakeSegmentCallSpace@D3D@@YAPAUSegmentCall@1@PAVCDevice@1@@Z	0xBC	0x82BBEFB0
d3d9i	commands.cpp	?GrowableFree@CCommandBuffer@D3D@@QAAXXZ	0x88	0x82BBF070
d3d9i	commands.cpp	?DebugDestroy@CCommandBuffer@D3D@@QAAXXZ	0xD0	0x82BBF0F8
d3d9i	commands.cpp	?DebugReclaim@CCommandBuffer@D3D@@SAHPAXKPAV12@K@Z	0x240	0x82BBF1C8
d3d9i	commands.cpp	D3DDevice_BeginCommandBuffer	0x510	0x82BBF408
d3d9i	commands.cpp	?AsyncTimeStampBufferResources@@YAXKPAUBufferResourceNode@D3D@@K@Z	0x160	0x82BBF918
d3d9i	commands.cpp	D3D__RunAsyncCommandBuffer	0x774	0x82BBFA78
d3d9i	commands.cpp	D3D__SetAsyncCommandBuffer	0x264	0x82BC01F0
d3d9i	commands.cpp	?Destroy@CCommandBuffer@D3D@@QAAXXZ	0x6C	0x82BC0458
d3d9i	commands.cpp	?DebugAddAllocation@CCommandBuffer@D3D@@QAAHPAXK@Z	0x1DC	0x82BC04C8
d3d9i	commands.cpp	D3DDevice_EndCommandBuffer	0x414	0x82BC06A8
d3d9i	commands.cpp	?resize@?$D3DFastVector@K$1?RTDebugMemAlloc@D3D@@YAPAXK@Z$1?RTDebugMemFree@2@YAXPAX@Z@D3D@@QAAXKAAJ@Z	0x54	0x82BC0AC0
d3d9i	commands.cpp	?GrowableAllocate@CCommandBuffer@D3D@@QAAPAKKPAKK@Z	0xAC	0x82BC0B18
d3d9i	commands.cpp	?AddRTListData@CCommandBuffer@D3D@@QAAJKPBXK@Z	0xF4	0x82BC0BC8
d3d9i	memory.cpp	?IsXpsLockedAddress@D3D@@YAHPAX@Z	0x54	0x82BC0CC0
d3d9i	memory.cpp	?FlushCachedMemory@D3D@@YAXPAX0H@Z	0xD8	0x82BC0D18
d3d9i	nui.cpp	?NuiOnSwap@CDevice@D3D@@QAAXXZ	0x44	0x82BC0DF0
d3d9i	nui.cpp	?D3DDevice_NuiInitialize@@YAJPAPAUD3DDevice@@@Z	0x78	0x82BC0E38
d3d9i	nui.cpp	?D3DDevice_NuiStart@@YAXPAUD3DDevice@@P6AXXZ@Z	0x44	0x82BC0EB0
d3d9i	nui.cpp	?D3DDevice_NuiStop@@YAXPAUD3DDevice@@@Z	0x3C	0x82BC0EF8
d3d9i	gpu.cpp	D3DDevice_GpuDisownAll	0x48	0x82BC0F38
d3d9i	lazy.cpp	?CombineSwizzle@D3D@@YAKTSwizzleVector@1@K@Z	0x80	0x82BC0F80
d3d9i	lazy.cpp	?CompareInterpolatorHeaders@D3D@@YAKPBU_UCODE_R500VSUCODE@@PBU_UCODE_R500PSUCODE@@@Z	0x158	0x82BC1000
d3d9i	lazy.cpp	?PatchBoundInterpolatorHeadersToMatch@D3D@@YAXPAU_UCODE_R500VSUCODE@@PBU_UCODE_R500PSUCODE@@@Z	0x12C	0x82BC1158
d3d9i	lazy.cpp	?SetPending_Split@D3D@@YAPAKPAVCDevice@1@PIAKK1KK@Z	0xC0	0x82BC1288
d3d9i	lazy.cpp	?SetPending_HiZEnable@D3D@@YA_KPAVCDevice@1@_K@Z	0x204	0x82BC1348
d3d9i	lazy.cpp	?SetPending_Predicated@D3D@@YA_KPAVCDevice@1@_KK@Z	0x398	0x82BC1550
d3d9i	lazy.cpp	?SetPending_RenderStates@D3D@@YAXPAVCDevice@1@_KKPAX@Z	0xD0	0x82BC18E8
d3d9i	lazy.cpp	?SetPending_ClipPlanes@D3D@@YAXPAVCDevice@1@_K@Z	0x184	0x82BC19B8
d3d9i	lazy.cpp	?SetPending_FetchConstants@D3D@@YAXPAVCDevice@1@_K@Z	0x160	0x82BC1B40
d3d9i	lazy.cpp	?SetPending_AluConstants@D3D@@YAXPAVCDevice@1@_KKPAX@Z	0x160	0x82BC1CA0
d3d9i	lazy.cpp	?PatchVertexShaderToMatchVertexDeclaration@D3D@@YAXPAVCVertexShader@1@PAKPBVCVertexDeclaration@1@PBEK@Z	0x5A0	0x82BC1E00
d3d9i	lazy.cpp	?VertexShaderStubOutput@D3D@@YAXPBU_UCODE_R500VSUCODE@@PATGPUSHADER_INSTRUCTION@@PBT_UCODE_VSOUTPUTDECLARATION@@@Z	0xC4	0x82BC23A0
d3d9i	lazy.cpp	?VertexShaderRedirectOutput@D3D@@YAXPBU_UCODE_R500VSUCODE@@PATGPUSHADER_INSTRUCTION@@PBT_UCODE_VSOUTPUTDECLARATION@@PBT_UCODE_PSINPUTDECLARATION@@@Z	0xC8	0x82BC2468
d3d9i	lazy.cpp	?PatchVertexShaderToMatchPixelShader@D3D@@YAXPAUPIXPatchVertexShaderToMatchPixelShaderData@@PBU_UCODE_R500VSUCODE@@PATGPUSHADER_INSTRUCTION@@PATGPU_PROGRAMCONTROL@@PAU_UCODE_R500PSUCODE@@@Z	0x1B4	0x82BC2530
d3d9i	lazy.cpp	?PIXMetaLoadVertexShaderImp@D3D@@YAXPAVCDevice@1@PAVCVertexShader@1@@Z	0xF0	0x82BC26E8
d3d9i	lazy.cpp	?PIXMetaLoadPixelShaderImp@D3D@@YAXPAVCDevice@1@PAVCPixelShader@1@@Z	0xF0	0x82BC27D8
d3d9i	lazy.cpp	?IncrementalShaderPatchAndLoad@D3D@@YAXPAVCDevice@1@HPAVCVertexShader@1@PATGPU_PROGRAMCONTROL@@PAVCVertexDeclaration@1@PAU_UCODE_R500VSUCODE@@PAU_UCODE_R500PSUCODE@@K@Z	0x24C	0x82BC28C8
d3d9i	lazy.cpp	?SetLiteralShaderConstants@D3D@@YAXPAVCDevice@1@PAU_UCODE_HEADER@@PAX@Z	0xBC	0x82BC2B18
d3d9i	lazy.cpp	?DirectShaderPatch@D3D@@YAHPAVCDevice@1@PAVCVertexShader@1@PAVCVertexDeclaration@1@K@Z	0x154	0x82BC2BD8
d3d9i	lazy.cpp	?SetPending_Shaders@D3D@@YA_KPAVCDevice@1@_K@Z	0x9F0	0x82BC2D30
d3d9i	lazy.cpp	D3DVertexShader_Bind	0x188	0x82BC3720
d3d9i	rttexturetracker.cpp	?AddRef@RTBasicTextureInfo@D3D@@QAAJXZ	0x54	0x82BC38A8
d3d9i	rttexturetracker.cpp	?Initialize@CRTTextureTracker@D3D@@QAAJXZ	0x90	0x82BC3900
d3d9i	rttexturetracker.cpp	?IsPageIndexUsable@CRTCurrentMemoryTracker@D3D@@ABA_NK_N@Z	0x74	0x82BC3990
d3d9i	rttexturetracker.cpp	??0AutoCriticalSection@D3D@@QAA@PAU_RTL_CRITICAL_SECTION@@_N@Z	0x6C	0x82BC3A08
d3d9i	rttexturetracker.cpp	??0RTRelevantTextureFields@D3D@@QAA@PBTGPUTEXTURE_FETCH_CONSTANT@@@Z	0xC0	0x82BC3A78
d3d9i	rttexturetracker.cpp	?GetIndexFromGpuTexAddress@CRTCurrentMemoryTracker@D3D@@SAKK@Z	0x58	0x82BC3B38
d3d9i	rttexturetracker.cpp	?GetIndexFromCpuTexAddress@CRTCurrentMemoryTracker@D3D@@SAKK@Z	0x70	0x82BC3B90
d3d9i	rttexturetracker.cpp	?Find@?$CTSSortedList@URTMemUsageInfo@D3D@@K$1?RTDebugMemAlloc@2@YAPAXK@Z$1?RTDebugMemFree@2@YAXPAX@Z@D3D@@QAAPAURTMemUsageInfo@2@K@Z	0x7C	0x82BC3C00
d3d9i	rttexturetracker.cpp	?FindOrAdd@?$CTSSortedList@URTMemUsageInfo@D3D@@K$1?RTDebugMemAlloc@2@YAPAXK@Z$1?RTDebugMemFree@2@YAXPAX@Z@D3D@@QAAPAURTMemUsageInfo@2@K@Z	0xC8	0x82BC3C80
d3d9i	rttexturetracker.cpp	?TrackBasicTextureInfoDestruction@D3D@@YAXPAURTBasicTextureInfo@1@_K@Z	0xB0	0x82BC3D48
d3d9i	rttexturetracker.cpp	?IsSimilarTexture@RTRelevantTextureFields@D3D@@QBA_NABU12@@Z	0xD8	0x82BC3DF8
d3d9i	rttexturetracker.cpp	?Release@RTBasicTextureInfo@D3D@@QAAJXZ	0xFC	0x82BC3ED0
d3d9i	rttexturetracker.cpp	?OnEndingCapture@CRTCurrentMemoryTracker@D3D@@QAAXXZ	0x124	0x82BC3FD0
d3d9i	rttexturetracker.cpp	?OnEndedCapture@CRTCurrentMemoryTracker@D3D@@QAAXXZ	0x11C	0x82BC40F8
d3d9i	rttexturetracker.cpp	?MakeNewCurrentInfoNode@RTBasicTextureInfo@D3D@@SAPAU12@PAURTRelevantTextureFields@2@@Z	0x114	0x82BC4218
d3d9i	rttexturetracker.cpp	?TextureHasUsableMipAddress@D3D@@YA_NPBTGPUTEXTURE_FETCH_CONSTANT@@@Z	0xDC	0x82BC4330
d3d9i	rttexturetracker.cpp	?OnStopIgnoringMemoryRange@CRTCurrentMemoryTracker@D3D@@QAAJPBXK@Z	0x1DC	0x82BC4410
d3d9i	rttexturetracker.cpp	?DupString@D3D@@YAPBDPBD@Z	0xB8	0x82BC45F0
d3d9i	rttexturetracker.cpp	?SaveTextureNamesToGpuCapture@CRTCurrentMemoryTracker@D3D@@QAAJXZ	0x1A8	0x82BC46A8
d3d9i	rttexturetracker.cpp	??$CleanupBasicInfoTail@UInfoAccessorBase@D3D@@@D3D@@YA?AW4CleanupResult@0@PAPAURTBasicTextureInfo@0@PAU20@KK@Z	0xB4	0x82BC4850
d3d9i	rttexturetracker.cpp	??$CleanupBasicInfoTail@UInfoAccessorMip@D3D@@@D3D@@YA?AW4CleanupResult@0@PAPAURTBasicTextureInfo@0@PAU20@KK@Z	0xB4	0x82BC4908
d3d9i	rttexturetracker.cpp	??$MergeBasicTextureInfoList@UInfoAccessorBase@D3D@@@D3D@@YA?AW4CleanupResult@0@PAPAURTBasicTextureInfo@0@PAU20@KK@Z	0x228	0x82BC49C0
d3d9i	rttexturetracker.cpp	??$MergeBasicTextureInfoList@UInfoAccessorMip@D3D@@@D3D@@YA?AW4CleanupResult@0@PAPAURTBasicTextureInfo@0@PAU20@KK@Z	0x228	0x82BC4BE8
d3d9i	rttexturetracker.cpp	?FindMatchingBasicTextureInfoBase@D3D@@YA?AW4CleanupResult@1@ABURTRelevantTextureFields@1@AAPAPAURTBasicTextureInfo@1@AAKKK@Z	0xD0	0x82BC4E10
d3d9i	rttexturetracker.cpp	?FindMatchingBasicTextureInfoMip@D3D@@YA?AW4CleanupResult@1@ABURTRelevantTextureFields@1@AAPAPAURTBasicTextureInfo@1@AAKKK@Z	0xD0	0x82BC4EE0
d3d9i	rttexturetracker.cpp	?DestroyBasicTextureInfoLists@D3D@@YAXAAURTMemUsageInfo@1@@Z	0x74	0x82BC4FB0
d3d9i	rttexturetracker.cpp	?OnCollectorEndingCapture@CRTTextureTracker@D3D@@QAAXXZ	0x58	0x82BC5028
d3d9i	rttexturetracker.cpp	?SetNewBasicTextureInfo@CRTCurrentMemoryTracker@D3D@@AAAXPAURTMemUsageInfo@2@K0KPAURTBasicTextureInfo@2@@Z	0x120	0x82BC5080
d3d9i	rttexturetracker.cpp	?FindOrAddValidMemUsageInfo@CRTCurrentMemoryTracker@D3D@@AAAPAURTMemUsageInfo@2@K_N@Z	0x74	0x82BC51A0
d3d9i	rttexturetracker.cpp	?OnIgnoreMemoryRange@CRTCurrentMemoryTracker@D3D@@QAAJPBXK@Z	0x29C	0x82BC5218
d3d9i	rttexturetracker.cpp	?OnReportMovedMemoryRange@CRTCurrentMemoryTracker@D3D@@QAAJPBX0K@Z	0x250	0x82BC54B8
d3d9i	rttexturetracker.cpp	?OnReportFreedMemoryRange@CRTCurrentMemoryTracker@D3D@@QAAJPBXK_K@Z	0xDC	0x82BC5708
d3d9i	rttexturetracker.cpp	?Destroy@?$CTSHashTable@URTMemUsageInfo@D3D@@UHashParams_MemInfo@CRTCurrentMemoryTracker@2@$1?RTDebugMemAlloc@2@YAPAXK@Z$1?RTDebugMemFree@2@YAXPAX@Z@D3D@@QAAXXZ	0x50	0x82BC57E8
d3d9i	rttexturetracker.cpp	?FindFromCpuTexAddress@CRTCurrentMemoryTracker@D3D@@QAAPAURTMemUsageInfo@2@K@Z	0x74	0x82BC5838
d3d9i	rttexturetracker.cpp	?Destroy@CRTCurrentMemoryTracker@D3D@@QAAXXZ	0xA0	0x82BC58B0
d3d9i	rttexturetracker.cpp	?FindOrGetTextureInfo@CRTCurrentMemoryTracker@D3D@@QAAJPBTGPUTEXTURE_FETCH_CONSTANT@@KPAPAURTBasicTextureInfo@2@@Z	0x674	0x82BC5950
d3d9i	rttexturetracker.cpp	?OnCreateTexture@CRTCurrentMemoryTracker@D3D@@QAAJPBTGPUTEXTURE_FETCH_CONSTANT@@HH_J@Z	0x168	0x82BC5FC8
d3d9i	rttexturetracker.cpp	?OnDeleteTexture@CRTCurrentMemoryTracker@D3D@@QAAJPBTGPUTEXTURE_FETCH_CONSTANT@@HH_J@Z	0x1D4	0x82BC6130
d3d9i	rttexturetracker.cpp	?OnIgnoreTexture@CRTCurrentMemoryTracker@D3D@@QAAJPBTGPUTEXTURE_FETCH_CONSTANT@@@Z	0x14C	0x82BC6308
d3d9i	rttexturetracker.cpp	?OnStopIgnoringTexture@CRTCurrentMemoryTracker@D3D@@QAAJPBTGPUTEXTURE_FETCH_CONSTANT@@@Z	0x15C	0x82BC6458
d3d9i	rttexturetracker.cpp	?OnResolveTarget@CRTCurrentMemoryTracker@D3D@@QAAJPAUPIXMetaResolveDestTextureData@@@Z	0x160	0x82BC65B8
d3d9i	rttexturetracker.cpp	?OnSetTextureName@CRTCurrentMemoryTracker@D3D@@QAAJPBTGPUTEXTURE_FETCH_CONSTANT@@PBD@Z	0x258	0x82BC6718
d3d9i	rttexturetracker.cpp	?OnLoadTextureConstant@CRTCurrentMemoryTracker@D3D@@QAAJPBTGPUTEXTURE_FETCH_CONSTANT@@PAPAURTBasicTextureInfo@2@@Z	0x54	0x82BC6970
d3d9i	rttexturetracker.cpp	?HandleResolve@CRTTextureTracker@D3D@@QAAXPAUPIXMetaResolveDestTextureData@@@Z	0x68	0x82BC69C8
d3d9i	rttexturetracker.cpp	?Destroy@CRTTextureTracker@D3D@@QAAXXZ	0x60	0x82BC6A30
d3d9i	rttexturetracker.cpp	?D3DDevice_PixReportNewTextureInternal@@YAXPAUD3DDevice@@PAUD3DBaseTexture@@HH@Z	0x1E8	0x82BC6A90
d3d9i	rttexturetracker.cpp	D3DDevice_PixReportDeletedTexture	0x1E8	0x82BC6C78
d3d9i	rttexturetracker.cpp	?TryToDrainQueue@CRTTextureTracker@D3D@@QAAJ_N@Z	0x22C	0x82BC6E60
d3d9i	rttexturetracker.cpp	?AddToNameAndIgnoreQueue@CRTTextureTracker@D3D@@QAAJW4PIXMeta@@PBXK@Z	0xE8	0x82BC7090
d3d9i	rttexturetracker.cpp	?OnEndingCapture@CRTTextureTracker@D3D@@QAAJXZ	0x68	0x82BC7178
d3d9i	rttexturetracker.cpp	?OnCollectorEndedCapture@CRTTextureTracker@D3D@@QAAXXZ	0x6C	0x82BC71E0
d3d9i	rttexturetracker.cpp	?PIXReportNewTextureInternal@@YAJPAUD3DBaseTexture@@HH@Z	0x1AC	0x82BC7250
d3d9i	rttexturetracker.cpp	PIXReportDeletedTexture	0x1AC	0x82BC7400
d3d9i	allocate.cpp	?FindFreeChunk@D3D@@YAKPAUEdram@1@PAK@Z	0x114	0x82BC75B0
d3d9i	allocate.cpp	?MarkBits@D3D@@YAXPAUEdram@1@KKH@Z	0x158	0x82BC76C8
d3d9i	allocate.cpp	?FreeEdramMemory@D3D@@YAXKK@Z	0x5C	0x82BC7820
d3d9i	allocate.cpp	?AllocateEdramMemory@D3D@@YAHKPAK@Z	0x180	0x82BC7880
d3d9i	xenongpu.cpp	?XenonGpu_Initialize@D3D@@YAXPAVCDevice@1@@Z	0x200	0x82BC7A00
d3d9i	xps.cpp	?LockL2@D3D@@YAXPAVCXpsGlobal@1@K@Z	0xC4	0x82BC7C00
d3d9i	xps.cpp	?UnlockL2@D3D@@YAXPAVCXpsGlobal@1@@Z	0x44	0x82BC7CC8
d3d9i	xps.cpp	?CalculatePredicationSelect@D3D@@YAKPAVCXpsGlobal@1@@Z	0x9C	0x82BC7D10
d3d9i	xps.cpp	?DEBUG_ADDLOG@D3D@@YAXKKK@Z	0xB4	0x82BC7DB0
d3d9i	xps.cpp	?UpdatePredicationSelect@D3D@@YAXPAVCXpsGlobal@1@@Z	0x94	0x82BC7E68
d3d9i	xps.cpp	?WaitForXpsIdle@D3D@@YAXPAVCXpsGlobal@1@@Z	0xA4	0x82BC7F00
d3d9i	xps.cpp	?AutoPatch@D3D@@YAXPAUWorkerState@1@PAVCPatchListChunk@1@H@Z	0x110	0x82BC7FA8
d3d9i	xps.cpp	?DispatchCompletion@D3D@@YAPAKPAVCXpsGlobal@1@PAUD3DXpsThread@@PCK@Z	0x170	0x82BC80B8
d3d9i	xps.cpp	?KickOffWorkerThread@D3D@@YAXPAVCXpsThread@1@PAVCWorkerThreadCommandListChunk@1@@Z	0x8C	0x82BC8228
d3d9i	xps.cpp	?KickOffWorkerThreadDpc@D3D@@YAXPAU_KDPC@@PAX11@Z	0x48	0x82BC82B8
d3d9i	xps.cpp	?WorkerDpc@D3D@@YAXK@Z	0x6C	0x82BC8300
d3d9i	xps.cpp	?PixCaptureWorkerDpc@D3D@@YAXK@Z	0x94	0x82BC8370
d3d9i	xps.cpp	?StartWorkerQueue@D3D@@YAXPAVCDevice@1@@Z	0x17C	0x82BC8408
d3d9i	xps.cpp	?UninitializeXps@D3D@@YAXPAVCDevice@1@@Z	0xA8	0x82BC8588
d3d9i	xps.cpp	?XpsConfigureForWork@D3D@@YAXPAVCDevice@1@PAVCXpsGlobal@1@K@Z	0x1AC	0x82BC8630
d3d9i	xps.cpp	?XpsVisibilityPatch@D3D@@YAXPBVCXpsVisibilityPatchListChunk@1@@Z	0x10C	0x82BC87E0
d3d9i	xps.cpp	?XpsQueryPatch@D3D@@YAXPAUWorkerState@1@PAVCXpsQueryPatchListChunk@1@@Z	0x158	0x82BC88F0
d3d9i	xps.cpp	?XpsAutoPatch@D3D@@YAXPAUWorkerState@1@PAVCXpsPatchListChunk@1@@Z	0x10C	0x82BC8A48
d3d9i	xps.cpp	?TilingPatch@D3D@@YAXPAUWorkerState@1@PAVCPatchListChunk@1@PAVCCommandBufferCallListChunk@1@@Z	0xCC	0x82BC8B58
d3d9i	xps.cpp	?DispatchCommands@D3D@@YAPAKPAKPAVCXpsGlobal@1@@Z	0x378	0x82BC8C28
d3d9i	xps.cpp	?DispatchWorker@D3D@@YAXPAUD3DXpsThread@@@Z	0x370	0x82BC8FA0
d3d9i	xps.cpp	?WorkerThread@D3D@@YAKPAX@Z	0x1B4	0x82BC9310
d3d9i	xps.cpp	?StopWorkerQueue@D3D@@YAHPAVCDevice@1@KK@Z	0x1CC	0x82BC94C8
d3d9i	xps.cpp	?KickOffOnWorkerQueue@D3D@@YAXPAVCDevice@1@KKPAVCWorkerThreadCommandList@1@W4Queue_Commands@1@@Z	0x9C	0x82BC9698
d3d9i	xps.cpp	?InitializeXps@D3D@@YAHPAVCDevice@1@@Z	0x21C	0x82BC9738
d3d9i	xps.cpp	?IssueSampleCountQuery@D3D@@YAXPAVCDevice@1@PAUCQuery@1@K@Z	0x1D0	0x82BC9958
d3d9i	gamma.cpp	?AdjustPWLGamma@D3D@@YAXPAU_D3DPWLGAMMAENTRY@@PBU2@PAG@Z	0x74	0x82BC9B28
d3d9i	gamma.cpp	?Gamma_sRGB@D3D@@YAMMH@Z	0xD4	0x82BC9BA0
d3d9i	gamma.cpp	?Gamma_TV@D3D@@YAMMH@Z	0xD4	0x82BC9C78
d3d9i	gamma.cpp	?Gamma_Standard@D3D@@YAMMMH@Z	0x74	0x82BC9D50
d3d9i	gamma.cpp	?GetCurrentGammaTable@D3D@@YAPAGH@Z	0x17C	0x82BC9DC8
d3d9i	gamma.cpp	?GammaRampCorrected@D3D@@YAXPAU_D3DGAMMARAMP@@PBU2@H@Z	0x88	0x82BC9F48
d3d9i	gamma.cpp	?GammaPWLCorrected@D3D@@YAXPAU_D3DPWLGAMMA@@PBU2@H@Z	0x80	0x82BC9FD0
d3d9i	gamma.cpp	?SetRawGammaRamp@D3D@@YAXPAVCDevice@1@PBU_D3DGAMMARAMP@@@Z	0xF8	0x82BCA050
d3d9i	gamma.cpp	?SetRawPWLGamma@D3D@@YAXPAVCDevice@1@PBU_D3DPWLGAMMA@@@Z	0x138	0x82BCA148
d3d9i	gamma.cpp	?ResetGamma@D3D@@YAXPAU_D3DGAMMARAMP@@H@Z	0x84	0x82BCA280
d3d9i	gamma.cpp	?ResetGamma@D3D@@YAXPAU_D3DPWLGAMMA@@H@Z	0xA0	0x82BCA308
d3d9i	debug.cpp	?ReadMMRegUlong@D3D@@YAKK@Z	0x3C	0x82BCA3A8
d3d9i	debug.cpp	?WriteMMRegUlong@D3D@@YAXKK@Z	0x4C	0x82BCA3E8
d3d9i	debug.cpp	?Out@Hang@D3D@@QAAXPBDZZ	0x98	0x82BCA438
d3d9i	debug.cpp	?HangStateDump@D3D@@YAXPAVHang@1@@Z	0x270	0x82BCA4D0
d3d9i	debug.cpp	?HangTextureDump@D3D@@YAXP6AKK@ZP6AXKK@ZKKKPATGPUTEXTURE_FETCH_CONSTANT@@@Z	0xC8	0x82BCA740
d3d9i	debug.cpp	?CrashDump@D3D@@YAXPAVCDevice@1@@Z	0x60	0x82BCA808
d3d9i	debug.cpp	?HangCommandBufferDump@D3D@@YAXPAVHang@1@KH@Z	0x1EC	0x82BCA868
d3d9i	debug.cpp	?HangRecognizer@D3D@@YAXPAUD3DDevice@@P6AXPBD@ZP6AKK@ZP6AXKK@Z@Z	0x8C4	0x82BCAA58
d3d9i	debug.cpp	?DebugGpuDeadlock@D3D@@YAHPAVCDevice@1@@Z	0xAC	0x82BCB320
d3d9i	initialize.cpp	?SetAllSignals@D3D@@YAXPAVCDevice@1@@Z	0x100	0x82BCB3D0
d3d9i	initialize.cpp	?Set3DVideoFormat@D3D@@YAKK@Z	0x94	0x82BCB4D0
d3d9i	initialize.cpp	?DriverCleanup@D3D@@YAXPAX@Z	0x40	0x82BCB568
d3d9i	initialize.cpp	?D3DHangAvoidanceNotification@D3D@@YAXPAU_EX_TITLE_TERMINATE_REGISTRATION@@@Z	0x54	0x82BCB5A8
d3d9i	initialize.cpp	?GetVideoFlags@XConfigUserSettings@@SAJAAK@Z	0x58	0x82BCB600
d3d9i	initialize.cpp	?InitializeApiState@D3D@@YAXPAVCDevice@1@@Z	0x270	0x82BCB658
d3d9i	initialize.cpp	?UninitializePresentationParameters@D3D@@YAXPAVCDevice@1@@Z	0xB4	0x82BCB8C8
d3d9i	initialize.cpp	?DeleteQueryBlock@D3D@@YAXPAUCQueryBlock@1@@Z	0x60	0x82BCB980
d3d9i	initialize.cpp	?CreateStereo3DXamBuffer@D3D@@YAHPAVCDevice@1@@Z	0x98	0x82BCB9E0
d3d9i	initialize.cpp	?DestroyStereo3DXamBuffer@D3D@@YAXPAVCDevice@1@@Z	0x6C	0x82BCBA78
d3d9i	initialize.cpp	?VideoModeInitialize@D3D@@YAXPAVCDevice@1@PBU_D3DPRESENT_PARAMETERS_@@H@Z	0x178	0x82BCBAE8
d3d9i	initialize.cpp	?D3DTerminateNotification@D3D@@YAXPAU_EX_TITLE_TERMINATE_REGISTRATION@@@Z	0x64	0x82BCBC60
d3d9i	initialize.cpp	?DriverInitialize@D3D@@YAHPAVCDevice@1@@Z	0x9C	0x82BCBCC8
d3d9i	initialize.cpp	?InitializeCommonDeviceState@D3D@@YAHPAVCDevice@1@@Z	0xC4	0x82BCBD68
d3d9i	initialize.cpp	?InitializeCommandBufferDevice@D3D@@YAHPAVCDevice@1@@Z	0x5C	0x82BCBE30
d3d9i	initialize.cpp	?FreePerfCounterMemory@D3D@@YAXPAUD3DDevice@@@Z	0x88	0x82BCBE90
d3d9i	initialize.cpp	?UninitializeDevice@D3D@@YAXPAVCDevice@1@@Z	0x240	0x82BCBF18
d3d9i	initialize.cpp	?InitializePresentationParameters@D3D@@YAHPAVCDevice@1@PBU_D3DPRESENT_PARAMETERS_@@@Z	0x288	0x82BCC158
d3d9i	initialize.cpp	?InitializeHardwareDevice@D3D@@YAHPAVCDevice@1@PBU_D3DPRESENT_PARAMETERS_@@@Z	0x294	0x82BCC3E0
d3d9i	rtcommon.cpp	?RTMemDebugAllocPhysical@D3D@@YAPAXKKK@Z	0x68	0x82BCC678
d3d9i	rtcommon.cpp	?GetHashOfString@D3D@@YA_KPBD@Z	0xB4	0x82BCC6E0
d3d9i	rtcommon.cpp	??0CRTTextureTracker@D3D@@QAA@XZ	0x58	0x82BCC798
d3d9i	rtcommon.cpp	??0CRTCommandBufferHacker@D3D@@QAA@PCUNonSnoopedWriteBacks@1@@Z	0x6C	0x82BCC7F0
d3d9i	rtcommon.cpp	?CleanUpThumbAndExport@CRTCommandBufferHacker@D3D@@QAAJXZ	0x198	0x82BCC860
d3d9i	rtcommon.cpp	?RT_XMCORE_MemFree@D3D@@YAXPAX0@Z	0x54	0x82BCC9F8
d3d9i	rtcommon.cpp	?DefaultTextureTrackerErrorCallback@D3D@@YAXPBD@Z	0x140	0x82BCCA50
d3d9i	rtcommon.cpp	?Destroy@CRTCommandBufferHacker@D3D@@QAAJXZ	0x1A8	0x82BCCB90
d3d9i	rtcommon.cpp	?RT_XMCORE_MemAlloc@D3D@@YAPAXPAXK@Z	0x7C	0x82BCCD38
d3d9i	rtcommon.cpp	?EnableTextureTracking@CRTGlobalData@D3D@@QAAJXZ	0x23C	0x82BCCDB8
d3d9i	rtcommon.cpp	?RTEnableTextureTracking@CDevice@D3D@@QAAJXZ	0xC4	0x82BCCFF8
d3d9i	rtcommon.cpp	?EndResourceCapture@CRTGlobalData@D3D@@QAAJ_N0@Z	0x154	0x82BCD0C0
d3d9i	rtcommon.cpp	?DisableTextureTracking@CRTGlobalData@D3D@@QAAJXZ	0x19C	0x82BCD218
d3d9i	rtcommon.cpp	?BeginResourceCapture@CRTGlobalData@D3D@@QAAJPBDPCUNonSnoopedWriteBacks@2@_NPAURTGracefulShutdownThreadScoped@2@@Z	0x540	0x82BCD3B8
d3d9i	rtcommon.cpp	?RTOnSwap@CDevice@D3D@@QAAJXZ	0x3DC	0x82BCD8F8
d3d9i	scaler.cpp	?Clamp@D3D@@YAMMMM@Z	0x64	0x82BCDCD8
d3d9i	scaler.cpp	?InitializeDefaultScalerParameters@D3D@@YAXPAVCDevice@1@KKPBU_D3DPRIVATE_SCALER_PARAMETERS@@PAU3@H@Z	0x134	0x82BCDD40
d3d9i	scaler.cpp	?ConvertScalerParametersInternal@D3D@@YAXPAVCDevice@1@PBU_D3DVIDEO_SCALER_PARAMETERS@@PAU_D3DPRIVATE_SCALER_PARAMETERS@@@Z	0xAC	0x82BCDE78
d3d9i	scaler.cpp	?SendScalerNotification@D3D@@YAXPAVCDevice@1@KKPBU_D3DPRIVATE_SCALER_PARAMETERS@@@Z	0x7C	0x82BCDF28
d3d9i	scaler.cpp	?XMScalarSin@@YAMM@Z	0x114	0x82BCDFA8
d3d9i	scaler.cpp	?_pow@D3D@@YAMMM@Z	0x214	0x82BCE0C0
d3d9i	scaler.cpp	?_sqrt@D3D@@YAMM@Z	0x90	0x82BCE2D8
d3d9i	scaler.cpp	?coef_f2c@D3D@@YAXPAMPAIHH@Z	0x46C	0x82BCE368
d3d9i	scaler.cpp	?Bessi0@D3D@@YAMM@Z	0x160	0x82BCE7D8
d3d9i	scaler.cpp	?KaiserWindow@D3D@@YAMMMM@Z	0x7C	0x82BCE938
d3d9i	scaler.cpp	?sinc@D3D@@YAMM@Z	0x68	0x82BCE9B8
d3d9i	scaler.cpp	?mitchell@D3D@@YAMM@Z	0x114	0x82BCEA20
d3d9i	scaler.cpp	?catmull@D3D@@YAMM@Z	0x114	0x82BCEB38
d3d9i	scaler.cpp	?GenerateFilterCoefficients@D3D@@YAXW4_D3DFILTER_TYPE@@KKHMMPAM@Z	0x444	0x82BCEC50
d3d9i	scaler.cpp	?BuildFilter@D3D@@YAXPAU_FILTER@@HW4_D3DFILTER_TYPE@@PBU_D3DFILTER_PARAMETERS@@MIH@Z	0x2B4	0x82BCF098
d3d9i	scaler.cpp	?InternalScalerSetup@D3D@@YAHPAVCDevice@1@KKKKKAAW4_D3DFILTER_TYPE@@PBU_D3DFILTER_PARAMETERS@@12PAU_HARDWARE_SCALER_PARAMETERS@@@Z	0x598	0x82BCF350
d3d9i	scaler.cpp	?SetupScaler@D3D@@YAXPAVCDevice@1@KKPBU_D3DPRIVATE_SCALER_PARAMETERS@@H@Z	0x1D0	0x82BCF8E8
d3d9i	scaler.cpp	D3DDevice_SetScalerParametersInternal	0x90	0x82BCFAB8
d3d9i	scaler.cpp	D3DDevice_SetScalerParameters	0x58	0x82BCFB48
d3d9i	hsio.cpp	?TrainEDRAM@D3D@@YAHPAVCDevice@1@KH@Z	0xEC	0x82BCFBA0
d3d9i	lowpri.cpp	?LowPriSetGprAllocation@D3D@@YAXPAVCXpsGlobal@1@PAVCDevice@1@K@Z	0xE4	0x82BCFC90
d3d9i	lowpri.cpp	?FinishExecutingLowPriSubmission@D3D@@YAXPAVCXpsGlobal@1@PAVCDevice@1@K@Z	0x80	0x82BCFD78
d3d9i	lowpri.cpp	?LowPriPrbWritePerfCounter@D3D@@YAXPAVCDevice@1@PCKK@Z	0x64	0x82BCFDF8
d3d9i	lowpri.cpp	?IncrementNumLowPriFencesCompleted@_LOW_PRI_STATS@@QAAHXZ	0x98	0x82BCFE60
d3d9i	lowpri.cpp	?SetLastLowPriFenceOfYield@_LOW_PRI_STATS@@QAAHK@Z	0x9C	0x82BCFEF8
d3d9i	lowpri.cpp	?D3DDevice_InsertYieldPoint@@YAJPAUD3DDevice@@KK@Z	0x190	0x82BCFF98
d3d9i	lowpri.cpp	D3DDevice_ResetLowPriorityQueues	0x190	0x82BD0128
d3d9i	lowpri.cpp	?LowPriReportGpuDoneWithYield@D3D@@YAXPAVCDevice@1@@Z	0x120	0x82BD02B8
d3d9i	lowpri.cpp	?LowPriDoneInterruptCallback@D3D@@YAXK@Z	0x58	0x82BD03D8
d3d9i	lowpri.cpp	?ProcessLowPriBlockOnFence@D3D@@YA_NPAVCDevice@1@K@Z	0xA8	0x82BD0430
d3d9i	lowpri.cpp	?LowPriPrbWriteTimestamp@D3D@@YAXPAVCDevice@1@PCK@Z	0x8C	0x82BD04D8
d3d9i	lowpri.cpp	?ExecuteLowPriCommandBuffer@D3D@@YAXPAVCXpsGlobal@1@PAVCDevice@1@KPAULowPrioritySubmission@@@Z	0xFC	0x82BD0568
d3d9i	lowpri.cpp	?ExecutePendingSave@D3D@@YAXPAVCXpsGlobal@1@PAVCDevice@1@K@Z	0xAC	0x82BD0668
d3d9i	lowpri.cpp	?ExecuteLowPriSubmission@D3D@@YAXPAVCXpsGlobal@1@PAVCDevice@1@KPAK@Z	0x2E4	0x82BD0718
d3d9i	lowpri.cpp	?HandleRequiredLowPriWork@D3D@@YAXPAVCXpsGlobal@1@PAVCDevice@1@PAUQueueRecord_YieldPointParams@1@@Z	0x110	0x82BD0A00
d3d9i	lowpri.cpp	?HandleLowPriWork@D3D@@YAPAKPAVCXpsGlobal@1@PAUQueueRecord_YieldPointParams@1@@Z	0x3A0	0x82BD0B10
d3d9i	movie.cpp	?XBMHandleConnect@D3D@@YAHPBD@Z	0x34	0x82BD0EB0
d3d9i	movie.cpp	?XBMHandleDisconnect@D3D@@YAHPBD@Z	0x34	0x82BD0EE8
d3d9i	movie.cpp	?XBMHandleVersionCheck@D3D@@YAHPBD@Z	0x4C	0x82BD0F20
d3d9i	movie.cpp	?XBMHandleLimitCaptureSize@D3D@@YAHPBD@Z	0x60	0x82BD0F70
d3d9i	movie.cpp	?XBMHandleBeginCaptureFileCreation@D3D@@YAHPBD@Z	0x5C	0x82BD0FD0
d3d9i	movie.cpp	?XBMHandleBeginCapture@D3D@@YAHPBD@Z	0x34	0x82BD1030
d3d9i	movie.cpp	?XBMHandleEndCapture@D3D@@YAHPBD@Z	0x34	0x82BD1068
d3d9i	movie.cpp	?XBMInitialize@D3D@@YAHPAVCDevice@1@@Z	0x50	0x82BD10A0
d3d9i	movie.cpp	?XBMProcessCommand@D3D@@YAJPBDPADKPAU_DM_CMDCONT@@@Z	0x2BC	0x82BD10F0
d3d9i	movie.cpp	?XBMAllocateFrameMemory@D3D@@YAXIPAXPAPAXPAW4MEMORYREGION@1@@Z	0x98	0x82BD13B0
d3d9i	movie.cpp	?XBMFreeFrameMemory@D3D@@YAXPAXW4MEMORYREGION@1@@Z	0x64	0x82BD1448
d3d9i	movie.cpp	?XBMDestroyContext@D3D@@YAXPAVCDevice@1@@Z	0xD4	0x82BD14B0
d3d9i	movie.cpp	?XBMCreateContext@D3D@@YAJPAVCDevice@1@PAUD3DBaseTexture@@PBD@Z	0x734	0x82BD1588
d3d9i	movie.cpp	?XBMAdvanceCaptureFile@D3D@@YAXPAUXBMContext@1@I@Z	0xF0	0x82BD1CC0
d3d9i	movie.cpp	?XBMEndCapture@D3D@@YAXPAVCDevice@1@@Z	0x428	0x82BD1DB0
d3d9i	movie.cpp	?XBMUninitialize@D3D@@YAXPAVCDevice@1@@Z	0x44	0x82BD21D8
d3d9i	movie.cpp	?XBMBeginCapture@D3D@@YAHPAVCDevice@1@PAUD3DBaseTexture@@PBD@Z	0x378	0x82BD2220
d3d9i	movie.cpp	?XBMCaptureFrame@D3D@@YAXPAVCDevice@1@PAUD3DBaseTexture@@@Z	0x8DC	0x82BD2598
d3d9i	movie.cpp	?XBMProcessSwap@D3D@@YAXPAVCDevice@1@PAUD3DBaseTexture@@@Z	0x120	0x82BD2E78
d3d9i	rtpm4instrumentation.cpp	?BlockUntilNotBusy@CRTPM4RingManager@D3D@@CA_NABUPM4LocalChunk@12@@Z	0x84	0x82BD2F98
d3d9i	rtpm4instrumentation.cpp	?ResolveTargetConstAnalyze@D3D@@YAKPBTGPUTEXTURE_FETCH_CONSTANT@@_N@Z	0x90	0x82BD3020
d3d9i	rtpm4instrumentation.cpp	?TextureConstAnalyzeNoShader@D3D@@YAKPBTGPUTEXTURE_FETCH_CONSTANT@@@Z	0xA0	0x82BD30B0
d3d9i	rtpm4instrumentation.cpp	?TextureConstAnalyze@D3D@@YAKPBTGPUTEXTURE_FETCH_CONSTANT@@_N11111@Z	0x184	0x82BD3150
d3d9i	rtpm4instrumentation.cpp	?FixupTextureToNotHang@D3D@@YAXPATGPUTEXTURE_FETCH_CONSTANT@@@Z	0x164	0x82BD32D8
d3d9i	rtpm4instrumentation.cpp	?SetNonSnoopedPointerFromCpu@CRTCommandBufferHacker@D3D@@QAAXPCUNonSnoopedWriteBacks@2@@Z	0x40	0x82BD3440
d3d9i	rtpm4instrumentation.cpp	CRTCommandBufferHacker_GpuFenceCallback	0x3C	0x82BD3480
d3d9i	rtpm4instrumentation.cpp	?BlockUntilIdle@CRTCommandBufferHacker@D3D@@QAA_NXZ	0x8C	0x82BD34C0
d3d9i	rtpm4instrumentation.cpp	?IsCompressedGpuFormat@D3D@@YAHK@Z	0xBC	0x82BD3550
d3d9i	rtpm4instrumentation.cpp	?DCBF@D3D@@YAXPBKK@Z	0x74	0x82BD3610
d3d9i	rtpm4instrumentation.cpp	??0RTShadowState@D3D@@QAA@PBK@Z	0xA0	0x82BD3688
d3d9i	rtpm4instrumentation.cpp	?Initialize@CRTPM4RingManager@D3D@@QAAJK@Z	0xEC	0x82BD3728
d3d9i	rtpm4instrumentation.cpp	?Destroy@CRTPM4RingManager@D3D@@QAAXXZ	0x6C	0x82BD3818
d3d9i	rtpm4instrumentation.cpp	?InitExport@CRTCommandBufferHacker@D3D@@AAAXXZ	0x170	0x82BD3888
d3d9i	rtpm4instrumentation.cpp	?InitThumbnailGenerate@CRTCommandBufferHacker@D3D@@AAAXXZ	0xB8	0x82BD39F8
d3d9i	rtpm4instrumentation.cpp	?InitSampling@CRTCommandBufferHacker@D3D@@AAAXXZ	0xB8	0x82BD3AB0
d3d9i	rtpm4instrumentation.cpp	?InitChannelCheck@CRTCommandBufferHacker@D3D@@AAAXXZ	0xB8	0x82BD3B68
d3d9i	rtpm4instrumentation.cpp	?InitVideoCapture@CRTCommandBufferHacker@D3D@@AAAXXZ	0xB8	0x82BD3C20
d3d9i	rtpm4instrumentation.cpp	?GenerateIssueUpdate@CRTCommandBufferHacker@D3D@@AAAJPAURTBasicTextureInfo@2@@Z	0xE0	0x82BD3CD8
d3d9i	rtpm4instrumentation.cpp	?AllocatePerfCounterMipUsageBuffers@CRTCommandBufferHacker@D3D@@AAAJXZ	0x1C8	0x82BD3DB8
d3d9i	rtpm4instrumentation.cpp	?FinishPerfCounterMipUsageBuffers@CRTCommandBufferHacker@D3D@@AAAJH@Z	0xE4	0x82BD3F80
d3d9i	rtpm4instrumentation.cpp	?AllocateResolveTargetUsageBuffers@CRTCommandBufferHacker@D3D@@AAAJXZ	0xC4	0x82BD4068
d3d9i	rtpm4instrumentation.cpp	?FinishResolveTargetUsageBuffers@CRTCommandBufferHacker@D3D@@AAAJXZ	0x10C	0x82BD4130
d3d9i	rtpm4instrumentation.cpp	?AddSynchronizeToWCQueue@CRTCommandBufferHacker@D3D@@AAAJXZ	0xB0	0x82BD4240
d3d9i	rtpm4instrumentation.cpp	?ArchiveCachedShaders@CRTCommandBufferHacker@D3D@@QAAXXZ	0x170	0x82BD42F0
d3d9i	rtpm4instrumentation.cpp	?FinishChunk@CRTPM4RingManager@D3D@@AAA?AURTPM4Chunk@2@PAK@Z	0x194	0x82BD4460
d3d9i	rtpm4instrumentation.cpp	?Initialize@CRTCommandBufferHacker@D3D@@QAAJKKK@Z	0x3E8	0x82BD45F8
d3d9i	rtpm4instrumentation.cpp	?EnsurePerfCounterMipUsageSpace@CRTCommandBufferHacker@D3D@@AAAJXZ	0x70	0x82BD49E0
d3d9i	rtpm4instrumentation.cpp	?EnsureResolveTargetUsageSpace@CRTCommandBufferHacker@D3D@@AAAJXZ	0x84	0x82BD4A50
d3d9i	rtpm4instrumentation.cpp	?HandleResolve@CRTCommandBufferHacker@D3D@@AAAXXZ	0x190	0x82BD4AD8
d3d9i	rtpm4instrumentation.cpp	?Reserve@CRTPM4RingManager@D3D@@QAAPAKK@Z	0xF4	0x82BD4C68
d3d9i	rtpm4instrumentation.cpp	?GetFinishedChunk@CRTPM4RingManager@D3D@@QAA?AURTPM4Chunk@2@XZ	0x50	0x82BD4D60
d3d9i	rtpm4instrumentation.cpp	?Add2@CRTPM4RingManager@D3D@@AAA_NK@Z	0x88	0x82BD4DB0
d3d9i	rtpm4instrumentation.cpp	?Add2@CRTPM4RingManager@D3D@@AAA_NAAURTPM4Command@2@@Z	0xD8	0x82BD4E38
d3d9i	rtpm4instrumentation.cpp	?Add@CRTPM4RingManager@D3D@@QAA_NAAURTPM4Command@2@@Z	0xB0	0x82BD4F10
d3d9i	rtpm4instrumentation.cpp	?AddWaitForMemory@CRTPM4RingManager@D3D@@QAA_NPCKK@Z	0x88	0x82BD4FC0
d3d9i	rtpm4instrumentation.cpp	?AddIBCallCommand@CRTPM4RingManager@D3D@@QAA_NKK@Z	0x68	0x82BD5048
d3d9i	rtpm4instrumentation.cpp	?SetFetchConst@CRTCommandBufferHacker@D3D@@AAAXKPBK@Z	0x7C	0x82BD50B0
d3d9i	rtpm4instrumentation.cpp	?LoadShader@CRTCommandBufferHacker@D3D@@AAAXW4CP_CODE_ID@@PBXK@Z	0xA0	0x82BD5130
d3d9i	rtpm4instrumentation.cpp	?LoadShaders@CRTCommandBufferHacker@D3D@@AAAXPBXK0K@Z	0xCC	0x82BD51D0
d3d9i	rtpm4instrumentation.cpp	?RestoreShaders@CRTCommandBufferHacker@D3D@@AAAXXZ	0x184	0x82BD52A0
d3d9i	rtpm4instrumentation.cpp	?InvalidateTextureCache@CRTCommandBufferHacker@D3D@@AAAXPBTGPUTEXTURE_FETCH_CONSTANT@@K@Z	0x15C	0x82BD5428
d3d9i	rtpm4instrumentation.cpp	?InsertWaitUntilIdle@CRTCommandBufferHacker@D3D@@AAAJXZ	0x70	0x82BD5588
d3d9i	rtpm4instrumentation.cpp	?BeginExport@CRTCommandBufferHacker@D3D@@AAAXK@Z	0x128	0x82BD55F8
d3d9i	rtpm4instrumentation.cpp	?CleanUpAfterExport@CRTCommandBufferHacker@D3D@@AAAXXZ	0x2C0	0x82BD5720
d3d9i	rtpm4instrumentation.cpp	?SetCommonVsMemexportState@CRTCommandBufferHacker@D3D@@AAAJXZ	0x1F0	0x82BD59E0
d3d9i	rtpm4instrumentation.cpp	?GenerateTextureThumbnail@CRTCommandBufferHacker@D3D@@AAAJPBTGPUTEXTURE_FETCH_CONSTANT@@KAAPAXAAW4GPUCOLORFORMAT@@AAK3@Z	0x468	0x82BD5BD0
d3d9i	rtpm4instrumentation.cpp	?GenerateTextureSampling@CRTCommandBufferHacker@D3D@@AAAJPBTGPUTEXTURE_FETCH_CONSTANT@@KAAPAXAAW4GPUCOLORFORMAT@@@Z	0x5F4	0x82BD6038
d3d9i	rtpm4instrumentation.cpp	?GenerateTextureChannelCheck@CRTCommandBufferHacker@D3D@@AAAJPBTGPUTEXTURE_FETCH_CONSTANT@@KAAPAXAAW4GPUCOLORFORMAT@@AAK@Z	0x63C	0x82BD6630
d3d9i	rtpm4instrumentation.cpp	?CleanUpAfterVideoCapture@CRTCommandBufferHacker@D3D@@AAAXXZ	0x9C	0x82BD6C70
d3d9i	rtpm4instrumentation.cpp	?CleanUpAfterThumbnails@CRTCommandBufferHacker@D3D@@AAAXXZ	0x9C	0x82BD6D10
d3d9i	rtpm4instrumentation.cpp	?SetShaderConstants@CRTCommandBufferHacker@D3D@@AAAX_N@Z	0x338	0x82BD6DB0
d3d9i	rtpm4instrumentation.cpp	?InsertCallback@CRTCommandBufferHacker@D3D@@AAAJP6AXPAX@Z0@Z	0x144	0x82BD70E8
d3d9i	rtpm4instrumentation.cpp	?InsertReadPerfCounter@CRTCommandBufferHacker@D3D@@AAAJW4ERareInstruction@2@PAK@Z	0xA4	0x82BD7230
d3d9i	rtpm4instrumentation.cpp	?DoPreDrawWork@CRTCommandBufferHacker@D3D@@AAAJXZ	0x328	0x82BD72D8
d3d9i	rtpm4instrumentation.cpp	?DoPostDrawWork@CRTCommandBufferHacker@D3D@@AAAJXZ	0xE0	0x82BD7600
d3d9i	rtpm4instrumentation.cpp	?CleanUpAfterDraw@CRTCommandBufferHacker@D3D@@AAAJXZ	0x4C	0x82BD76E0
d3d9i	rtpm4instrumentation.cpp	?InitiateThumbnailGeneration@CRTCommandBufferHacker@D3D@@AAAJPBTGPUTEXTURE_FETCH_CONSTANT@@PAURTBasicTextureInfo@2@KW4ERTWorkerCollectorCommands@2@@Z	0x2E8	0x82BD7730
d3d9i	rtpm4instrumentation.cpp	?OnLoadTextureConstant@CRTCommandBufferHacker@D3D@@AAAJPBTGPUTEXTURE_FETCH_CONSTANT@@K@Z	0x368	0x82BD7A18
d3d9i	rtpm4instrumentation.cpp	?InitializePerfCounters@CRTCommandBufferHacker@D3D@@AAAJXZ	0x7C	0x82BD7D80
d3d9i	rtpm4instrumentation.cpp	?EndExport@CRTCommandBufferHacker@D3D@@AAAXK@Z	0x138	0x82BD7E00
d3d9i	rtpm4instrumentation.cpp	?PerformVideoCapture@CRTCommandBufferHacker@D3D@@AAAJPAXKPATGPUTEXTURE_FETCH_CONSTANT@@QBM22K@Z	0x484	0x82BD7F38
d3d9i	rtpm4instrumentation.cpp	?InsertWorkerCollectorFence@CRTCommandBufferHacker@D3D@@AAAJXZ	0x29C	0x82BD83C0
d3d9i	rtpm4instrumentation.cpp	?AnalyzeTextureFetchConstants@CRTCommandBufferHacker@D3D@@AAAJ_N@Z	0x308	0x82BD8660
d3d9i	rtpm4instrumentation.cpp	?HandleDraw@CRTCommandBufferHacker@D3D@@AAA_NXZ	0x3D0	0x82BD8968
d3d9i	rtpm4instrumentation.cpp	?SetupVideoCapture@CRTCommandBufferHacker@D3D@@AAAJPATGPUTEXTURE_FETCH_CONSTANT@@@Z	0x618	0x82BD8D38
d3d9i	rtpm4instrumentation.cpp	?RunInstrumentationCB@CRTCommandBufferHacker@D3D@@AAAJPBKKKH@Z	0xB80	0x82BD9350
d3d9i	rtpm4instrumentation.cpp	?RunInstrumentation@CRTCommandBufferHacker@D3D@@QAA?AURTPM4Chunk@2@PBKKHH@Z	0x490	0x82BD9ED0
d3d9i	capture.cpp	?FreeGpuCapture@D3D@@YAXP6AXPAX@ZPAVCCapture@1@@Z	0x68	0x82BDA360
d3d9i	capture.cpp	?ParseRegisters@CCapture@D3D@@MAAHKPAXK@Z	0x94	0x82BDA3C8
d3d9i	capture.cpp	?PixNullHardwareInterruptCallback@D3D@@YAXPAU_KDPC@@PAX11@Z	0xBC	0x82BDA460
d3d9i	capture.cpp	D3D__BlockOnSemaphore	0xD8	0x82BDA520
d3d9i	capture.cpp	merged_82BDA5F8	0x24	0x82BDA5F8
d3d9i	capture.cpp	?ShadowShaderProgram@CFullCapture@D3D@@MAAXPAKKKK@Z	0x74	0x82BDA620
d3d9i	capture.cpp	?MarkVertexFetch@CFullCapture@D3D@@IAAXPATGPUVERTEX_FETCH_CONSTANT@@@Z	0x64	0x82BDA698
d3d9i	capture.cpp	?IsXpsLockedOffset@D3D@@YAHK@Z	0x54	0x82BDA700
d3d9i	capture.cpp	?HashMemAlloc@HashMap@CCapture@D3D@@SAPAXK@Z	0x44	0x82BDA758
d3d9i	capture.cpp	?WriteData@CCapture@D3D@@QAAXW4RecordType@@PBXKKKK@Z	0xD0	0x82BDA7A0
d3d9i	capture.cpp	?SavePages@CCapture@D3D@@MAAXXZ	0xDC	0x82BDA870
d3d9i	capture.cpp	?HandleType3Opcode@CCapture@D3D@@MAAHKPAKKH@Z	0x538	0x82BDA958
d3d9i	capture.cpp	?PreSubmit@CCapture@D3D@@UAAHPBXKKH@Z	0x3DC	0x82BDAE90
d3d9i	capture.cpp	?Start@CCapture@D3D@@UAAJXZ	0xD0	0x82BDB270
d3d9i	capture.cpp	?CaptureWrite@D3D@@YAXPBXK@Z	0x88	0x82BDB340
d3d9i	capture.cpp	?Initialize@CCapture@D3D@@UAAXPAUD3DDevice@@KP6AXPBXK@ZP6APAXK@ZP6AXPAX@Z@Z	0xEC	0x82BDB3C8
d3d9i	capture.cpp	?End@CCapture@D3D@@UAAJPBTGPUTEXTURE_FETCH_CONSTANT@@@Z	0xC4	0x82BDB4B8
d3d9i	capture.cpp	?MarkInvalidatedPages@CFullCapture@D3D@@QAAXKK@Z	0xB4	0x82BDB580
d3d9i	capture.cpp	?SavePages@CFullCapture@D3D@@MAAXXZ	0x114	0x82BDB638
d3d9i	capture.cpp	?SaveResetRanges@CFullCapture@D3D@@IAAHXZ	0x154	0x82BDB750
d3d9i	capture.cpp	?ShaderInstructionCallback@D3D@@YAJKKPATGPUSHADER_INSTRUCTION@@PAX@Z	0x180	0x82BDB8A8
d3d9i	capture.cpp	?ComputeCRC@CFullCapture@D3D@@IAAKK@Z	0x8C	0x82BDBA28
d3d9i	capture.cpp	?ProcessXpsIndexBuffer@CFullCapture@D3D@@IAAXKK@Z	0x60	0x82BDBAB8
d3d9i	capture.cpp	?PostSubmit@CFullCapture@D3D@@UAAXXZ	0x118	0x82BDBB18
d3d9i	capture.cpp	?Initialize@CFullCapture@D3D@@UAAXPAUD3DDevice@@KP6AXPBXK@ZP6APAXK@ZP6AXPAX@Z@Z	0x9C	0x82BDBC30
d3d9i	capture.cpp	D3D__GetTextureSizes	0xD4	0x82BDBCD0
d3d9i	capture.cpp	?ensure2@?$D3DFastVector@UENTRY@HashMap@CCapture@D3D@@$1?HashMemAlloc@234@SAPAXK@Z$1?HashMemFree@234@SAXPAX@Z@D3D@@QAAXKAAJ@Z	0x94	0x82BDBDA8
d3d9i	capture.cpp	??0HashMap@CCapture@D3D@@QAA@XZ	0x54	0x82BDBE40
d3d9i	capture.cpp	?MarkUsedPages@CFullCapture@D3D@@UAAXKKW4RecordResourceType@@@Z	0x1D0	0x82BDBE98
d3d9i	capture.cpp	?ProcessXpsFetchConstant@CFullCapture@D3D@@IAAXPATGPUFETCH_CONSTANT@@@Z	0x150	0x82BDC068
d3d9i	capture.cpp	?MarkTextureFetch@CFullCapture@D3D@@IAAXPATGPUTEXTURE_FETCH_CONSTANT@@@Z	0xC4	0x82BDC1B8
d3d9i	capture.cpp	?ParseRegisters@CFullCapture@D3D@@MAAHKPAXK@Z	0x180	0x82BDC280
d3d9i	capture.cpp	?HandleRender@CFullCapture@D3D@@IAAXXZ	0x2D4	0x82BDC400
d3d9i	capture.cpp	?HandleType3Opcode@CFullCapture@D3D@@MAAHKPAKKH@Z	0x268	0x82BDC6D8
d3d9i	capture.cpp	?End@CFullCapture@D3D@@UAAJPBTGPUTEXTURE_FETCH_CONSTANT@@@Z	0x16C	0x82BDC940
d3d9i	capture.cpp	??1HashMap@CCapture@D3D@@QAA@XZ	0x5C	0x82BDCAB0
d3d9i	capture.cpp	?push_back_empty@?$D3DFastVector@UENTRY@HashMap@CCapture@D3D@@$1?HashMemAlloc@234@SAPAXK@Z$1?HashMemFree@234@SAXPAX@Z@D3D@@QAAXAAJ@Z	0x74	0x82BDCB10
d3d9i	capture.cpp	?MarkUsedPages@CCapture@D3D@@UAAXKKW4RecordResourceType@@@Z	0x1B4	0x82BDCB88
d3d9i	capture.cpp	?AllocGpuCapture@D3D@@YAPAVCCapture@1@P6APAXK@ZH@Z	0xA4	0x82BDCD40
d3d9i	capture.cpp	merged_82BDCDE8	0x64	0x82BDCDE8
d3d9i	rtresultstracker.cpp	?EndCapture_Now@CRTResultsTracker@D3D@@QAAXXZ	0x4C	0x82BDCE50
d3d9i	rtresultstracker.cpp	?EndCapture_WhenDone@CRTResultsTracker@D3D@@QAAXXZ	0x4C	0x82BDCEA0
d3d9i	rtresultstracker.cpp	?GpuCallbackFenceUpdate@CRTResultsTracker@D3D@@QAAXXZ	0x64	0x82BDCEF0
d3d9i	rtresultstracker.cpp	?AddStuffToWorkerCollectorQueue@CRTResultsTracker@D3D@@QAAJPAURTWorkerCollectorData@2@@Z	0x60	0x82BDCF58
d3d9i	rtresultstracker.cpp	?AddToUnusedQueue@CRTResultsTracker@D3D@@QAAJPAURTBasicTextureInfo@2@@Z	0x60	0x82BDCFB8
d3d9i	rtresultstracker.cpp	?WaitForGpu@CRTResultsTracker@D3D@@AAAHK@Z	0x84	0x82BDD018
d3d9i	rtresultstracker.cpp	?UpdateUsageCreationTime@CRTResultsTracker@D3D@@AAAXPAURTTextureUsageResults@2@_K@Z	0x70	0x82BDD0A0
d3d9i	rtresultstracker.cpp	?ProcessUpdateIssue@CRTResultsTracker@D3D@@AAAJPAURTBasicTextureInfo@2@@Z	0x13C	0x82BDD110
d3d9i	rtresultstracker.cpp	merged_82BDD250	0x84	0x82BDD250
d3d9i	rtresultstracker.cpp	merged_82BDD2D8	0x68	0x82BDD2D8
d3d9i	rtresultstracker.cpp	?Convert16_16_16_16F_to_8_8_8_8_inplace@@YAXPAGK@Z	0x240	0x82BDD340
d3d9i	rtresultstracker.cpp	?Allocate@RTTextureUsageResults@D3D@@SAPAU12@K@Z	0xA4	0x82BDD580
d3d9i	rtresultstracker.cpp	?FindOrAdd@CRTUniqueNameDimensionsInfo@D3D@@QAAPAURTTextureUsageResults@2@_KK@Z	0xC0	0x82BDD628
d3d9i	rtresultstracker.cpp	?FindOrAdd2@CRTUniqueNameDimensionsInfo@D3D@@QAAPAURTTextureUsageResults@2@PA_KK@Z	0xF4	0x82BDD6E8
d3d9i	rtresultstracker.cpp	?Destroy@CRTUniqueNameDimensionsInfo@D3D@@QAAXXZ	0x74	0x82BDD7E0
d3d9i	rtresultstracker.cpp	?GenerateHashOfThumbnail@CRTResultsTracker@D3D@@AAA_KPAURTPendingThumbnailInfo@2@@Z	0xC4	0x82BDD858
d3d9i	rtresultstracker.cpp	?ProcessThumbnailForChannelCheck@CRTResultsTracker@D3D@@AAAJPAURTPendingThumbnailInfo@2@@Z	0x168	0x82BDD920
d3d9i	rtresultstracker.cpp	?SaveThumbnailToDisk@CRTResultsTracker@D3D@@AAAJPAURTPendingThumbnailInfo@2@@Z	0x180	0x82BDDA88
d3d9i	rtresultstracker.cpp	?ProcessThumbnailForPix@CRTResultsTracker@D3D@@AAAJPAURTPendingThumbnailInfo@2@@Z	0xD0	0x82BDDC08
d3d9i	rtresultstracker.cpp	?ProcessScreenshot@CRTResultsTracker@D3D@@AAAJPAURTScreenshotDescription@2@PAX@Z	0x108	0x82BDDCD8
d3d9i	rtresultstracker.cpp	?UpdateUsageResults@CRTResultsTracker@D3D@@AAAJPAURTTextureUsageResults@2@PBDPBURTRelevantTextureFields@2@AA_N@Z	0x240	0x82BDDDE0
d3d9i	rtresultstracker.cpp	?SaveNamedUsedTexturesToDisk@CRTResultsTracker@D3D@@AAAJXZ	0xB0	0x82BDE020
d3d9i	rtresultstracker.cpp	?SaveUnnamedUsedTexturesToDisk@CRTResultsTracker@D3D@@AAAJXZ	0xA0	0x82BDE0D0
d3d9i	rtresultstracker.cpp	?UpdateResolveTargetResults@CRTResultsTracker@D3D@@AAAJPAURTResolveTargetInfo@2@PBDPBURTRelevantTextureFields@2@AA_N@Z	0x1D8	0x82BDE170
d3d9i	rtresultstracker.cpp	?SaveNamedResolveTargetsToDisk@CRTResultsTracker@D3D@@AAAJXZ	0x94	0x82BDE348
d3d9i	rtresultstracker.cpp	?SaveUnnamedResolveTargetsToDisk@CRTResultsTracker@D3D@@AAAJXZ	0x84	0x82BDE3E0
d3d9i	rtresultstracker.cpp	?UpdateUnusedResults@CRTResultsTracker@D3D@@AAAJPAURTUnusedTextureInfo@2@PBDPBURTRelevantTextureFields@2@AA_N@Z	0x1D8	0x82BDE468
d3d9i	rtresultstracker.cpp	?SaveNamedUnusedTexturesToDisk@CRTResultsTracker@D3D@@AAAJXZ	0x94	0x82BDE640
d3d9i	rtresultstracker.cpp	?SaveUnnamedUnusedTexturesToDisk@CRTResultsTracker@D3D@@AAAJXZ	0x84	0x82BDE6D8
d3d9i	rtresultstracker.cpp	?AutoSave@CRTResultsTracker@D3D@@AAAJH@Z	0x180	0x82BDE760
d3d9i	rtresultstracker.cpp	merged_82BDE8E0	0x64	0x82BDE8E0
d3d9i	rtresultstracker.cpp	merged_82BDE948	0xC8	0x82BDE948
d3d9i	rtresultstracker.cpp	?Destroy@?$CTSSortedList@VCRTUniqueNameDimensionsInfo@D3D@@_K$1?RTDebugMemAlloc@2@YAPAXK@Z$1?RTDebugMemFree@2@YAXPAX@Z@D3D@@QAAXXZ	0x70	0x82BDEA10
d3d9i	rtresultstracker.cpp	?Destroy@?$StringWithList@VCRTUniqueNameDimensionsInfo@D3D@@$1?RTDebugMemAlloc@2@YAPAXK@Z$1?RTDebugMemFree@2@YAXPAX@Z@D3D@@QAAXXZ	0x5C	0x82BDEA80
d3d9i	rtresultstracker.cpp	merged_82BDEAE0	0x5C	0x82BDEAE0
d3d9i	rtresultstracker.cpp	?Put@?$RecycleQueue@URTPerfCounterMipResultsBuffer@D3D@@$1?RTMemFreePhysicalReadWrite@2@YAXPAX@Z@D3D@@QAAJPAURTPerfCounterMipResultsBuffer@2@@Z	0x98	0x82BDEB40
d3d9i	rtresultstracker.cpp	?Put@?$RecycleQueue@URTPerfCounterMipResultsDescription@D3D@@$1?RTDebugMemFree@2@YAXPAX@Z@D3D@@QAAJPAURTPerfCounterMipResultsDescription@2@@Z	0x88	0x82BDEBD8
d3d9i	rtresultstracker.cpp	?Drain@?$RecycleQueue@URTPerfCounterMipResultsBuffer@D3D@@$1?RTMemFreePhysicalReadWrite@2@YAXPAX@Z@D3D@@QAAJXZ	0x98	0x82BDEC60
d3d9i	rtresultstracker.cpp	?Drain@?$RecycleQueue@URTPerfCounterMipResultsDescription@D3D@@$1?RTDebugMemFree@2@YAXPAX@Z@D3D@@QAAJXZ	0x90	0x82BDECF8
d3d9i	rtresultstracker.cpp	?ProcessMipData@CRTResultsTracker@D3D@@AAAJPAURTPerfCounterMipResultsDescription@2@PAURTPerfCounterMipResultsBuffer@2@@Z	0x1A4	0x82BDED88
d3d9i	rtresultstracker.cpp	merged_82BDEF30	0x50	0x82BDEF30
d3d9i	rtresultstracker.cpp	?Destroy@?$CTSHashTable@VCRTUniqueNameDimensionsInfo@D3D@@UHashParams_DB@2@$1?RTDebugMemAlloc@2@YAPAXK@Z$1?RTDebugMemFree@2@YAXPAX@Z@D3D@@QAAXXZ	0x50	0x82BDEF80
d3d9i	rtresultstracker.cpp	merged_82BDEFD0	0x70	0x82BDEFD0
d3d9i	rtresultstracker.cpp	?Destroy@?$CTSSortedList@U?$StringWithList@VCRTUniqueNameDimensionsInfo@D3D@@$1?RTDebugMemAlloc@2@YAPAXK@Z$1?RTDebugMemFree@2@YAXPAX@Z@D3D@@_K$1?RTDebugMemAlloc@2@YAPAXK@Z$1?RTDebugMemFree@2@YAXPAX@Z@D3D@@QAAXXZ	0x70	0x82BDF040
d3d9i	rtresultstracker.cpp	?Destroy@?$RecycleQueue@URTPerfCounterMipResultsBuffer@D3D@@$1?RTMemFreePhysicalReadWrite@2@YAXPAX@Z@D3D@@QAAXXZ	0x5C	0x82BDF0B0
d3d9i	rtresultstracker.cpp	?Destroy@?$RecycleQueue@URTPerfCounterMipResultsDescription@D3D@@$1?RTDebugMemFree@2@YAXPAX@Z@D3D@@QAAXXZ	0x5C	0x82BDF110
d3d9i	rtresultstracker.cpp	merged_82BDF170	0xFC	0x82BDF170
d3d9i	rtresultstracker.cpp	?FindOrAdd@?$CStringHashOfLists@VCRTUniqueNameDimensionsInfo@D3D@@$1?RTDebugMemAlloc@2@YAPAXK@Z$1?RTDebugMemFree@2@YAXPAX@Z@D3D@@QAAPAVCRTUniqueNameDimensionsInfo@2@PBD_K@Z	0xFC	0x82BDF270
d3d9i	rtresultstracker.cpp	merged_82BDF370	0x50	0x82BDF370
d3d9i	rtresultstracker.cpp	?Destroy@?$CTSHashTable@U?$StringWithList@VCRTUniqueNameDimensionsInfo@D3D@@$1?RTDebugMemAlloc@2@YAPAXK@Z$1?RTDebugMemFree@2@YAXPAX@Z@D3D@@UHashParams_DB@2@$1?RTDebugMemAlloc@2@YAPAXK@Z$1?RTDebugMemFree@2@YAXPAX@Z@D3D@@QAAXXZ	0x50	0x82BDF3C0
d3d9i	rtresultstracker.cpp	?FindOrMakeResultsObject@CRTResultsTracker@D3D@@AAAJPAURTBasicTextureInfo@2@_KK@Z	0xEC	0x82BDF410
d3d9i	rtresultstracker.cpp	?FindOrMakeResultsObject2@CRTResultsTracker@D3D@@AAAJPAURTBasicTextureInfo@2@PA_KK@Z	0xEC	0x82BDF500
d3d9i	rtresultstracker.cpp	?ProcessThumbnailForHash@CRTResultsTracker@D3D@@AAAJPAURTPendingThumbnailInfo@2@@Z	0x14C	0x82BDF5F0
d3d9i	rtresultstracker.cpp	?ProcessThumbnailForHash2@CRTResultsTracker@D3D@@AAAJPAURTPendingThumbnailInfo@2@@Z	0x1F0	0x82BDF740
d3d9i	rtresultstracker.cpp	?ProcessResolveData@CRTResultsTracker@D3D@@AAAJPAURTResolveTargetUsageBuffer@2@@Z	0x228	0x82BDF930
d3d9i	rtresultstracker.cpp	?AddUnusedTexture@CRTResultsTracker@D3D@@QAAXPAURTBasicTextureInfo@2@@Z	0x15C	0x82BDFB58
d3d9i	rtresultstracker.cpp	?DrainUnusedTextureQueue@CRTResultsTracker@D3D@@QAAJXZ	0xD8	0x82BDFCB8
d3d9i	rtresultstracker.cpp	?Destroy@CRTResultsTracker@D3D@@AAAXXZ	0xFC	0x82BDFD90
d3d9i	rtresultstracker.cpp	?FinishCapture@CRTResultsTracker@D3D@@AAAJXZ	0xA8	0x82BDFE90
d3d9i	rtresultstracker.cpp	?CollectorMain@CRTResultsTracker@D3D@@QAAXXZ	0x3CC	0x82BDFF38
d3d9i	rtresultstracker.cpp	?CRTResultsTracker_CollectorMain@D3D@@YAKPAX@Z	0x48	0x82BE0308
d3d9i	rtresultstracker.cpp	?InitializeCollectorThread@CRTResultsTracker@D3D@@AAAJKAAPAX@Z	0xAC	0x82BE0350
d3d9i	rtresultstracker.cpp	?Initialize@CRTResultsTracker@D3D@@QAAJKKAAPAXH@Z	0x14C	0x82BE0400
d3d9i	rtshaderhacker.cpp	??0SHADER_REGISTER@D3D@@QAA@W4EShaderRegisterType@1@KKKKK@Z	0x84	0x82BE0550
d3d9i	rtshaderhacker.cpp	??0SHADER_REGISTER@D3D@@QAA@W4EShaderRegisterType@1@KK@Z	0x84	0x82BE05D8
d3d9i	rtshaderhacker.cpp	??0SHADER_REGISTER@D3D@@QAA@W4EShaderRegisterType@1@K@Z	0x60	0x82BE0660
d3d9i	rtshaderhacker.cpp	?Swizzle@SHADER_REGISTER@D3D@@QAA?AT12@K@Z	0x6C	0x82BE06C0
d3d9i	rtshaderhacker.cpp	?Swizzle@SHADER_REGISTER@D3D@@QAA?AT12@KKKK@Z	0x9C	0x82BE0730
d3d9i	rtshaderhacker.cpp	?GetWriteMask@SHADER_REGISTER@D3D@@QAAKXZ	0x7C	0x82BE07D0
d3d9i	rtshaderhacker.cpp	?GetConstBit@CONSTANT_ALLOCATOR@D3D@@CA_NPB_KH@Z	0x50	0x82BE0850
d3d9i	rtshaderhacker.cpp	?GenerateShaderConstantInfoCB@CONSTANT_ALLOCATOR@D3D@@CAJKKPATGPUSHADER_INSTRUCTION@@PAX@Z	0x150	0x82BE08A0
d3d9i	rtshaderhacker.cpp	?FixUpUsedConstants@CONSTANT_ALLOCATOR@D3D@@AAAXXZ	0x148	0x82BE09F0
d3d9i	rtshaderhacker.cpp	?Allocate@GPR_ALLOCATOR@D3D@@QAA?ATSHADER_REGISTER@2@H@Z	0xDC	0x82BE0B38
d3d9i	rtshaderhacker.cpp	?IsPred@COND_TYPE@D3D@@QAA_NXZ	0x50	0x82BE0C18
d3d9i	rtshaderhacker.cpp	??8COND_TYPE@D3D@@QAA_NT01@@Z	0xB4	0x82BE0C68
d3d9i	rtshaderhacker.cpp	?GetFlowCond@D3D@@YA?ATCOND_TYPE@1@PATGPUFLOW_INSTRUCTION@@T21@@Z	0x118	0x82BE0D20
d3d9i	rtshaderhacker.cpp	?AddTodoEntry@TODO_LIST@CClassForAnalyzingAllocAndP0Usage@CShaderHacker@D3D@@QAAXPAUFlowNode@4@_N@Z	0x8C	0x82BE0E38
d3d9i	rtshaderhacker.cpp	?OpJumpsOrForcesEnd@CClassForAnalyzingAllocAndP0Usage@CShaderHacker@D3D@@CAHK@Z	0x70	0x82BE0EC8
d3d9i	rtshaderhacker.cpp	?ProcessTodoEntryForDeepShaderAnalysis@CClassForAnalyzingAllocAndP0Usage@CShaderHacker@D3D@@CA?AW4HackFailureReason@3@PAUTODO_LIST@123@@Z	0x234	0x82BE0F38
d3d9i	rtshaderhacker.cpp	?MarkJumpTargets@CClassForInsertingPerFetchStuff@CShaderHacker@D3D@@AAAXPAV23@@Z	0x60	0x82BE1170
d3d9i	rtshaderhacker.cpp	?MarkFetchClauseStarts@CClassForInsertingPerFetchStuff@CShaderHacker@D3D@@AAA?AW4HackFailureReason@3@PAV23@K@Z	0x244	0x82BE11D0
d3d9i	rtshaderhacker.cpp	?BackPatchDanglingJumps@CClassForInsertingPerFetchStuff@CShaderHacker@D3D@@AAAXPAV23@@Z	0x88	0x82BE1418
d3d9i	rtshaderhacker.cpp	?InsertJumpNode@CClassForInsertingPerFetchStuff@CShaderHacker@D3D@@AAAPAUFlowNode@3@PAV23@TCOND_TYPE@3@PAU43@@Z	0x94	0x82BE14A0
d3d9i	rtshaderhacker.cpp	?AddRareFetchAfter@CClassForInsertingPerFetchStuff@CShaderHacker@D3D@@AAAJPAV23@AAPAUFlowNode@3@AAPAUALUNode@3@W4ERareInstruction@3@@Z	0xDC	0x82BE1538
d3d9i	rtshaderhacker.cpp	?IsTfetchSameLODSameConst@CClassForInsertingPerFetchStuff@CShaderHacker@D3D@@AAA_NPBUALUNode@3@0@Z	0x164	0x82BE1618
d3d9i	rtshaderhacker.cpp	?GetNumTfetchSameLODSameConst@CClassForInsertingPerFetchStuff@CShaderHacker@D3D@@AAAKAAPAUALUNode@3@AAPAUFlowNode@3@@Z	0xA0	0x82BE1780
d3d9i	rtshaderhacker.cpp	?AddCConstant@CShaderHacker@D3D@@CA_NAAULITERAL_CONSTANT@12@MAAK@Z	0xE8	0x82BE1820
d3d9i	rtshaderhacker.cpp	?CopyInstructionAfter@CShaderHacker@D3D@@AAAJPAUFlowNode@2@PAUALUNode@2@PBU42@PAPAU32@PAPAU42@@Z	0x6C	0x82BE1908
d3d9i	rtshaderhacker.cpp	?AddALUAfter2@CShaderHacker@D3D@@AAAJPAUFlowNode@2@PAUALUNode@2@W4GPUALUVECTOROP@@W4GPUALUSCALAROP@@TSHADER_REGISTER@2@4444PAPAU32@PAPAU42@@Z	0x1A0	0x82BE1978
d3d9i	rtshaderhacker.cpp	?CreateExecAfterEx@CShaderHacker@D3D@@AAAJPAUFlowNode@2@_N11E1PAPAU32@@Z	0xC8	0x82BE1B18
d3d9i	rtshaderhacker.cpp	?GetTfetchUsageInfoCB@CShaderHacker@D3D@@CAJKKPATGPUSHADER_INSTRUCTION@@PAX@Z	0x218	0x82BE1BE0
d3d9i	rtshaderhacker.cpp	?GetTfetchUsageInfo@CShaderHacker@D3D@@AAA?AW4HackFailureReason@2@PBKK@Z	0xA4	0x82BE1DF8
d3d9i	rtshaderhacker.cpp	?QsortConstantSorter@CShaderHacker@D3D@@SAHPBX0@Z	0xA0	0x82BE1EA0
d3d9i	rtshaderhacker.cpp	??0CClassForInsertingPerFetchStuff@CShaderHacker@D3D@@QAA@XZ	0xA8	0x82BE1F40
d3d9i	rtshaderhacker.cpp	?GetShaderHash@D3D@@YA_KPBKK@Z	0xA4	0x82BE1FE8
d3d9i	rtshaderhacker.cpp	?GenerateVertexShaderInfoCB@CVertexShaderHashTable@D3D@@KAJKKPATGPUSHADER_INSTRUCTION@@PAX@Z	0x220	0x82BE2090
d3d9i	rtshaderhacker.cpp	?Initialize@CONSTANT_ALLOCATOR@D3D@@QAA?AW4HackFailureReason@2@PBXK0@Z	0xC4	0x82BE22B0
d3d9i	rtshaderhacker.cpp	?AllocateCConstant@CONSTANT_ALLOCATOR@D3D@@QAAHXZ	0x168	0x82BE2378
d3d9i	rtshaderhacker.cpp	?AnalyzeAllocAndP0Usage@CClassForAnalyzingAllocAndP0Usage@CShaderHacker@D3D@@SA?AW4HackFailureReason@3@PAV23@PAUSHADER_REHACKING_INFO@3@AA_N@Z	0x12C	0x82BE24E0
d3d9i	rtshaderhacker.cpp	?AddRestorePredicate@CClassForInsertingPerFetchStuff@CShaderHacker@D3D@@AAA?AW4HackFailureReason@3@PAV23@AAPAUFlowNode@3@AATSHADER_REGISTER@3@@Z	0x100	0x82BE2610
d3d9i	rtshaderhacker.cpp	?AddPerTfetchPerfCounterStuff@CClassForInsertingPerFetchStuff@CShaderHacker@D3D@@AAA?AW4HackFailureReason@3@PAV23@AAPAUFlowNode@3@AAPAUALUNode@3@AATSHADER_REGISTER@3@3PATGPUTEXTURE_FETCH_INSTRUCTION@@3K@Z	0x1EC	0x82BE2710
d3d9i	rtshaderhacker.cpp	?AddGetCompTexLODAfter@CClassForInsertingPerFetchStuff@CShaderHacker@D3D@@AAAJPAV23@PAUFlowNode@3@PAUALUNode@3@PBU53@AATSHADER_REGISTER@3@PAPAU43@PAPAU53@@Z	0xA4	0x82BE2900
d3d9i	rtshaderhacker.cpp	?GetCConstantPerTFConst@CShaderHacker@D3D@@AAA?ATSHADER_REGISTER@2@H@Z	0x60	0x82BE29A8
d3d9i	rtshaderhacker.cpp	?AllocateFloatConstant@CShaderHacker@D3D@@AAA?ATSHADER_REGISTER@2@MMMM@Z	0x168	0x82BE2A08
d3d9i	rtshaderhacker.cpp	?AllocateFloatConstant@CShaderHacker@D3D@@AAA?ATSHADER_REGISTER@2@M@Z	0x68	0x82BE2B70
d3d9i	rtshaderhacker.cpp	?AllocateFloatConstant@CShaderHacker@D3D@@AAA?ATSHADER_REGISTER@2@MM@Z	0x74	0x82BE2BD8
d3d9i	rtshaderhacker.cpp	?GenerateRehackingInfo@CShaderHacker@D3D@@QAA?AW4HackFailureReason@2@PBKKPAUSHADER_REHACKING_INFO@2@@Z	0xE8	0x82BE2C50
d3d9i	rtshaderhacker.cpp	?Release@CShaderHacker@D3D@@QAAXXZ	0x5C	0x82BE2D38
d3d9i	rtshaderhacker.cpp	??0CShaderHacker@D3D@@AAA@XZ	0xA4	0x82BE2D98
d3d9i	rtshaderhacker.cpp	?GetUsefulVariation@D3D@@YAPAUHACKED_VARIATION_LIST2@1@PAUCPixelShaderHashEntry@1@KKKK@Z	0x184	0x82BE2E40
d3d9i	rtshaderhacker.cpp	?Destroy@HACKED_SHADER_VARIATION@D3D@@QAAXXZ	0x94	0x82BE2FC8
d3d9i	rtshaderhacker.cpp	merged_82BE3060	0xC8	0x82BE3060
d3d9i	rtshaderhacker.cpp	?FindOrAdd@?$CTSSortedList@UCVertexShaderHashEntry@D3D@@_K$1?RTDebugMemAlloc@2@YAPAXK@Z$1?RTDebugMemFree@2@YAXPAX@Z@D3D@@QAAPAUCVertexShaderHashEntry@2@_K@Z	0xC8	0x82BE3128
d3d9i	rtshaderhacker.cpp	?AddSavePredicate@CClassForInsertingPerFetchStuff@CShaderHacker@D3D@@AAA?AW4HackFailureReason@3@PAV23@AAPAUFlowNode@3@AATSHADER_REGISTER@3@@Z	0x194	0x82BE31F0
d3d9i	rtshaderhacker.cpp	?AddPerTfetchStuff@CClassForInsertingPerFetchStuff@CShaderHacker@D3D@@AAA?AW4HackFailureReason@3@PAV23@PAUALUNode@3@K@Z	0x68C	0x82BE3388
d3d9i	rtshaderhacker.cpp	?AddJumpsAndPerTfetchStuff@CClassForInsertingPerFetchStuff@CShaderHacker@D3D@@QAA?AW4HackFailureReason@3@PAV23@KAAK@Z	0x53C	0x82BE3A18
d3d9i	rtshaderhacker.cpp	?Initialize@CShaderHacker@D3D@@SAPAV12@PBKKTGPU_PROGRAMCONTROL@@TGPU_CONTEXTMISC@@TGPU_INTERPOLATORCONTROL@@PAUSHADER_REHACKING_INFO@2@@Z	0x100	0x82BE3F58
d3d9i	rtshaderhacker.cpp	?Initialize@CShaderHacker@D3D@@SA?AW4HackFailureReason@2@PAUSHADER_REHACKING_INFO@2@PBKKPAPAV12@@Z	0xFC	0x82BE4058
d3d9i	rtshaderhacker.cpp	?GenerateHackedPixelShader@CShaderHacker@D3D@@QAA?AW4HackFailureReason@2@KPAUHACKED_SHADER_VARIATION@2@PAW4ERareInstruction@2@@Z	0x32C	0x82BE4158
d3d9i	rtshaderhacker.cpp	?GenerateAllRequiredShaderFlavors@D3D@@YA?AW4HackFailureReason@1@PAUSHADER_REHACKING_INFO@1@PBKKAAPAVCShaderHacker@1@KKKPAPAUHACKED_SHADER_VARIATION@1@@Z	0x24C	0x82BE4488
d3d9i	rtshaderhacker.cpp	?FindOrGetHackedShader@CPixelShaderHashTable@D3D@@QAA?AW4HackFailureReason@2@PBKKTGPU_GPRMANAGEMENT@@TGPU_INSTSTOREMANAGEMENT@@KPBUVERTEX_SHADER_INFO@2@PAPAUHACKED_SHADER_VARIATION@2@@Z	0x2A8	0x82BE46D8
d3d9i	rtshaderhacker.cpp	?Destroy@HACKED_VARIATION_LIST2@D3D@@QAAXXZ	0x7C	0x82BE4980
d3d9i	rtshaderhacker.cpp	?FindOrGetTextureUsage@CPixelShaderHashTable@D3D@@QAA?AW4HackFailureReason@2@PBKKTGPU_PROGRAMCONTROL@@TGPU_CONTEXTMISC@@TGPU_INTERPOLATORCONTROL@@PAPAUSHADER_TEXTURE_USAGE@2@@Z	0x150	0x82BE4A00
d3d9i	rtshaderhacker.cpp	?Destroy@HACKED_VARIATION_LIST@D3D@@QAAXXZ	0x7C	0x82BE4B50
d3d9i	rtshaderhacker.cpp	?FindOrGetVertexShaderInfo@CVertexShaderHashTable@D3D@@QAA?AW4HackFailureReason@2@PBKKAAPAUVERTEX_SHADER_INFO@2@@Z	0xB4	0x82BE4BD0
d3d9i	rtshaderhacker.cpp	?Destroy@CPixelShaderHashEntry@D3D@@QAAXXZ	0x90	0x82BE4C88
d3d9i	rtshaderhacker.cpp	?Destroy@?$CTSSortedList@UCPixelShaderHashEntry@D3D@@_K$1?RTDebugMemAlloc@2@YAPAXK@Z$1?RTDebugMemFree@2@YAXPAX@Z@D3D@@QAAXXZ	0x70	0x82BE4D18
d3d9i	rtshaderhacker.cpp	?Destroy@?$CTSHashTable@UCPixelShaderHashEntry@D3D@@UHashParams_DB@2@$1?RTDebugMemAlloc@2@YAPAXK@Z$1?RTDebugMemFree@2@YAXPAX@Z@D3D@@QAAXXZ	0x50	0x82BE4D88
d3d9i	rtshaderhacker.cpp	?Destroy@CPixelShaderHashTable@D3D@@QAAXXZ	0x50	0x82BE4DD8
d3d9i	graphmicrocodebuilder.cpp	?GetLastChild@FlowNode@D3D@@QAAPAUALUNode@2@XZ	0x50	0x82BE4E28
d3d9i	graphmicrocodebuilder.cpp	?GetShaderSize_Imp@D3D@@YAXPAUFlowNode@1@AAK1@Z	0xA0	0x82BE4E78
d3d9i	graphmicrocodebuilder.cpp	?GetShaderSize@GraphMicrocodeBuilder@D3D@@QAAKXZ	0x44	0x82BE4F18
d3d9i	graphmicrocodebuilder.cpp	?ComputeSwizzle@GraphMicrocodeBuilder@D3D@@SAKKKKK@Z	0x54	0x82BE4F60
d3d9i	graphmicrocodebuilder.cpp	??1CArena@D3D@@QAA@XZ	0x54	0x82BE4FB8
d3d9i	graphmicrocodebuilder.cpp	?Alloc@CArena@D3D@@QAAPAXK@Z	0xA4	0x82BE5010
d3d9i	graphmicrocodebuilder.cpp	??0GraphMicrocodeBuilder@D3D@@QAA@XZ	0x4C	0x82BE50B8
d3d9i	graphmicrocodebuilder.cpp	??1GraphMicrocodeBuilder@D3D@@QAA@XZ	0x38	0x82BE5108
d3d9i	graphmicrocodebuilder.cpp	?NewALUNode@GraphMicrocodeBuilder@D3D@@QAAPAUALUNode@2@XZ	0x44	0x82BE5140
d3d9i	graphmicrocodebuilder.cpp	?NewFlowNode@GraphMicrocodeBuilder@D3D@@QAAPAUFlowNode@2@XZ	0x44	0x82BE5188
d3d9i	graphmicrocodebuilder.cpp	?ConvertGraphToShader@GraphMicrocodeBuilder@D3D@@QAAJPAXK@Z	0x3BC	0x82BE51D0
d3d9i	graphmicrocodebuilder.cpp	?AddFlowAfter@GraphMicrocodeBuilder@D3D@@QAAJPAUFlowNode@2@ABTGPUFLOW_INSTRUCTION@@PAPAU32@@Z	0xA8	0x82BE5590
d3d9i	graphmicrocodebuilder.cpp	?CreateExecAfter@GraphMicrocodeBuilder@D3D@@QAAJPAUFlowNode@2@PAPAU32@@Z	0x60	0x82BE5638
d3d9i	graphmicrocodebuilder.cpp	?SplitExecBlock@GraphMicrocodeBuilder@D3D@@QAAJPAUFlowNode@2@PAUALUNode@2@PAPAU32@@Z	0x15C	0x82BE5698
d3d9i	graphmicrocodebuilder.cpp	?AddALUAfter@GraphMicrocodeBuilder@D3D@@QAAJPAUFlowNode@2@PAUALUNode@2@_N2ABTGPUSHADER_INSTRUCTION@@PAPAU32@PAPAU42@@Z	0x174	0x82BE57F8
d3d9i	graphmicrocodebuilder.cpp	?resize@?$D3DFastVector@PAUFlowNode@D3D@@$1?MemAlloc@2@YAPAXK@Z$1?MemFree@2@YAXPAX@Z@D3D@@QAAXKAAJ@Z	0x54	0x82BE5970
d3d9i	graphmicrocodebuilder.cpp	?GMB_CSG_Callback@D3D@@YAJKKPATGPUSHADER_INSTRUCTION@@PAX@Z	0x158	0x82BE59C8
d3d9i	graphmicrocodebuilder.cpp	?ConvertShaderToGraph@GraphMicrocodeBuilder@D3D@@QAAJPBXK@Z	0xF0	0x82BE5B20
d3dx9	d3dx9tex.cpp	?D3DXSetDXT3DXT5@@YAXH@Z	0x14	0x82BE5C10
d3dx9	d3dx9tex.cpp	?D3DXMemAlloc@@YAPAXK@Z	0x8	0x82BE5C28
d3dx9	d3dx9tex.cpp	D3DXLoadSurfaceFromMemory	0x6D8	0x82BE5C30
d3dx9	d3dx9tex.cpp	D3DXLoadVolumeFromMemory	0x7BC	0x82BE6308
d3dx9	d3dx9tex.cpp	D3DXLoadSurfaceFromSurface	0x120	0x82BE6AC8
d3dx9	d3dx9tex.cpp	D3DXLoadVolumeFromVolume	0x130	0x82BE6BE8
d3dx9	d3dx9tex.cpp	D3DXFilterTexture	0x424	0x82BE6D18
d3dx9	CBuffer.cpp	?Release@CBuffer@D3DXCore@@UAAKXZ	0x50	0x82BE7140
d3dx9	CBuffer.cpp	?Init@CBuffer@D3DXCore@@UAAJK@Z	0x60	0x82BE7190
d3dx9	CBuffer.cpp	?QueryInterface@CBuffer@D3DXCore@@UAAJABU_GUID@@PAPAX@Z	0xB8	0x82BE71F0
d3dx9	CBuffer.cpp	merged_82BE72A8	0x64	0x82BE72A8
d3dx9	CBuffer.cpp	?Create@CBuffer@D3DXCore@@SAJKPAPAV12@@Z	0xCC	0x82BE7310
d3dx9	CBuffer.cpp	D3DXCreateBuffer	0x4	0x82BE73E0
d3dx9	d3dx9shader.cpp	merged_82BE73E8	0x44	0x82BE73E8
d3dx9	d3dx9shader.cpp	?IsCpuTarget@D3DXShader@@YAHPBD@Z	0xA8	0x82BE7430
d3dx9	d3dx9shader.cpp	?PromoteTarget@D3DXShader@@YAPBDPBDK@Z	0xE4	0x82BE74D8
d3dx9	d3dx9shader.cpp	D3DXGetTargetDescByName	0xD4	0x82BE75C0
d3dx9	d3dx9shader.cpp	D3DXGetTargetDescByVersion	0x7C	0x82BE7698
d3dx9	d3dx9shader.cpp	?Initialize@PreProcessorInitializeFromMemory@D3DXShader@@UAAJPAVCPreProcessor@2@@Z	0x24	0x82BE7718
d3dx9	d3dx9shader.cpp	?D3DXCompileShader_Common3@@YAJPAVPreProcessorInitializer@D3DXShader@@PBDPAPBDKPAPAUID3DXBuffer@@3PAPAUID3DXConstantTable@@PAU_D3DXSHADER_COMPILE_PARAMETERSA@@@Z	0x31C	0x82BE7740
d3dx9	d3dx9shader.cpp	?D3DXCompileShader_Common2@@YAJPAVPreProcessorInitializer@D3DXShader@@PBDPAPBDKPAPAUID3DXBuffer@@3PAPAUID3DXConstantTable@@PAU_D3DXSHADER_COMPILE_PARAMETERSA@@@Z	0x4C4	0x82BE7A60
d3dx9	d3dx9shader.cpp	?D3DXCompileShader_Common@@YAJPAVPreProcessorInitializer@D3DXShader@@PBDPAPBDKPAPAUID3DXBuffer@@3PAPAUID3DXConstantTable@@PAU_D3DXSHADER_COMPILE_PARAMETERSA@@@Z	0x74	0x82BE7F28
d3dx9	d3dx9shader.cpp	?D3DXCompileShader_Imp@@YAJPAVPreProcessorInitializer@D3DXShader@@PBD1KPAPAUID3DXBuffer@@2PAPAUID3DXConstantTable@@PAU_D3DXSHADER_COMPILE_PARAMETERSA@@@Z	0x184	0x82BE7FA0
d3dx9	d3dx9shader.cpp	D3DXCompileShaderExA	0x60	0x82BE8128
d3dx9	d3dx9shader.cpp	D3DXGetShaderConstantTableByTarget	0xE8	0x82BE8188
d3dx9	d3dx9shader.cpp	D3DXGetShaderConstantTable	0x4	0x82BE8270
d3dx9	d3dx9dbg.cpp	?D3DXCheckNewDelete@@YAXXZ	0xE0	0x82BE8278
d3dx9	CFile.cpp	??0CFile@D3DXCore@@QAA@XZ	0x18	0x82BE8358
d3dx9	CFile.cpp	?Open@CFile@D3DXCore@@QAAJPBXH@Z	0xF8	0x82BE8370
d3dx9	CFile.cpp	?Close@CFile@D3DXCore@@QAAJXZ	0x64	0x82BE8468
d3dx9	CFile.cpp	??1CFile@D3DXCore@@QAA@XZ	0x14	0x82BE84D0
d3dx9	CBlt.cpp	?BltSame_DXTn@CBlt@D3DXTex@@IAAJXZ	0x1A4	0x82BE84E8
d3dx9	CBlt.cpp	merged_82BE8690	0xF4	0x82BE8690
d3dx9	CBlt.cpp	?init_BoxFilter2D_A8R8G8B8@D3DXTex@@YAJPAI0IIII@Z	0x48	0x82BE8788
d3dx9	CBlt.cpp	?init_BoxFilter2D_X8R8G8B8@D3DXTex@@YAJPAI0IIII@Z	0x48	0x82BE87D0
d3dx9	CBlt.cpp	merged_82BE8818	0xFC	0x82BE8818
d3dx9	CBlt.cpp	merged_82BE8918	0x100	0x82BE8918
d3dx9	CBlt.cpp	merged_82BE8A18	0xFC	0x82BE8A18
d3dx9	CBlt.cpp	merged_82BE8B18	0xF8	0x82BE8B18
d3dx9	CBlt.cpp	??1CBlt@D3DXTex@@QAA@XZ	0x50	0x82BE8C10
d3dx9	CBlt.cpp	?BltSame@CBlt@D3DXTex@@IAAJXZ	0x190	0x82BE8C60
d3dx9	CBlt.cpp	?BltCopy@CBlt@D3DXTex@@IAAJXZ	0x138	0x82BE8DF0
d3dx9	CBlt.cpp	?BltNone@CBlt@D3DXTex@@IAAJXZ	0x250	0x82BE8F28
d3dx9	CBlt.cpp	?BltPoint@CBlt@D3DXTex@@IAAJXZ	0x21C	0x82BE9178
d3dx9	CBlt.cpp	?BltBox2D@CBlt@D3DXTex@@IAAJXZ	0x4A8	0x82BE9398
d3dx9	CBlt.cpp	?BltBox3D@CBlt@D3DXTex@@IAAJXZ	0x484	0x82BE9840
d3dx9	CBlt.cpp	?LF_SetupLinear@D3DXTex@@YAPAEIIH@Z	0x114	0x82BE9CC8
d3dx9	CBlt.cpp	?BltLinear2D@CBlt@D3DXTex@@IAAJXZ	0x35C	0x82BE9DE0
d3dx9	CBlt.cpp	?BltLinear3D@CBlt@D3DXTex@@IAAJXZ	0x52C	0x82BEA140
d3dx9	CBlt.cpp	?TF_SetupTriangle@D3DXTex@@YAPAEIIH@Z	0x2F4	0x82BEA670
d3dx9	CBlt.cpp	??_ETF_Row@D3DXTex@@QAAPAXI@Z	0x90	0x82BEA968
d3dx9	CBlt.cpp	?BltTriangle3D@CBlt@D3DXTex@@IAAJXZ	0x7DC	0x82BEA9F8
d3dx9	CBlt.cpp	?BltTriangle2D@CBlt@D3DXTex@@IAAJXZ	0x728	0x82BEB1D8
d3dx9	CBlt.cpp	?Blt@CBlt@D3DXTex@@QAAJPAUD3DX_BLT@@0K@Z	0x1A4	0x82BEB900
d3dx9	CLock.cpp	merged_82BEBAA8	0x1C	0x82BEBAA8
d3dx9	CLock.cpp	merged_82BEBAC8	0xC	0x82BEBAC8
d3dx9	CLock.cpp	?InternalCopy@D3DXTex@@YAJPAUD3DSurface@@0@Z	0xF4	0x82BEBAD8
d3dx9	CLock.cpp	?Unlock@CLockSurface@D3DXTex@@QAAJXZ	0x100	0x82BEBBD0
d3dx9	CLock.cpp	?Unlock@CLockVolume@D3DXTex@@QAAJXZ	0x54	0x82BEBCD0
d3dx9	CLock.cpp	??1CLockSurface@D3DXTex@@QAA@XZ	0x4	0x82BEBD28
d3dx9	CLock.cpp	?Lock@CLockSurface@D3DXTex@@QAAJPAUD3DX_BLT@@PAUD3DSurface@@PBUtagPALETTEENTRY@@PBUtagRECT@@KK@Z	0x51C	0x82BEBD30
d3dx9	CLock.cpp	??1CLockVolume@D3DXTex@@QAA@XZ	0x4	0x82BEC250
d3dx9	CLock.cpp	?Lock@CLockVolume@D3DXTex@@QAAJPAUD3DX_BLT@@PAUD3DVolume@@PBUtagPALETTEENTRY@@PBU_D3DBOX@@KK@Z	0x360	0x82BEC258
d3dx9	CCodec.cpp	merged_82BEC5B8	0x6AC	0x82BEC5B8
d3dx9	CCodec.cpp	??0CCodec@D3DXTex@@IAA@PAUD3DX_BLT@@IK@Z	0x270	0x82BECC68
d3dx9	CCodec.cpp	??1CCodec@D3DXTex@@UAA@XZ	0x58	0x82BECED8
d3dx9	CCodec.cpp	?ConvertFrom@CCodec@D3DXTex@@QAAJPAV12@@Z	0xB8	0x82BECF30
d3dx9	CCodec.cpp	?DecodePalette@CCodec@D3DXTex@@IAAJPAUD3DX_BLT@@@Z	0x17C	0x82BECFE8
d3dx9	CCodec.cpp	?QuantizeColorKey@CCodec@D3DXTex@@MAAXXZ	0xE4	0x82BED168
d3dx9	CCodec.cpp	?EncodeGamma22@CCodec@D3DXTex@@IAAPAUD3DXCOLOR@@PAU3@@Z	0x33C	0x82BED250
d3dx9	CCodec.cpp	?DecodeGamma22@CCodec@D3DXTex@@IAAXPAUD3DXCOLOR@@@Z	0x264	0x82BED590
d3dx9	CCodec.cpp	merged_82BED7F8	0x90	0x82BED7F8
d3dx9	CCodec.cpp	?Encode@CCodec_A8R8G8B8@D3DXTex@@UAAXIIPAUD3DXCOLOR@@@Z	0x47C	0x82BED888
d3dx9	CCodec.cpp	?Encode@CCodec_X8R8G8B8@D3DXTex@@UAAXIIPAUD3DXCOLOR@@@Z	0x3C4	0x82BEDD08
d3dx9	CCodec.cpp	?Encode@CCodec_R5G6B5@D3DXTex@@UAAXIIPAUD3DXCOLOR@@@Z	0x3D4	0x82BEE0D0
d3dx9	CCodec.cpp	?Encode@CCodec_X1R5G5B5@D3DXTex@@UAAXIIPAUD3DXCOLOR@@@Z	0x3C4	0x82BEE4A8
d3dx9	CCodec.cpp	?Encode@CCodec_A1R5G5B5@D3DXTex@@UAAXIIPAUD3DXCOLOR@@@Z	0x474	0x82BEE870
d3dx9	CCodec.cpp	?Encode@CCodec_A4R4G4B4@D3DXTex@@UAAXIIPAUD3DXCOLOR@@@Z	0x47C	0x82BEECE8
d3dx9	CCodec.cpp	?Encode@CCodec_A8@D3DXTex@@UAAXIIPAUD3DXCOLOR@@@Z	0x228	0x82BEF168
d3dx9	CCodec.cpp	?Encode@CCodec_X4R4G4B4@D3DXTex@@UAAXIIPAUD3DXCOLOR@@@Z	0x3C4	0x82BEF390
d3dx9	CCodec.cpp	?Encode@CCodec_A2B10G10R10@D3DXTex@@UAAXIIPAUD3DXCOLOR@@@Z	0x48C	0x82BEF758
d3dx9	CCodec.cpp	?Encode@CCodec_A8B8G8R8@D3DXTex@@UAAXIIPAUD3DXCOLOR@@@Z	0x47C	0x82BEFBE8
d3dx9	CCodec.cpp	?Encode@CCodec_X8B8G8R8@D3DXTex@@UAAXIIPAUD3DXCOLOR@@@Z	0x3C4	0x82BF0068
d3dx9	CCodec.cpp	?Encode@CCodec_G16R16@D3DXTex@@UAAXIIPAUD3DXCOLOR@@@Z	0x300	0x82BF0430
d3dx9	CCodec.cpp	?Encode@CCodec_A2R10G10B10@D3DXTex@@UAAXIIPAUD3DXCOLOR@@@Z	0x48C	0x82BF0730
d3dx9	CCodec.cpp	?Encode@CCodec_A16B16G16R16@D3DXTex@@UAAXIIPAUD3DXCOLOR@@@Z	0x494	0x82BF0BC0
d3dx9	CCodec.cpp	?Encode@CCodec_L8@D3DXTex@@UAAXIIPAUD3DXCOLOR@@@Z	0x27C	0x82BF1058
d3dx9	CCodec.cpp	?Encode@CCodec_A8L8@D3DXTex@@UAAXIIPAUD3DXCOLOR@@@Z	0x350	0x82BF12D8
d3dx9	CCodec.cpp	merged_82BF1628	0x28C	0x82BF1628
d3dx9	CCodec.cpp	?Encode@CCodec_V8U8@D3DXTex@@UAAXIIPAUD3DXCOLOR@@@Z	0x2F4	0x82BF18B8
d3dx9	CCodec.cpp	?Encode@CCodec_L6V5U5@D3DXTex@@UAAXIIPAUD3DXCOLOR@@@Z	0x3CC	0x82BF1BB0
d3dx9	CCodec.cpp	?Encode@CCodec_X8L8V8U8@D3DXTex@@UAAXIIPAUD3DXCOLOR@@@Z	0x3D0	0x82BF1F80
d3dx9	CCodec.cpp	?Encode@CCodec_Q8W8V8U8@D3DXTex@@UAAXIIPAUD3DXCOLOR@@@Z	0x470	0x82BF2350
d3dx9	CCodec.cpp	?Encode@CCodec_V16U16@D3DXTex@@UAAXIIPAUD3DXCOLOR@@@Z	0x2F4	0x82BF27C0
d3dx9	CCodec.cpp	?Encode@CCodec_A2W10V10U10@D3DXTex@@UAAXIIPAUD3DXCOLOR@@@Z	0x480	0x82BF2AB8
d3dx9	CCodec.cpp	?Encode@CCodec_Q16W16V16U16@D3DXTex@@UAAXIIPAUD3DXCOLOR@@@Z	0x480	0x82BF2F38
d3dx9	CCodec.cpp	?Encode@CCodec_R16F@D3DXTex@@UAAXIIPAUD3DXCOLOR@@@Z	0x90	0x82BF33B8
d3dx9	CCodec.cpp	?Encode@CCodec_G16R16F@D3DXTex@@UAAXIIPAUD3DXCOLOR@@@Z	0x90	0x82BF3448
d3dx9	CCodec.cpp	?Encode@CCodec_A16B16G16R16F@D3DXTex@@UAAXIIPAUD3DXCOLOR@@@Z	0x60	0x82BF34D8
d3dx9	CCodec.cpp	?Encode@CCodec_R32F@D3DXTex@@UAAXIIPAUD3DXCOLOR@@@Z	0x84	0x82BF3538
d3dx9	CCodec.cpp	?Encode@CCodec_G32R32F@D3DXTex@@UAAXIIPAUD3DXCOLOR@@@Z	0x8C	0x82BF35C0
d3dx9	CCodec.cpp	?Encode@CCodec_A32B32G32R32F@D3DXTex@@UAAXIIPAUD3DXCOLOR@@@Z	0x60	0x82BF3650
d3dx9	CCodec.cpp	?Encode@CCodec_D3DX_A16L16@D3DXTex@@UAAXIIPAUD3DXCOLOR@@@Z	0x358	0x82BF36B0
d3dx9	CCodec.cpp	?Encode@CCodec_D3DX_R16G16B16@D3DXTex@@UAAXIIPAUD3DXCOLOR@@@Z	0x3CC	0x82BF3A08
d3dx9	CCodec.cpp	?Decode@CCodec_A8R8G8B8@D3DXTex@@UAAXIIPAUD3DXCOLOR@@@Z	0x11C	0x82BF3DD8
d3dx9	CCodec.cpp	?Decode@CCodec_X8R8G8B8@D3DXTex@@UAAXIIPAUD3DXCOLOR@@@Z	0x10C	0x82BF3EF8
d3dx9	CCodec.cpp	?Decode@CCodec_R5G6B5@D3DXTex@@UAAXIIPAUD3DXCOLOR@@@Z	0x120	0x82BF4008
d3dx9	CCodec.cpp	?Decode@CCodec_X1R5G5B5@D3DXTex@@UAAXIIPAUD3DXCOLOR@@@Z	0x118	0x82BF4128
d3dx9	CCodec.cpp	?Decode@CCodec_A1R5G5B5@D3DXTex@@UAAXIIPAUD3DXCOLOR@@@Z	0x128	0x82BF4240
d3dx9	CCodec.cpp	?Decode@CCodec_A4R4G4B4@D3DXTex@@UAAXIIPAUD3DXCOLOR@@@Z	0x12C	0x82BF4368
d3dx9	CCodec.cpp	?Decode@CCodec_A2B10G10R10@D3DXTex@@UAAXIIPAUD3DXCOLOR@@@Z	0x134	0x82BF4498
d3dx9	CCodec.cpp	?Decode@CCodec_A8B8G8R8@D3DXTex@@UAAXIIPAUD3DXCOLOR@@@Z	0x11C	0x82BF45D0
d3dx9	CCodec.cpp	?Decode@CCodec_X8B8G8R8@D3DXTex@@UAAXIIPAUD3DXCOLOR@@@Z	0x10C	0x82BF46F0
d3dx9	CCodec.cpp	?Decode@CCodec_G16R16@D3DXTex@@UAAXIIPAUD3DXCOLOR@@@Z	0xF4	0x82BF4800
d3dx9	CCodec.cpp	?Decode@CCodec_A2R10G10B10@D3DXTex@@UAAXIIPAUD3DXCOLOR@@@Z	0x134	0x82BF48F8
d3dx9	CCodec.cpp	?Decode@CCodec_A16B16G16R16@D3DXTex@@UAAXIIPAUD3DXCOLOR@@@Z	0x130	0x82BF4A30
d3dx9	CCodec.cpp	?Decode@CCodec_A8@D3DXTex@@UAAXIIPAUD3DXCOLOR@@@Z	0xCC	0x82BF4B60
d3dx9	CCodec.cpp	?Decode@CCodec_X4R4G4B4@D3DXTex@@UAAXIIPAUD3DXCOLOR@@@Z	0x118	0x82BF4C30
d3dx9	CCodec.cpp	?Decode@CCodec_L8@D3DXTex@@UAAXIIPAUD3DXCOLOR@@@Z	0xCC	0x82BF4D48
d3dx9	CCodec.cpp	?Decode@CCodec_A8L8@D3DXTex@@UAAXIIPAUD3DXCOLOR@@@Z	0xEC	0x82BF4E18
d3dx9	CCodec.cpp	merged_82BF4F08	0xDC	0x82BF4F08
d3dx9	CCodec.cpp	?Decode@CCodec_V8U8@D3DXTex@@UAAXIIPAUD3DXCOLOR@@@Z	0x128	0x82BF4FE8
d3dx9	CCodec.cpp	?Decode@CCodec_L6V5U5@D3DXTex@@UAAXIIPAUD3DXCOLOR@@@Z	0x160	0x82BF5110
d3dx9	CCodec.cpp	?Decode@CCodec_X8L8V8U8@D3DXTex@@UAAXIIPAUD3DXCOLOR@@@Z	0x148	0x82BF5270
d3dx9	CCodec.cpp	?Decode@CCodec_Q8W8V8U8@D3DXTex@@UAAXIIPAUD3DXCOLOR@@@Z	0x188	0x82BF53B8
d3dx9	CCodec.cpp	?Decode@CCodec_V16U16@D3DXTex@@UAAXIIPAUD3DXCOLOR@@@Z	0x12C	0x82BF5540
d3dx9	CCodec.cpp	?Decode@CCodec_A2W10V10U10@D3DXTex@@UAAXIIPAUD3DXCOLOR@@@Z	0x18C	0x82BF5670
d3dx9	CCodec.cpp	?Decode@CCodec_Q16W16V16U16@D3DXTex@@UAAXIIPAUD3DXCOLOR@@@Z	0x184	0x82BF5800
d3dx9	CCodec.cpp	?Decode@CCodec_R16F@D3DXTex@@UAAXIIPAUD3DXCOLOR@@@Z	0xC8	0x82BF5988
d3dx9	CCodec.cpp	?Decode@CCodec_G16R16F@D3DXTex@@UAAXIIPAUD3DXCOLOR@@@Z	0xC4	0x82BF5A50
d3dx9	CCodec.cpp	?Decode@CCodec_A16B16G16R16F@D3DXTex@@UAAXIIPAUD3DXCOLOR@@@Z	0x90	0x82BF5B18
d3dx9	CCodec.cpp	?Decode@CCodec_R32F@D3DXTex@@UAAXIIPAUD3DXCOLOR@@@Z	0xC0	0x82BF5BA8
d3dx9	CCodec.cpp	?Decode@CCodec_G32R32F@D3DXTex@@UAAXIIPAUD3DXCOLOR@@@Z	0xC4	0x82BF5C68
d3dx9	CCodec.cpp	?Decode@CCodec_A32B32G32R32F@D3DXTex@@UAAXIIPAUD3DXCOLOR@@@Z	0x90	0x82BF5D30
d3dx9	CCodec.cpp	?Decode@CCodec_D3DX_A16L16@D3DXTex@@UAAXIIPAUD3DXCOLOR@@@Z	0xEC	0x82BF5DC0
d3dx9	CCodec.cpp	?Decode@CCodec_D3DX_R16G16B16@D3DXTex@@UAAXIIPAUD3DXCOLOR@@@Z	0x10C	0x82BF5EB0
d3dx9	CCodec.cpp	??0CCodecYUV@D3DXTex@@QAA@PAUD3DX_BLT@@@Z	0xE4	0x82BF5FC0
d3dx9	CCodec.cpp	?Commit@CCodecYUV@D3DXTex@@QAAJXZ	0x330	0x82BF60A8
d3dx9	CCodec.cpp	?Fetch@CCodecYUV@D3DXTex@@QAAJIIH@Z	0x458	0x82BF63D8
d3dx9	CCodec.cpp	?Encode@CCodecYUV@D3DXTex@@UAAXIIPAUD3DXCOLOR@@@Z	0xBC	0x82BF6830
d3dx9	CCodec.cpp	?Decode@CCodecYUV@D3DXTex@@UAAXIIPAUD3DXCOLOR@@@Z	0xAC	0x82BF68F0
d3dx9	CCodec.cpp	??0CCodecDXT@D3DXTex@@QAA@PAUD3DX_BLT@@@Z	0x1A8	0x82BF69A0
d3dx9	CCodec.cpp	??1CCodecDXT@D3DXTex@@UAA@XZ	0xA4	0x82BF6B48
d3dx9	CCodec.cpp	?QuantizeColorKey@CCodecDXT@D3DXTex@@MAAXXZ	0x11C	0x82BF6BF0
d3dx9	CCodec.cpp	?Encode@CCodecDXT@D3DXTex@@UAAXIIPAUD3DXCOLOR@@@Z	0x598	0x82BF6D10
d3dx9	CCodec.cpp	?Decode@CCodecDXT@D3DXTex@@UAAXIIPAUD3DXCOLOR@@@Z	0x2E8	0x82BF72A8
d3dx9	CCodec.cpp	??1CCodecYUV@D3DXTex@@UAA@XZ	0x54	0x82BF7590
d3dx9	CCodec.cpp	merged_82BF75E8	0x50	0x82BF75E8
d3dx9	CCodec.cpp	merged_82BF7638	0x50	0x82BF7638
d3dx9	CCodec.cpp	?Create@CCodec@D3DXTex@@SAPAV12@PAUD3DX_BLT@@@Z	0xA88	0x82BF7688
d3dx9	CCodec.cpp	merged_82BF8110	0x50	0x82BF8110
d3dx9	d3dx9shader2.cpp	D3DXFindShaderComment	0x144	0x82BF8160
d3dx9	d3dxmath.cpp	?XMConvertHalfToFloatStream@@YAPAMPAMIPBGII@Z	0x54	0x82BF82A8
d3dx9	d3dxmath.cpp	?XMConvertFloatToHalfStream@@YAPAGPAGIPBMII@Z	0x54	0x82BF8300
d3dx9	d3dxmath.cpp	D3DXFloat32To16Array	0x54	0x82BF8358
d3dx9	d3dxmath.cpp	D3DXFloat16To32Array	0x54	0x82BF83B0
d3dx9	CPreProcessor.cpp	??0CPPInclude@D3DXShader@@QAA@XZ	0x60	0x82BF8408
d3dx9	CPreProcessor.cpp	?InitializePathFromFileName@CPPInclude@D3DXShader@@QAAJPAVCAlloc@D3DXCore@@PBD@Z	0xDC	0x82BF8468
d3dx9	CPreProcessor.cpp	?CallClose@CPPInclude@D3DXShader@@QAAXXZ	0x58	0x82BF8548
d3dx9	CPreProcessor.cpp	?RtlEnterCriticalSection@CPreProcessor@D3DXShader@@QAAXXZ	0x54	0x82BF85A0
d3dx9	CPreProcessor.cpp	?RtlLeaveCriticalSection@CPreProcessor@D3DXShader@@QAAXXZ	0x48	0x82BF85F8
d3dx9	CPreProcessor.cpp	?GetFileLine@CPreProcessor@D3DXShader@@QAAJPAPBDPAI@Z	0x30	0x82BF8640
d3dx9	CPreProcessor.cpp	?GetBufferPointer@CPreProcessor@D3DXShader@@QAAJPAPBDPAI@Z	0x58	0x82BF8670
d3dx9	CPreProcessor.cpp	?DoError@CPreProcessor@D3DXShader@@IAAJXZ	0x168	0x82BF86C8
d3dx9	CPreProcessor.cpp	?DoElif@CPreProcessor@D3DXShader@@IAAJH@Z	0xC0	0x82BF8830
d3dx9	CPreProcessor.cpp	?DoElse@CPreProcessor@D3DXShader@@IAAJXZ	0xB4	0x82BF88F0
d3dx9	CPreProcessor.cpp	?DoPragmaPackMatrix@CPreProcessor@D3DXShader@@IAAJXZ	0x1F8	0x82BF89A8
d3dx9	CPreProcessor.cpp	?DoPragmaWarning@CPreProcessor@D3DXShader@@IAAJXZ	0x584	0x82BF8BA0
d3dx9	CPreProcessor.cpp	?Hash@CPreProcessor@D3DXShader@@IAAIPBD@Z	0x4C	0x82BF9128
d3dx9	CPreProcessor.cpp	?AreDefinesIdentical@CPreProcessor@D3DXShader@@IAAHPAVCPPDefine@2@0@Z	0x2B4	0x82BF9178
d3dx9	CPreProcessor.cpp	?SetTreatDigitsAsLetters@CPreProcessor@D3DXShader@@QAAXH@Z	0x8	0x82BF9430
d3dx9	CPreProcessor.cpp	?IsDefineRecursive@CPreProcessor@D3DXShader@@IAAHPBD@Z	0xE4	0x82BF9438
d3dx9	CPreProcessor.cpp	?FindDefine@CPreProcessor@D3DXShader@@IAAHPBDPAPAVCNode@2@1@Z	0xD0	0x82BF9520
d3dx9	CPreProcessor.cpp	?Escape@CPreProcessor@D3DXShader@@IAAIPBDIPADI@Z	0xAC	0x82BF95F0
d3dx9	CPreProcessor.cpp	?NonNull@CPreProcessor@D3DXShader@@IAAPAVCNode@2@PAV32@@Z	0x68	0x82BF96A0
d3dx9	CPreProcessor.cpp	?StringLengthWorkerA@@YAJPBDIPAI@Z	0x54	0x82BF9708
d3dx9	CPreProcessor.cpp	merged_82BF9760	0x60	0x82BF9760
d3dx9	CPreProcessor.cpp	??1CPPInclude@D3DXShader@@QAA@XZ	0x54	0x82BF97C0
d3dx9	CPreProcessor.cpp	??_GCPPBlock@D3DXShader@@QAAPAXI@Z	0x60	0x82BF9818
d3dx9	CPreProcessor.cpp	??_GCPPPragmaDef@D3DXShader@@QAAPAXI@Z	0x60	0x82BF9878
d3dx9	CPreProcessor.cpp	??_GCPPPragmaRule@D3DXShader@@QAAPAXI@Z	0x60	0x82BF98D8
d3dx9	CPreProcessor.cpp	??0CPreProcessor@D3DXShader@@QAA@XZ	0xD0	0x82BF9938
d3dx9	CPreProcessor.cpp	?Begin@CPreProcessor@D3DXShader@@QAAJI@Z	0x88	0x82BF9A08
d3dx9	CPreProcessor.cpp	?Token@CPreProcessor@D3DXShader@@IAAHPAH@Z	0x7C8	0x82BF9A90
d3dx9	CPreProcessor.cpp	?DoUndef@CPreProcessor@D3DXShader@@IAAJPBD@Z	0xA8	0x82BFA258
d3dx9	CPreProcessor.cpp	?DoIf@CPreProcessor@D3DXShader@@IAAJH@Z	0xB4	0x82BFA300
d3dx9	CPreProcessor.cpp	?DoEndif@CPreProcessor@D3DXShader@@IAAJXZ	0x88	0x82BFA3B8
d3dx9	CPreProcessor.cpp	?DoPragmaRuleDisable@CPreProcessor@D3DXShader@@IAAJXZ	0x140	0x82BFA440
d3dx9	CPreProcessor.cpp	?DoPragmaMessage@CPreProcessor@D3DXShader@@IAAJXZ	0x1E8	0x82BFA580
d3dx9	CPreProcessor.cpp	?DoPragmaDef@CPreProcessor@D3DXShader@@IAAJXZ	0x3E4	0x82BFA768
d3dx9	CPreProcessor.cpp	?AddDefine@CPreProcessor@D3DXShader@@IAAJPAVCPPDefine@2@@Z	0xEC	0x82BFAB50
d3dx9	CPreProcessor.cpp	?AddDefine@CPreProcessor@D3DXShader@@QAAJPBD@Z	0x8C	0x82BFAC40
d3dx9	CPreProcessor.cpp	?AddDefine@CPreProcessor@D3DXShader@@QAAJPBDI@Z	0xC4	0x82BFACD0
d3dx9	CPreProcessor.cpp	?UintDefine@CPreProcessor@D3DXShader@@IAAIPBD@Z	0xFC	0x82BFAD98
d3dx9	CPreProcessor.cpp	?FinishInit@CPPInclude@D3DXShader@@QAAJPAVCAlloc@D3DXCore@@PAVCTErrors@2@PAVCTokStringTable@2@I@Z	0xF0	0x82BFAE98
d3dx9	CPreProcessor.cpp	?InitializeFromFile@CPPInclude@D3DXShader@@QAAJPBXHPAVCAlloc@D3DXCore@@PAUD3DXTOKEN@2@PAVCTErrors@2@PAVCTokStringTable@2@PAUID3DXInclude@@W4_D3DXINCLUDE_TYPE@@0I@Z	0x258	0x82BFAF88
d3dx9	CPreProcessor.cpp	?InitializeFromMemory@CPPInclude@D3DXShader@@QAAJPBDPBXIPAVCAlloc@D3DXCore@@PAVCTErrors@2@PAVCTokStringTable@2@I@Z	0x7C	0x82BFB1E0
d3dx9	CPreProcessor.cpp	??1CPreProcessor@D3DXShader@@QAA@XZ	0xD8	0x82BFB260
d3dx9	CPreProcessor.cpp	?AllocTokenString@CPreProcessor@D3DXShader@@QAAJPAUD3DXTOKEN@2@PBD_N@Z	0x1A0	0x82BFB338
d3dx9	CPreProcessor.cpp	?AllocTokenUint@CPreProcessor@D3DXShader@@QAAJPAUD3DXTOKEN@2@I@Z	0xB0	0x82BFB4D8
d3dx9	CPreProcessor.cpp	?VError@CPreProcessor@D3DXShader@@IAAXPBDPAD@Z	0xE8	0x82BFB588
d3dx9	CPreProcessor.cpp	?DoDefine@CPreProcessor@D3DXShader@@IAAJPBD_N1@Z	0x394	0x82BFB670
d3dx9	CPreProcessor.cpp	?DoPragma@CPreProcessor@D3DXShader@@IAAJXZ	0x1E4	0x82BFBA08
d3dx9	CPreProcessor.cpp	?Static_Error@CPreProcessor@D3DXShader@@SAXPAXPBDZZ	0x50	0x82BFBBF0
d3dx9	CPreProcessor.cpp	?InitializeDefines@CPreProcessor@D3DXShader@@IAAJPBU_D3DXMACRO@@@Z	0x498	0x82BFBC40
d3dx9	CPreProcessor.cpp	?Error@CPreProcessor@D3DXShader@@IAAXPBDZZ	0x4C	0x82BFC0D8
d3dx9	CPreProcessor.cpp	?DoInclude@CPreProcessor@D3DXShader@@IAAJXZ	0x278	0x82BFC128
d3dx9	CPreProcessor.cpp	?InitializeFromMemory@CPreProcessor@D3DXShader@@QAAJPBDPBXIPBU_D3DXMACRO@@PAUID3DXInclude@@@Z	0x140	0x82BFC3A0
d3dx9	CPreProcessor.cpp	?Production@CPreProcessor@D3DXShader@@IAAXII@Z	0x598	0x82BFC4E0
d3dx9	CPreProcessor.cpp	?d3d10tok_parse@CPreProcessorYaccStruct@D3DXShader@@QAAHXZ	0x61C	0x82BFCA78
d3dx9	CPreProcessor.cpp	?GetToken@CPreProcessor@D3DXShader@@QAAJPAUD3DXTOKEN@2@@Z	0x57C	0x82BFD098
d3dx9	CPreProcessor.cpp	?End@CPreProcessor@D3DXShader@@QAAJPAPAVCNode@2@@Z	0xB4	0x82BFD618
d3dx9	CPreProcessor.cpp	?CallDefine@CPreProcessor@D3DXShader@@IAA?AW4CallDefineDisposition@12@PAUD3DXTOKEN@2@PAVCNode@2@1@Z	0x960	0x82BFD6D0
d3dx9	CTokenize.cpp	??0CTErrors@D3DXShader@@QAA@XZ	0x34	0x82BFE030
d3dx9	CTokenize.cpp	?GetErrorBuffer@CTErrors@D3DXShader@@QAAJPAPAUID3DXBuffer@@@Z	0xB8	0x82BFE068
d3dx9	CTokenize.cpp	??0CTokStringTable@D3DXShader@@QAA@XZ	0x38	0x82BFE120
d3dx9	CTokenize.cpp	?ComputeHash@D3DXShader@@YAIPAEI@Z	0x224	0x82BFE158
d3dx9	CTokenize.cpp	??0CTokenize@D3DXShader@@QAA@XZ	0x38	0x82BFE380
d3dx9	CTokenize.cpp	?Initialize@CTokenize@D3DXShader@@QAAJPBXIIPBDIPAVCAlloc@D3DXCore@@PAVCTErrors@2@PAVCTokStringTable@2@@Z	0xB4	0x82BFE3B8
d3dx9	CTokenize.cpp	?SetTreatDigitsAsLetters@CTokenize@D3DXShader@@QAAXH@Z	0x8	0x82BFE470
d3dx9	CTokenize.cpp	?LexDefNumber@CTokenize@D3DXShader@@IAAIPBD@Z	0x68	0x82BFE478
d3dx9	CTokenize.cpp	?LexFloat@CTokenize@D3DXShader@@IAAIPBDPAN@Z	0x2B0	0x82BFE4E0
d3dx9	CTokenize.cpp	?LexOperator@CTokenize@D3DXShader@@IAAIPBDPAD@Z	0x18C	0x82BFE790
d3dx9	CTokenize.cpp	?LexFloatSuffix@CTokenize@D3DXShader@@IAAIPBDPAUD3DXTOKEN@2@@Z	0x84	0x82BFE920
d3dx9	CTokenize.cpp	?LexIntegerSuffix@CTokenize@D3DXShader@@IAAIPBDPAUD3DXTOKEN@2@@Z	0x140	0x82BFE9A8
d3dx9	CTokenize.cpp	?StringCopyNWorkerA@@YAJPADIPBDI@Z	0x6C	0x82BFEAE8
d3dx9	CTokenize.cpp	??1CTErrors@D3DXShader@@QAA@XZ	0x68	0x82BFEB58
d3dx9	CTokenize.cpp	?Push@CTErrors@D3DXShader@@IAAJIPAI@Z	0x1AC	0x82BFEBC0
d3dx9	CTokenize.cpp	?Clear@CTErrors@D3DXShader@@QAAJXZ	0x9C	0x82BFED70
d3dx9	CTokenize.cpp	?PreformattedError@CTErrors@D3DXShader@@QAAJPBD@Z	0x90	0x82BFEE10
d3dx9	CTokenize.cpp	?Add@CTokStringTable@D3DXShader@@QAAJPAVCAlloc@D3DXCore@@IPBDPAPBD@Z	0x12C	0x82BFEEA0
d3dx9	CTokenize.cpp	?LexIdentifier@CTokenize@D3DXShader@@IAAIPBDPAPBD@Z	0x154	0x82BFEFD0
d3dx9	CTokenize.cpp	?SetWarningSpecifier@CTErrors@D3DXShader@@QAAJII@Z	0xAC	0x82BFF128
d3dx9	CTokenize.cpp	?FillMessageBuf@CTErrors@D3DXShader@@QAAJIPADPBUD3DXTOKEN@2@IPBD20@Z	0x230	0x82BFF1D8
d3dx9	CTokenize.cpp	?StringCbCatA@@YAJPADIPBD@Z	0x68	0x82BFF408
d3dx9	CTokenize.cpp	?ErrorVa@CTErrors@D3DXShader@@QAAJPBUD3DXTOKEN@2@IPBDPAD@Z	0xB4	0x82BFF470
d3dx9	CTokenize.cpp	merged_82BFF528	0x44	0x82BFF528
d3dx9	CTokenize.cpp	?WarningVa@CTErrors@D3DXShader@@QAAJPBUD3DXTOKEN@2@IPBDPAD@Z	0x17C	0x82BFF570
d3dx9	CTokenize.cpp	merged_82BFF6F0	0x44	0x82BFF6F0
d3dx9	CTokenize.cpp	?SyntaxError@CTErrors@D3DXShader@@QAAJIPAUD3DXTOKEN@2@@Z	0x1C0	0x82BFF738
d3dx9	CTokenize.cpp	?SkipToEOL@CTokenize@D3DXShader@@QAAHH@Z	0x168	0x82BFF8F8
d3dx9	CTokenize.cpp	?LexHex@CTokenize@D3DXShader@@IAAIPBDPA_K@Z	0xF4	0x82BFFA60
d3dx9	CTokenize.cpp	?LexOctal@CTokenize@D3DXShader@@IAAIPBDPA_K@Z	0xD8	0x82BFFB58
d3dx9	CTokenize.cpp	?LexDecimal@CTokenize@D3DXShader@@IAAIPBDPA_K@Z	0xF0	0x82BFFC30
d3dx9	CTokenize.cpp	?LexStringChar@CTokenize@D3DXShader@@IAAIPBDPAI@Z	0x208	0x82BFFD20
d3dx9	CTokenize.cpp	?LexVersion@CTokenize@D3DXShader@@IAAIPBDPAI@Z	0x15C	0x82BFFF28
d3dx9	CTokenize.cpp	?SkipWhitespace@CTokenize@D3DXShader@@QAAHXZ	0x26C	0x82C00088
d3dx9	CTokenize.cpp	?LexChar@CTokenize@D3DXShader@@IAAIPBDPAI@Z	0x74	0x82C002F8
d3dx9	CTokenize.cpp	?LexString@CTokenize@D3DXShader@@IAAIPBDPAPBD@Z	0x21C	0x82C00370
d3dx9	CTokenize.cpp	?GetToken@CTokenize@D3DXShader@@QAAJIPAUD3DXTOKEN@2@@Z	0x3D4	0x82C00590
d3dx9	CAssembler.cpp	?GetUsageAndIndex@D3DXShader@@YAJPBDPAE1@Z	0x5A0	0x82C00968
d3dx9	CAssembler.cpp	?RegisterHash@D3DXShader@@YAIPBD@Z	0x7C	0x82C00F08
d3dx9	CAssembler.cpp	?GetElement@CFragmentRegisterAllocator@D3DXShader@@QAAPAVCRegisterEntryNode@2@PBD@Z	0x74	0x82C00F88
d3dx9	CAssembler.cpp	?GetElements@CFragmentRegisterAllocator@D3DXShader@@QAAXPAPAVCRegisterEntryNode@2@@Z	0x44	0x82C01000
d3dx9	CAssembler.cpp	??0CAssembler@D3DXShader@@QAA@H@Z	0x2C	0x82C01048
d3dx9	CAssembler.cpp	?NonNull@CAssembler@D3DXShader@@IAAPAVCNode@2@PAV32@@Z	0x74	0x82C01078
d3dx9	CAssembler.cpp	?DecodeMask@CAssembler@D3DXShader@@IAAKPAUD3DXTOKEN@2@@Z	0x10C	0x82C010F0
d3dx9	CAssembler.cpp	?DecodeSwizzle@CAssembler@D3DXShader@@IAAKPAUD3DXTOKEN@2@@Z	0x10C	0x82C01200
d3dx9	CAssembler.cpp	?Validate@CAssembler@D3DXShader@@IAAJPAUD3DXTOKEN@2@@Z	0x94	0x82C01310
d3dx9	CAssembler.cpp	?compare@D3DXShader@@YAHPBX0@Z	0x200	0x82C013A8
d3dx9	CAssembler.cpp	?UCodeBufferAllocCallback@D3DXShader@@YAJPAXKPAPAX@Z	0x4C	0x82C015A8
d3dx9	CAssembler.cpp	?GetShaderMicrocode@D3DXShader@@YAJKPBKKPAPAUID3DXBuffer@@PAXP6AX2HKPBD@ZPAU_D3DXSHADER_COMPILE_PARAMETERSA@@@Z	0x268	0x82C015F8
d3dx9	CAssembler.cpp	?MicrocodeErrorCallback@CAssembler@D3DXShader@@QAAXHKPBD@Z	0x5C	0x82C01860
d3dx9	CAssembler.cpp	??1CRegisterEntryNode@D3DXShader@@QAA@XZ	0x50	0x82C018C0
d3dx9	CAssembler.cpp	merged_82C01910	0x8	0x82C01910
d3dx9	CAssembler.cpp	?AddElement@CFragmentRegisterAllocator@D3DXShader@@QAAJPBDII@Z	0xD8	0x82C01918
d3dx9	CAssembler.cpp	??0CFragmentInfo@D3DXShader@@QAA@H@Z	0xCC	0x82C019F0
d3dx9	CAssembler.cpp	??1CFragmentInfo@D3DXShader@@QAA@XZ	0x118	0x82C01AC0
d3dx9	CAssembler.cpp	?GetRegisterInfo@CFragmentInfo@D3DXShader@@QAAJPAVCTErrors@2@PAVCFragmentConstants@2@PAUD3DXTOKEN@2@PBDPAVCNode@2@PAK55@Z	0x5D4	0x82C01BD8
d3dx9	CAssembler.cpp	?DecodeRegister@CAssembler@D3DXShader@@IAAPAVCNode@2@PAUD3DXTOKEN@2@PAV32@@Z	0x7F8	0x82C021B0
d3dx9	CAssembler.cpp	?Assure@CAssembler@D3DXShader@@IAAJI@Z	0xA4	0x82C029A8
d3dx9	CAssembler.cpp	?Emit@CAssembler@D3DXShader@@IAAJK@Z	0x64	0x82C02A50
d3dx9	CAssembler.cpp	?EmitInstruction@CAssembler@D3DXShader@@IAAJPAVCNode@2@@Z	0x9D4	0x82C02AB8
d3dx9	CAssembler.cpp	?EmitFragmentInfo@CAssembler@D3DXShader@@IAAJXZ	0x428	0x82C03490
d3dx9	CAssembler.cpp	?EmitDebugInfo@CAssembler@D3DXShader@@IAAJXZ	0x410	0x82C038B8
d3dx9	CAssembler.cpp	?StaticMicrocodeErrorCallback@D3DXShader@@YAXPAXHKPBD@Z	0x4	0x82C03CC8
d3dx9	CAssembler.cpp	?GetShaderCode@CAssembler@D3DXShader@@IAAJPAPAUID3DXBuffer@@PAU_D3DXSHADER_COMPILE_PARAMETERSA@@@Z	0xB0	0x82C03CD0
d3dx9	CAssembler.cpp	??1CAssembler@D3DXShader@@QAA@XZ	0x78	0x82C03D80
d3dx9	CAssembler.cpp	?Production@CAssembler@D3DXShader@@IAAXII@Z	0x658	0x82C03DF8
d3dx9	CAssembler.cpp	?VError@CAssembler@D3DXShader@@IAAXPBDPAD@Z	0x118	0x82C04450
d3dx9	CAssembler.cpp	?Static_Error@CAssembler@D3DXShader@@SAXPAXPBDZZ	0x50	0x82C04568
d3dx9	CAssembler.cpp	?Error@CAssembler@D3DXShader@@IAAXPBDZZ	0x4C	0x82C045B8
d3dx9	CAssembler.cpp	?DecodeOpcode@CAssembler@D3DXShader@@IAAHPAUD3DXTOKEN@2@@Z	0x12B4	0x82C04608
d3dx9	CAssembler.cpp	?Token@CAssembler@D3DXShader@@IAAHXZ	0x1A0	0x82C058C0
d3dx9	CAssembler.cpp	?d3dxasm_parse@CAssemblerYaccStruct@D3DXShader@@QAAHXZ	0x654	0x82C05A60
d3dx9	CAssembler.cpp	?Assemble@CAssembler@D3DXShader@@QAAJPAVCPreProcessor@2@KPAVCFragmentConstants@2@PAPAUID3DXBuffer@@PAU_D3DXSHADER_COMPILE_PARAMETERSA@@@Z	0x85C	0x82C060B8
d3dx9	CCompiler.cpp	??0C30SWProgramCI@D3DXShader@@QAA@HHPBD@Z	0x3C	0x82C06918
d3dx9	CCompiler.cpp	??0C30SWProgramML@D3DXShader@@QAA@HHPBD@Z	0x3C	0x82C06958
d3dx9	CCompiler.cpp	??0CCompiler@D3DXShader@@QAA@H@Z	0x7C	0x82C06998
d3dx9	CCompiler.cpp	?LookForA0Callback@D3DXShader@@YAJKKPATGPUSHADER_INSTRUCTION@@PAX@Z	0x40	0x82C06A18
d3dx9	CCompiler.cpp	?VectorizeBase@CCompiler@D3DXShader@@IAAJW4_D3DTYPE_TEMPLATE@2@IIKPAII1PAVCNode@2@1@Z	0x194	0x82C06A58
d3dx9	CCompiler.cpp	?VectorizeDefaults@CCompiler@D3DXShader@@IAAJPAVCNode@2@@Z	0x1C8	0x82C06BF0
d3dx9	CCompiler.cpp	?EvalRange_Mul@CCompiler@D3DXShader@@IAAXPAU_D3DXRANGE@2@00K@Z	0xDC	0x82C06DB8
d3dx9	CCompiler.cpp	?EvalRangeNoRecurse@CCompiler@D3DXShader@@IAAJIPAU_D3DXRANGE@2@@Z	0x260	0x82C06E98
d3dx9	CCompiler.cpp	?EvalValueNoRecurse@CCompiler@D3DXShader@@IAAJIPAN@Z	0xC4	0x82C070F8
d3dx9	CCompiler.cpp	?EvalRange@CCompiler@D3DXShader@@IAAJIPAU_D3DXRANGE@2@@Z	0xD04	0x82C071C0
d3dx9	CCompiler.cpp	?IsFullySemantic@CCompiler@D3DXShader@@IAAHPAII@Z	0x68	0x82C07EC8
d3dx9	CCompiler.cpp	?IsRowMajor@CCompiler@D3DXShader@@IAAHPAIW4_D3DTYPE_TEMPLATE@2@II@Z	0x1E0	0x82C07F30
d3dx9	CCompiler.cpp	?IsColumnMajor@CCompiler@D3DXShader@@IAAHPAIW4_D3DTYPE_TEMPLATE@2@II@Z	0x1DC	0x82C08110
d3dx9	CCompiler.cpp	?FindFunction@CCompiler@D3DXShader@@IAAPAVCNode@2@PBD@Z	0x14C	0x82C082F0
d3dx9	CCompiler.cpp	?FindFunction@CCompiler@D3DXShader@@IAAPAVCNode@2@PAV32@PAPBD@Z	0x158	0x82C08440
d3dx9	CCompiler.cpp	?PragmaDef@CCompiler@D3DXShader@@IAAJXZ	0x128	0x82C08598
d3dx9	CCompiler.cpp	?GetToken@CCompiler@D3DXShader@@SAPAUD3DXTOKEN@2@PAVCNode@2@@Z	0xE4	0x82C086C0
d3dx9	CCompiler.cpp	D3DX_CCompiler_GetToken	0x4	0x82C087A8
d3dx9	CCompiler.cpp	?CompareSemantic@CCompiler@D3DXShader@@KAHIIPBX@Z	0x7C	0x82C087B0
d3dx9	CCompiler.cpp	merged_82C08830	0x5C	0x82C08830
d3dx9	CCompiler.cpp	merged_82C08890	0x5C	0x82C08890
d3dx9	CCompiler.cpp	??1CCompiler@D3DXShader@@QAA@XZ	0x78	0x82C088F0
d3dx9	CCompiler.cpp	?CheckForNewBackEndExtensions@D3DXShader@@YAHPAUID3DXBuffer@@@Z	0xAC	0x82C08968
d3dx9	CCompiler.cpp	?ErrorMessageCallback@CCompiler@D3DXShader@@QAAXHPAVCNode@2@KPBD@Z	0x74	0x82C08A18
d3dx9	CCompiler.cpp	?Scratch@CCompiler@D3DXShader@@IAAPAII@Z	0x78	0x82C08A90
d3dx9	CCompiler.cpp	?StackAlloc@CCompiler@D3DXShader@@IAAPAII@Z	0xA0	0x82C08B08
d3dx9	CCompiler.cpp	?EvalValue@CCompiler@D3DXShader@@IAAJIPAN@Z	0xC4	0x82C08BA8
d3dx9	CCompiler.cpp	?Reset@CCompiler@D3DXShader@@IAAJIIPAI@Z	0x104	0x82C08C70
d3dx9	CCompiler.cpp	?StaticCompilerErrorMessageCallback@D3DXShader@@YAXPAXHKPBD@Z	0x10	0x82C08D78
d3dx9	CCompiler.cpp	?StaticCompilerErrorMessageCallbackWithNode@D3DXShader@@YAXPAXHPAVCNode@1@KPBD@Z	0x4	0x82C08D88
d3dx9	CCompiler.cpp	?Error@CCompiler@D3DXShader@@IAAJPAVCNode@2@IPBDZZ	0x90	0x82C08D90
d3dx9	CCompiler.cpp	?Warning@CCompiler@D3DXShader@@IAAJPAVCNode@2@IPBDZZ	0x88	0x82C08E20
d3dx9	CCompiler.cpp	?EmitInst@CCompiler@D3DXShader@@IAAJPAVCNode@2@KPAI11K@Z	0xB94	0x82C08EA8
d3dx9	CCompiler.cpp	?GetTypeFlags@CCompiler@D3DXShader@@IAAIPAVCNode@2@PAK@Z	0x1E8	0x82C09A40
d3dx9	CCompiler.cpp	?VectorizeType@CCompiler@D3DXShader@@IAAJPAVCNode@2@PAIIHH011@Z	0x308	0x82C09C28
d3dx9	CCompiler.cpp	?EmitSinCos@CCompiler@D3DXShader@@IAAJPAVCNode@2@PAI11I@Z	0xA0C	0x82C09F30
d3dx9	CCompiler.cpp	?EmitASinACos@CCompiler@D3DXShader@@IAAJPAVCNode@2@PAI11I@Z	0x684	0x82C0A940
d3dx9	CCompiler.cpp	?EmitATan2@CCompiler@D3DXShader@@IAAJPAVCNode@2@PAI11I@Z	0x958	0x82C0AFC8
d3dx9	CCompiler.cpp	?EmitLerp@CCompiler@D3DXShader@@IAAJPAVCNode@2@PAI111I@Z	0x4E0	0x82C0B920
d3dx9	CCompiler.cpp	?EmitPow@CCompiler@D3DXShader@@IAAJPAVCNode@2@PAI11I@Z	0x59C	0x82C0BE00
d3dx9	CCompiler.cpp	?EmitClip@CCompiler@D3DXShader@@IAAJPAVCNode@2@PAII@Z	0x1B0	0x82C0C3A0
d3dx9	CCompiler.cpp	?EmitPositive@CCompiler@D3DXShader@@IAAJPAVCNode@2@PAI11I@Z	0x324	0x82C0C550
d3dx9	CCompiler.cpp	?ApplyType@CCompiler@D3DXShader@@IAAJPAVCNode@2@PAII@Z	0xA4	0x82C0C878
d3dx9	CCompiler.cpp	?VectorizeVar@CCompiler@D3DXShader@@IAAJPAVCNode@2@PAIIHH01001@Z	0x30C	0x82C0C920
d3dx9	CCompiler.cpp	?Vectorize@CCompiler@D3DXShader@@IAAJPAVCNode@2@PAIIHH00@Z	0x150	0x82C0CC30
d3dx9	CCompiler.cpp	?Unalias@CCompiler@D3DXShader@@IAAJPAVCNode@2@PAII@Z	0x1A4	0x82C0CD80
d3dx9	CCompiler.cpp	?IsLimited@CCompiler@D3DXShader@@IAAHIIPAI0@Z	0x4EC	0x82C0CF28
d3dx9	CCompiler.cpp	?EmitIf@CCompiler@D3DXShader@@IAAJPAVCNode@2@I00PAI@Z	0x1070	0x82C0D418
d3dx9	CCompiler.cpp	?EmitForLoop@CCompiler@D3DXShader@@IAAJPAVCNode@2@000PAI@Z	0x118C	0x82C0E488
d3dx9	CCompiler.cpp	?EmitForUnrolled@CCompiler@D3DXShader@@IAAJPAVCNode@2@000PAI@Z	0x83C	0x82C0F618
d3dx9	CCompiler.cpp	?EmitIntrinsic@CCompiler@D3DXShader@@IAAJPAVCNode@2@PAI@Z	0x6970	0x82C0FE58
d3dx9	CCompiler.cpp	?EmitArray@CCompiler@D3DXShader@@IAAJPAVCNode@2@PAII1I01H@Z	0x14F4	0x82C167C8
d3dx9	CCompiler.cpp	?EmitFor@CCompiler@D3DXShader@@IAAJPAVCNode@2@000@Z	0x180	0x82C17CC0
d3dx9	CCompiler.cpp	?EmitStatement@CCompiler@D3DXShader@@IAAJPAVCNode@2@PAI@Z	0x568	0x82C17E40
d3dx9	CCompiler.cpp	?EmitFunction@CCompiler@D3DXShader@@IAAJPBDPAVCNode@2@1PAIHH@Z	0xD64	0x82C183A8
d3dx9	CCompiler.cpp	?EmitProgram@CCompiler@D3DXShader@@IAAJXZ	0x174	0x82C19110
d3dx9	CCompiler.cpp	?EmitExpression@CCompiler@D3DXShader@@IAAJPAVCNode@2@PAIH@Z	0x1C80	0x82C19288
d3dx9	CCompiler.cpp	?EmitArgs@CCompiler@D3DXShader@@IAAJPAVCNode@2@PAII@Z	0x2E4	0x82C1AF08
d3dx9	CCompiler.cpp	?EmitEval@CCompiler@D3DXShader@@IAAJPAVCNode@2@@Z	0x16C	0x82C1B1F0
d3dx9	CCompiler.cpp	?CompileInternal@CCompiler@D3DXShader@@IAAJPAVCPreProcessor@2@PAVCNode@2@PBD111H2KPAPAUID3DXBuffer@@PAPAUID3DXConstantTable@@PAU_D3DXSHADER_COMPILE_PARAMETERSA@@@Z	0xF60	0x82C1B368
d3dx9	CCompiler.cpp	?Compile@CCompiler@D3DXShader@@QAAJPAVCPreProcessor@2@PAVCNode@2@PBDH2KPAPAUID3DXBuffer@@PAPAUID3DXConstantTable@@PAU_D3DXSHADER_COMPILE_PARAMETERSA@@@Z	0x80	0x82C1C2C8
d3dx9	CConstantTable.cpp	?TypeSize@D3DXShader@@YAXPAVCConstantTable@1@PAU_D3DXSHADER_CONSTANTINFO@@PAU_D3DXSHADER_TYPEINFO@@IPAI3@Z	0x10C	0x82C1C348
d3dx9	CConstantTable.cpp	??0CConstant@D3DXShader@@QAA@PAVCConstantTable@1@PAU_D3DXSHADER_CONSTANTINFO@@PAU_D3DXSHADER_TYPEINFO@@P6AJPBXI3PAKI@Z4@Z	0xA4	0x82C1C458
d3dx9	CConstantTable.cpp	?SetScratch@CConstant@D3DXShader@@QAAJPAK@Z	0xA0	0x82C1C500
d3dx9	CConstantTable.cpp	?GetDesc@CConstant@D3DXShader@@QAAJPAU_D3DXCONSTANT_DESC@@@Z	0xDC	0x82C1C5A0
d3dx9	CConstantTable.cpp	?SetDefaults@CConstant@D3DXShader@@QAAJPBXI@Z	0xA0	0x82C1C680
d3dx9	CConstantTable.cpp	?QueryInterface@CConstantTable@D3DXShader@@UAAJABU_GUID@@PAPAX@Z	0xB8	0x82C1C720
d3dx9	CConstantTable.cpp	merged_82C1C7D8	0x14	0x82C1C7D8
d3dx9	CConstantTable.cpp	?GetDesc@CConstantTable@D3DXShader@@UAAJPAU_D3DXCONSTANTTABLE_DESC@@@Z	0x88	0x82C1C7F0
d3dx9	CConstantTable.cpp	?SetDefaults@CConstantTable@D3DXShader@@UAAJPAUD3DDevice@@@Z	0x64	0x82C1C878
d3dx9	CConstantTable.cpp	??1CConstant@D3DXShader@@QAA@XZ	0xE4	0x82C1C8E0
d3dx9	CConstantTable.cpp	?GetConstantDesc@CConstantTable@D3DXShader@@UAAJIPAU_D3DXCONSTANT_DESC@@PAI@Z	0xD0	0x82C1C9C8
d3dx9	CConstantTable.cpp	?GetSamplerIndex@CConstantTable@D3DXShader@@UAAII@Z	0x1C	0x82C1CA98
d3dx9	CConstantTable.cpp	?GetConstant@CConstantTable@D3DXShader@@UAAIII@Z	0x68	0x82C1CAB8
d3dx9	CConstantTable.cpp	merged_82C1CB20	0x28	0x82C1CB20
d3dx9	CConstantTable.cpp	?Set@?$SetShaderConstant@$0A@$0A@$01@D3DXShader@@SAJPBXI0PAKI@Z	0x54	0x82C1CB48
d3dx9	CConstantTable.cpp	?Set@?$SetShaderConstant@$0A@$0A@$02@D3DXShader@@SAJPBXI0PAKI@Z	0x64	0x82C1CBA0
d3dx9	CConstantTable.cpp	merged_82C1CC08	0x28	0x82C1CC08
d3dx9	CConstantTable.cpp	?Set@?$SetShaderConstant@$0A@$00$00@D3DXShader@@SAJPBXI0PAKI@Z	0x54	0x82C1CC30
d3dx9	CConstantTable.cpp	?Set@?$SetShaderConstant@$0A@$00$02@D3DXShader@@SAJPBXI0PAKI@Z	0x50	0x82C1CC88
d3dx9	CConstantTable.cpp	merged_82C1CCD8	0x50	0x82C1CCD8
d3dx9	CConstantTable.cpp	?Set@?$SetShaderConstant@$0A@$01$00@D3DXShader@@SAJPBXI0PAKI@Z	0x90	0x82C1CD28
d3dx9	CConstantTable.cpp	?Set@?$SetShaderConstant@$0A@$01$01@D3DXShader@@SAJPBXI0PAKI@Z	0x84	0x82C1CDB8
d3dx9	CConstantTable.cpp	merged_82C1CE40	0x28	0x82C1CE40
d3dx9	CConstantTable.cpp	?Set@?$SetShaderConstant@$00$0A@$01@D3DXShader@@SAJPBXI0PAKI@Z	0x54	0x82C1CE68
d3dx9	CConstantTable.cpp	?Set@?$SetShaderConstant@$00$0A@$02@D3DXShader@@SAJPBXI0PAKI@Z	0x64	0x82C1CEC0
d3dx9	CConstantTable.cpp	merged_82C1CF28	0x28	0x82C1CF28
d3dx9	CConstantTable.cpp	?Set@?$SetShaderConstant@$00$00$00@D3DXShader@@SAJPBXI0PAKI@Z	0x54	0x82C1CF50
d3dx9	CConstantTable.cpp	?Set@?$SetShaderConstant@$00$00$02@D3DXShader@@SAJPBXI0PAKI@Z	0x50	0x82C1CFA8
d3dx9	CConstantTable.cpp	merged_82C1CFF8	0x50	0x82C1CFF8
d3dx9	CConstantTable.cpp	?Set@?$SetShaderConstant@$00$01$00@D3DXShader@@SAJPBXI0PAKI@Z	0x90	0x82C1D048
d3dx9	CConstantTable.cpp	?Set@?$SetShaderConstant@$00$01$01@D3DXShader@@SAJPBXI0PAKI@Z	0x84	0x82C1D0D8
d3dx9	CConstantTable.cpp	?Set@?$SetShaderConstant@$01$01$00@D3DXShader@@SAJPBXI0PAKI@Z	0x88	0x82C1D160
d3dx9	CConstantTable.cpp	?Set@?$SetShaderConstant@$01$01$01@D3DXShader@@SAJPBXI0PAKI@Z	0x7C	0x82C1D1E8
d3dx9	CConstantTable.cpp	merged_82C1D268	0x48	0x82C1D268
d3dx9	CConstantTable.cpp	?Set@?$SetTyped@$0A@$0A@$00$00$0A@@D3DXShader@@SAJPAVCConstant@2@PBX1II@Z	0x304	0x82C1D2B0
d3dx9	CConstantTable.cpp	?Set@?$SetTyped@$0A@$00$00$00$0A@@D3DXShader@@SAJPAVCConstant@2@PBX1II@Z	0x3A4	0x82C1D5B8
d3dx9	CConstantTable.cpp	?Set@?$SetTyped@$0A@$01$00$00$0A@@D3DXShader@@SAJPAVCConstant@2@PBX1II@Z	0x390	0x82C1D960
d3dx9	CConstantTable.cpp	?Set@?$SetTyped@$0A@$02$00$00$0A@@D3DXShader@@SAJPAVCConstant@2@PBX1II@Z	0x394	0x82C1DCF0
d3dx9	CConstantTable.cpp	?Set@?$SetTyped@$00$02$00$03$0A@@D3DXShader@@SAJPAVCConstant@2@PBX1II@Z	0x4A4	0x82C1E088
d3dx9	CConstantTable.cpp	?Set@?$SetTyped@$01$02$03$03$0A@@D3DXShader@@SAJPAVCConstant@2@PBX1II@Z	0x574	0x82C1E530
d3dx9	CConstantTable.cpp	?Set@?$SetTyped@$01$02$03$03$00@D3DXShader@@SAJPAVCConstant@2@PBX1II@Z	0x4FC	0x82C1EAA8
d3dx9	CConstantTable.cpp	?Set@?$SetTyped@$02$02$03$03$0A@@D3DXShader@@SAJPAVCConstant@2@PBX1II@Z	0x5E8	0x82C1EFA8
d3dx9	CConstantTable.cpp	?Set@?$SetTyped@$02$02$03$03$00@D3DXShader@@SAJPAVCConstant@2@PBX1II@Z	0x504	0x82C1F590
d3dx9	CConstantTable.cpp	??_GCConstant@D3DXShader@@QAAPAXI@Z	0x50	0x82C1FA98
d3dx9	CConstantTable.cpp	??1CConstantTable@D3DXShader@@QAA@XZ	0xA0	0x82C1FAE8
d3dx9	CConstantTable.cpp	?SetValue@CConstantTable@D3DXShader@@UAAJPAUD3DDevice@@IPBXI@Z	0x5C	0x82C1FB88
d3dx9	CConstantTable.cpp	?SetBool@CConstantTable@D3DXShader@@UAAJPAUD3DDevice@@IH@Z	0x70	0x82C1FBE8
d3dx9	CConstantTable.cpp	?SetBoolArray@CConstantTable@D3DXShader@@UAAJPAUD3DDevice@@IPBHI@Z	0x5C	0x82C1FC58
d3dx9	CConstantTable.cpp	?SetInt@CConstantTable@D3DXShader@@UAAJPAUD3DDevice@@IH@Z	0x70	0x82C1FCB8
d3dx9	CConstantTable.cpp	?SetIntArray@CConstantTable@D3DXShader@@UAAJPAUD3DDevice@@IPBHI@Z	0x5C	0x82C1FD28
d3dx9	CConstantTable.cpp	?SetFloat@CConstantTable@D3DXShader@@UAAJPAUD3DDevice@@IM@Z	0x70	0x82C1FD88
d3dx9	CConstantTable.cpp	?SetFloatArray@CConstantTable@D3DXShader@@UAAJPAUD3DDevice@@IPBMI@Z	0x5C	0x82C1FDF8
d3dx9	CConstantTable.cpp	?SetVector@CConstantTable@D3DXShader@@UAAJPAUD3DDevice@@IPBUD3DXVECTOR4@@@Z	0x58	0x82C1FE58
d3dx9	CConstantTable.cpp	?SetVectorArray@CConstantTable@D3DXShader@@UAAJPAUD3DDevice@@IPBUD3DXVECTOR4@@I@Z	0x5C	0x82C1FEB0
d3dx9	CConstantTable.cpp	?SetMatrix@CConstantTable@D3DXShader@@UAAJPAUD3DDevice@@IPBUD3DXMATRIX@@@Z	0x58	0x82C1FF10
d3dx9	CConstantTable.cpp	?SetMatrixArray@CConstantTable@D3DXShader@@UAAJPAUD3DDevice@@IPBUD3DXMATRIX@@I@Z	0x5C	0x82C1FF68
d3dx9	CConstantTable.cpp	?SetMatrixPointerArray@CConstantTable@D3DXShader@@UAAJPAUD3DDevice@@IPAPBUD3DXMATRIX@@I@Z	0x5C	0x82C1FFC8
d3dx9	CConstantTable.cpp	?SetMatrixTranspose@CConstantTable@D3DXShader@@UAAJPAUD3DDevice@@IPBUD3DXMATRIX@@@Z	0x58	0x82C20028
d3dx9	CConstantTable.cpp	?SetMatrixTransposeArray@CConstantTable@D3DXShader@@UAAJPAUD3DDevice@@IPBUD3DXMATRIX@@I@Z	0x5C	0x82C20080
d3dx9	CConstantTable.cpp	?SetMatrixTransposePointerArray@CConstantTable@D3DXShader@@UAAJPAUD3DDevice@@IPAPBUD3DXMATRIX@@I@Z	0x5C	0x82C200E0
d3dx9	CConstantTable.cpp	?Create@CConstant@D3DXShader@@SAPAV12@PAVCConstantTable@2@PAU_D3DXSHADER_CONSTANTINFO@@PAU_D3DXSHADER_TYPEINFO@@PAK@Z	0x368	0x82C20140
d3dx9	CConstantTable.cpp	?Initialize@CConstant@D3DXShader@@QAAJXZ	0x22C	0x82C204A8
d3dx9	CConstantTable.cpp	?GetConstantElement@CConstant@D3DXShader@@QAAPAV12@I@Z	0x230	0x82C206D8
d3dx9	CConstantTable.cpp	??0CConstantTable@D3DXShader@@QAA@XZ	0x30	0x82C20908
d3dx9	CConstantTable.cpp	?Initialize@CConstantTable@D3DXShader@@QAAJPBU_D3DXSHADER_CONSTANTTABLE@@I_N@Z	0x22C	0x82C20938
d3dx9	CConstantTable.cpp	?Release@CConstantTable@D3DXShader@@UAAKXZ	0x58	0x82C20B68
d3dx9	CConstantTable.cpp	?GetConstantElement@CConstantTable@D3DXShader@@UAAIII@Z	0x38	0x82C20BC0
d3dx9	CConstantTable.cpp	?GetConstantByName@CConstant@D3DXShader@@QAAPAV12@PBDH@Z	0x22C	0x82C20BF8
d3dx9	CConstantTable.cpp	?Initialize@CConstantTable@D3DXShader@@QAAJPBKPAPAUID3DXBuffer@@@Z	0x150	0x82C20E28
d3dx9	CConstantTable.cpp	?FindConstantByName@CConstantTable@D3DXShader@@QAAJPBDPAPAVCConstant@2@@Z	0x268	0x82C20F78
d3dx9	CConstantTable.cpp	?GetConstantByName@CConstantTable@D3DXShader@@UAAIIPBD@Z	0x64	0x82C211E0
d3dx9	dxtn.cpp	merged_82C21248	0xE0	0x82C21248
d3dx9	dxtn.cpp	?OptimizeRGB@D3DXTex@@YAXPAUD3DXCOLOR@@0PBU2@I@Z	0x480	0x82C21328
d3dx9	dxtn.cpp	?EncodeDXT1@D3DXTex@@YAJPAEPBUD3DXCOLOR@@HH@Z	0x9F0	0x82C217A8
d3dx9	dxtn.cpp	?D3DXDecodeDXT1@D3DXTex@@YAJPAUD3DXCOLOR@@PBE@Z	0x310	0x82C22198
d3dx9	dxtn.cpp	?D3DXDecodeDXT3@D3DXTex@@YAJPAUD3DXCOLOR@@PBE@Z	0xC0	0x82C224A8
d3dx9	dxtn.cpp	?D3DXDecodeDXT5@D3DXTex@@YAJPAUD3DXCOLOR@@PBE@Z	0x22C	0x82C22568
d3dx9	dxtn.cpp	?D3DXEncodeDXT1@D3DXTex@@YAJPAEPBUD3DXCOLOR@@H@Z	0x148	0x82C22798
d3dx9	dxtn.cpp	?D3DXEncodeDXT3@D3DXTex@@YAJPAEPBUD3DXCOLOR@@H@Z	0x170	0x82C228E0
d3dx9	dxtn.cpp	?D3DXEncodeDXT5@D3DXTex@@YAJPAEPBUD3DXCOLOR@@H@Z	0x5B8	0x82C22A50
d3dx9	dxtn.cpp	?D3DXEncodeDXT2@D3DXTex@@YAJPAEPBUD3DXCOLOR@@H@Z	0x7C	0x82C23008
d3dx9	dxtn.cpp	?D3DXEncodeDXT4@D3DXTex@@YAJPAEPBUD3DXCOLOR@@H@Z	0x7C	0x82C23088
d3dx9	dxtn.cpp	?D3DXDecodeDXT2_3@D3DXTex@@YAJPAUD3DXCOLOR@@PBE@Z	0x5C	0x82C23108
d3dx9	dxtn.cpp	?D3DXDecodeDXT4_5@D3DXTex@@YAJPAUD3DXCOLOR@@PBE@Z	0x5C	0x82C23168
d3dx9	dxtn.cpp	?D3DXEncodeDXT2_3@D3DXTex@@YAJPAEPBUD3DXCOLOR@@H@Z	0x18	0x82C231C8
d3dx9	dxtn.cpp	?D3DXEncodeDXT4_5@D3DXTex@@YAJPAEPBUD3DXCOLOR@@H@Z	0x18	0x82C231E0
d3dx9	CAlloc.cpp	??0CAlloc@D3DXCore@@QAA@II@Z	0x44	0x82C231F8
d3dx9	CAlloc.cpp	??1CAlloc@D3DXCore@@QAA@XZ	0x4C	0x82C23240
d3dx9	CAlloc.cpp	?Alloc@CAlloc@D3DXCore@@QAAPAEKK@Z	0xC4	0x82C23290
d3dx9	CNode.cpp	?SetAlloc@CNode@D3DXShader@@SAPAVCAlloc@D3DXCore@@PAV34@@Z	0x38	0x82C23358
d3dx9	CNode.cpp	?Alloc@CNode@D3DXShader@@SAPAEKK@Z	0x48	0x82C23390
d3dx9	CNode.cpp	??2CNode@D3DXShader@@SAPAXI@Z	0x3C	0x82C233D8
d3dx9	CNode.cpp	??0CNode@D3DXShader@@QAA@XZ	0x20	0x82C23418
d3dx9	CNode.cpp	??0CNode@D3DXShader@@QAA@W4_D3DNODE_TYPE@1@@Z	0x20	0x82C23438
d3dx9	CNode.cpp	?IsEqual@CNode@D3DXShader@@UAAHPAV12@@Z	0x28	0x82C23458
d3dx9	CNode.cpp	?Copy@CNode@D3DXShader@@UAAPAV12@XZ	0x6C	0x82C23480
d3dx9	CNode.cpp	?IsEqual@CNode@D3DXShader@@SAHPAV12@0@Z	0x28	0x82C234F0
d3dx9	CNode.cpp	?Copy@CNode@D3DXShader@@SAPAV12@PAV12@@Z	0x1C	0x82C23518
d3dx9	CNode.cpp	?Append@CNode@D3DXShader@@SAPAV12@PAV12@0@Z	0x3C	0x82C23538
d3dx9	CNode.cpp	??0CNodeList@D3DXShader@@QAA@XZ	0x28	0x82C23578
d3dx9	CNode.cpp	??0CNodeList@D3DXShader@@QAA@PAVCNode@1@0PBD@Z	0x24	0x82C235A0
d3dx9	CNode.cpp	?IsEqual@CNodeList@D3DXShader@@UAAHPAVCNode@2@@Z	0xE8	0x82C235C8
d3dx9	CNode.cpp	?Copy@CNodeList@D3DXShader@@UAAPAV12@XZ	0x100	0x82C236B0
d3dx9	CNode.cpp	??0CNodeTree@D3DXShader@@QAA@PBDPAVCNode@1@11@Z	0x28	0x82C237B0
d3dx9	CNode.cpp	?IsEqual@CNodeTree@D3DXShader@@UAAHPAVCNode@2@@Z	0xE4	0x82C237D8
d3dx9	CNode.cpp	?TokenEqual@D3DXShader@@YAHPBUD3DXTOKEN@1@0@Z	0x118	0x82C238C0
d3dx9	CNode.cpp	??0CNodeToken@D3DXShader@@QAA@XZ	0x24	0x82C239D8
d3dx9	CNode.cpp	??0CNodeToken@D3DXShader@@QAA@PBUD3DXTOKEN@1@@Z	0x40	0x82C23A00
d3dx9	CNode.cpp	?IsEqual@CNodeToken@D3DXShader@@UAAHPAVCNode@2@@Z	0x50	0x82C23A40
d3dx9	CNode.cpp	?Copy@CNodeToken@D3DXShader@@UAAPAV12@XZ	0x90	0x82C23A90
d3dx9	CNode.cpp	??0CNodeProgram@D3DXShader@@QAA@XZ	0x40	0x82C23B20
d3dx9	CNode.cpp	??0CNodeProgram@D3DXShader@@QAA@IIIIIIPAVCNode@1@@Z	0x48	0x82C23B60
d3dx9	CNode.cpp	?IsEqual@CNodeProgram@D3DXShader@@UAAHPAVCNode@2@@Z	0xD4	0x82C23BA8
d3dx9	CNode.cpp	?Copy@CNodeProgram@D3DXShader@@UAAPAV12@XZ	0x108	0x82C23C80
d3dx9	CNode.cpp	??0CNodeScope@D3DXShader@@QAA@W4_D3DSCOPE_TYPE@1@PBDPAVCNode@1@PAVCNodeTree@1@PAV01@@Z	0x38	0x82C23D88
d3dx9	CNode.cpp	?IsEqual@CNodeScope@D3DXShader@@UAAHPAVCNode@2@@Z	0x11C	0x82C23DC0
d3dx9	CNode.cpp	?Copy@CNodeScope@D3DXShader@@UAAPAV12@XZ	0x134	0x82C23EE0
d3dx9	CNode.cpp	??0CNodeDecl@D3DXShader@@QAA@XZ	0x4C	0x82C24018
d3dx9	CNode.cpp	??0CNodeDecl@D3DXShader@@QAA@W4_D3DDECL_TYPE@1@PAVCNode@1@111@Z	0x4C	0x82C24068
d3dx9	CNode.cpp	?IsEqual@CNodeDecl@D3DXShader@@UAAHPAVCNode@2@@Z	0x184	0x82C240B8
d3dx9	CNode.cpp	?Copy@CNodeDecl@D3DXShader@@UAAPAV12@XZ	0x18C	0x82C24240
d3dx9	CNode.cpp	??0CNodeCBuffer@D3DXShader@@QAA@PAVCNode@1@0@Z	0x3C	0x82C243D0
d3dx9	CNode.cpp	?IsEqual@CNodeCBuffer@D3DXShader@@UAAHPAVCNode@2@@Z	0x12C	0x82C24410
d3dx9	CNode.cpp	?Copy@CNodeCBuffer@D3DXShader@@UAAPAV12@XZ	0x140	0x82C24540
d3dx9	CNode.cpp	??0CNodeAttribute@D3DXShader@@QAA@PAVCNode@1@0@Z	0x2C	0x82C24680
d3dx9	CNode.cpp	?IsEqual@CNodeAttribute@D3DXShader@@UAAHPAVCNode@2@@Z	0xC4	0x82C246B0
d3dx9	CNode.cpp	?Copy@CNodeAttribute@D3DXShader@@UAAPAV12@XZ	0xEC	0x82C24778
d3dx9	CNode.cpp	??0CNodeCaseCondition@D3DXShader@@QAA@PAVCNode@1@@Z	0x28	0x82C24868
d3dx9	CNode.cpp	?IsEqual@CNodeCaseCondition@D3DXShader@@UAAHPAVCNode@2@@Z	0x74	0x82C24890
d3dx9	CNode.cpp	?Copy@CNodeCaseCondition@D3DXShader@@UAAPAV12@XZ	0xC0	0x82C24908
d3dx9	CNode.cpp	??0CNodeUsage@D3DXShader@@QAA@KPAVCNode@1@00@Z	0x34	0x82C249C8
d3dx9	CNode.cpp	?IsEqual@CNodeUsage@D3DXShader@@UAAHPAVCNode@2@@Z	0x10C	0x82C24A00
d3dx9	CNode.cpp	?Copy@CNodeUsage@D3DXShader@@UAAPAV12@XZ	0x128	0x82C24B10
d3dx9	CNode.cpp	??0CNodeArray@D3DXShader@@QAA@XZ	0x2C	0x82C24C38
d3dx9	CNode.cpp	??0CNodeArray@D3DXShader@@QAA@PAVCNode@1@I@Z	0x2C	0x82C24C68
d3dx9	CNode.cpp	?IsEqual@CNodeArray@D3DXShader@@UAAHPAVCNode@2@@Z	0x84	0x82C24C98
d3dx9	CNode.cpp	?Copy@CNodeArray@D3DXShader@@UAAPAV12@XZ	0xCC	0x82C24D20
d3dx9	CNode.cpp	??0CNodeType@D3DXShader@@QAA@XZ	0x40	0x82C24DF0
d3dx9	CNode.cpp	??0CNodeType@D3DXShader@@QAA@W4_D3DTYPE_TEMPLATE@1@W4_D3DCOMPONENT_TYPE@1@PAVCNode@1@IIK@Z	0x3C	0x82C24E30
d3dx9	CNode.cpp	?IsEqual@CNodeType@D3DXShader@@UAAHPAVCNode@2@@Z	0xC4	0x82C24E70
d3dx9	CNode.cpp	?Copy@CNodeType@D3DXShader@@UAAPAV12@XZ	0x100	0x82C24F38
d3dx9	CNode.cpp	??0CNodeFunction@D3DXShader@@QAA@XZ	0x64	0x82C25038
d3dx9	CNode.cpp	?IsEqual@CNodeFunction@D3DXShader@@UAAHPAVCNode@2@@Z	0x2BC	0x82C250A0
d3dx9	CNode.cpp	?Copy@CNodeFunction@D3DXShader@@UAAPAV12@XZ	0x290	0x82C25360
d3dx9	CNode.cpp	??0CNodeVariable@D3DXShader@@QAA@XZ	0x70	0x82C255F0
d3dx9	CNode.cpp	?IsEqual@CNodeVariable@D3DXShader@@UAAHPAVCNode@2@@Z	0x2BC	0x82C25660
d3dx9	CNode.cpp	?Copy@CNodeVariable@D3DXShader@@UAAPAV12@XZ	0x2BC	0x82C25920
d3dx9	CNode.cpp	??0CNodeStatement@D3DXShader@@QAA@XZ	0x48	0x82C25BE0
d3dx9	CNode.cpp	?IsEqual@CNodeStatement@D3DXShader@@UAAHPAVCNode@2@@Z	0x1FC	0x82C25C28
d3dx9	CNode.cpp	?Copy@CNodeStatement@D3DXShader@@UAAPAV12@XZ	0x1F4	0x82C25E28
d3dx9	CNode.cpp	??0CNodeStateBlockFunctionCall@D3DXShader@@QAA@XZ	0x2C	0x82C26020
d3dx9	CNode.cpp	?IsEqual@CNodeStateBlockFunctionCall@D3DXShader@@UAAHPAVCNode@2@@Z	0x84	0x82C26050
d3dx9	CNode.cpp	??0CNodeExpression@D3DXShader@@QAA@XZ	0x5C	0x82C260D8
d3dx9	CNode.cpp	??0CNodeExpression@D3DXShader@@QAA@PAVCNode@1@W4_D3DEXPR_OP@1@00HPBUD3DXTOKEN@1@@Z	0x64	0x82C26138
d3dx9	CNode.cpp	?IsEqual@CNodeExpression@D3DXShader@@UAAHPAVCNode@2@@Z	0x160	0x82C261A0
d3dx9	CNode.cpp	?Copy@CNodeExpression@D3DXShader@@UAAPAV12@XZ	0x18C	0x82C26300
d3dx9	CNode.cpp	??0CNodeValue@D3DXShader@@QAA@XZ	0x4C	0x82C26490
d3dx9	CNode.cpp	??0CNodeValue@D3DXShader@@QAA@PBU_D3DVALUE@1@PBUD3DXTOKEN@1@@Z	0xA8	0x82C264E0
d3dx9	CNode.cpp	merged_82C26588	0x48	0x82C26588
d3dx9	CNode.cpp	??0CNodeValue@D3DXShader@@QAA@W4_D3DVALUE_TYPE@1@NPBUD3DXTOKEN@1@@Z	0x48	0x82C265D0
d3dx9	CNode.cpp	merged_82C26618	0x4C	0x82C26618
d3dx9	CNode.cpp	?IsEqual@CNodeValue@D3DXShader@@UAAHPAVCNode@2@@Z	0xC8	0x82C26668
d3dx9	CNode.cpp	?Copy@CNodeValue@D3DXShader@@UAAPAV12@XZ	0x124	0x82C26730
d3dx9	CNode.cpp	??0CNodeState@D3DXShader@@QAA@PAVCNode@1@00@Z	0x30	0x82C26858
d3dx9	CNode.cpp	merged_82C26888	0xFC	0x82C26888
d3dx9	CNode.cpp	?Copy@CNodeState@D3DXShader@@UAAPAV12@XZ	0x11C	0x82C26988
d3dx9	CNode.cpp	??0CNodeBuffer@D3DXShader@@QAA@PBUD3DXTOKEN@1@PAEI@Z	0x48	0x82C26AA8
d3dx9	CNode.cpp	?IsEqual@CNodeBuffer@D3DXShader@@UAAHPAVCNode@2@@Z	0x7C	0x82C26AF0
d3dx9	CNode.cpp	?Copy@CNodeBuffer@D3DXShader@@UAAPAV12@XZ	0xA8	0x82C26B70
d3dx9	CNode.cpp	??0CNodeRegister@D3DXShader@@QAA@XZ	0x38	0x82C26C18
d3dx9	CNode.cpp	??0CNodeRegister@D3DXShader@@QAA@W4_D3DRREGISTERBINDTYPE@1@PAVCNode@1@11@Z	0x34	0x82C26C50
d3dx9	CNode.cpp	?IsEqual@CNodeRegister@D3DXShader@@UAAHPAVCNode@2@@Z	0x10C	0x82C26C88
d3dx9	CNode.cpp	?Copy@CNodeRegister@D3DXShader@@UAAPAV12@XZ	0x12C	0x82C26D98
d3dx9	CNode.cpp	??0CNodeFormat@D3DXShader@@QAA@PAVCNode@1@00@Z	0x30	0x82C26EC8
d3dx9	CNode.cpp	?Copy@CNodeFormat@D3DXShader@@UAAPAV12@XZ	0x11C	0x82C26EF8
d3dx9	CNode.cpp	?Copy@CNodeTree@D3DXShader@@UAAPAV12@XZ	0xF8	0x82C27018
d3dx9	CNode.cpp	?Copy@CNodeStateBlockFunctionCall@D3DXShader@@UAAPAV12@XZ	0xCC	0x82C27110
d3dx9	ThreadLocalData.cpp	?GetThreadLocalData@D3DXShader@@YAPAVThreadLocalData@1@XZ	0x20	0x82C271E0
d3dx9	ThreadLocalData.cpp	?ThreadLocalDataBegin@D3DXShader@@YAJXZ	0x158	0x82C27200
d3dx9	ThreadLocalData.cpp	?ThreadLocalDataEnd@D3DXShader@@YAXXZ	0x12C	0x82C27358
d3dx9	d3dx9fragment.cpp	?CalcNumRegisters@D3DXShader@@YAJPAVCNode@1@PAI1@Z	0x138	0x82C27488
d3dx9	d3dx9fragment.cpp	?GetConstantSize@CFragmentConstants@D3DXShader@@QAAJPAUD3DXTOKEN@2@PBDPAI@Z	0x1D4	0x82C275C0
d3dx9	d3dx9fragment.cpp	?EmitDefaultValue@D3DXShader@@YAJPAVCCommentBlock@1@IIPAVCNode@1@PAK@Z	0x138	0x82C27798
d3dx9	d3dx9fragment.cpp	?EmitZeroDefaultValue@D3DXShader@@YAJPAVCCommentBlock@1@IPAK@Z	0x94	0x82C278D0
d3dx9	d3dx9fragment.cpp	?AddRegister@CFragmentConstants@D3DXShader@@QAAJPAVCCommentBlock@2@PAU_D3DXSHADER_CONSTANTINFO@@PBDIK@Z	0x548	0x82C27968
d3dx9	CNodeAsm.cpp	??0CNodeAsmInstruction@D3DXShader@@QAA@XZ	0x84	0x82C27EB0
d3dx9	CNodeAsm.cpp	??0CNodeAsmInstruction@D3DXShader@@QAA@PBUD3DXTOKEN@1@KKK@Z	0x8C	0x82C27F38
d3dx9	CNodeAsm.cpp	?Copy@CNodeAsmInstruction@D3DXShader@@UAAPAV12@XZ	0x130	0x82C27FC8
d3dx9	CNodeAsm.cpp	??0CNodeAsmRegister@D3DXShader@@QAA@XZ	0x68	0x82C280F8
d3dx9	CNodeAsm.cpp	??0CNodeAsmRegister@D3DXShader@@QAA@KKKHPAVCNode@1@@Z	0x68	0x82C28160
d3dx9	CNodeAsm.cpp	?Copy@CNodeAsmRegister@D3DXShader@@UAAPAV12@XZ	0xC4	0x82C281C8
d3dx9	CCommentBlock.cpp	??0CCommentBlock@D3DXShader@@QAA@K@Z	0x1C	0x82C28290
d3dx9	CCommentBlock.cpp	?SizeInDwords@CCommentBlock@D3DXShader@@QAAIXZ	0x14	0x82C282B0
d3dx9	CCommentBlock.cpp	??1CCommentBlock@D3DXShader@@QAA@XZ	0x78	0x82C282C8
d3dx9	CCommentBlock.cpp	?Add@CCommentBlock@D3DXShader@@QAAJPBXIKPAKW4SegmentType@2@@Z	0x1EC	0x82C28340
d3dx9	CCommentBlock.cpp	?WriteOrderedComment@CCommentBlock@D3DXShader@@IAAJPAKIH@Z	0xEC	0x82C28530
d3dx9	CCommentBlock.cpp	?WriteComment@CCommentBlock@D3DXShader@@QAAJPAKIH@Z	0x4	0x82C28620
d3dx9	CCommentBlock.cpp	?WriteSwappedComment@CCommentBlock@D3DXShader@@QAAJPAKI@Z	0x8	0x82C28628
d3dx9	CUAssembler.cpp	merged_82C28630	0x18	0x82C28630
d3dx9	CUAssembler.cpp	?IsFancyMaskRegister@D3DXShader@@YA_NPBD@Z	0x114	0x82C28648
d3dx9	CUAssembler.cpp	?D3DX9GetToken@D3DXShader@@YAJPAVCPreProcessor@1@PAUD3DXTOKEN@1@@Z	0x48	0x82C28760
d3dx9	CUAssembler.cpp	?ParseSemantic@D3DXShader@@YAHPAUD3DXTOKEN@1@AAKAAI@Z	0x480	0x82C287A8
d3dx9	CUAssembler.cpp	?NonNull@CUAssembler@D3DXShader@@IAAPAVCNode@2@PAV32@@Z	0x74	0x82C28C28
d3dx9	CUAssembler.cpp	?GetEnumValue@D3DXShader@@YAJPBUEnumStringTableEntry@1@PBDPAI@Z	0xA8	0x82C28CA0
d3dx9	CUAssembler.cpp	?AddStructMemberInfoNoDuplicates@D3DXShader@@YAIPBU_D3DXSHADER_STRUCTMEMBERINFO@@IPAU2@PAI@Z	0xBC	0x82C28D48
d3dx9	CUAssembler.cpp	?AddTypeInfoNoDuplicates@D3DXShader@@YAIPBU_D3DXSHADER_TYPEINFO@@PAU2@PAI@Z	0xA8	0x82C28E08
d3dx9	CUAssembler.cpp	?DecodeMask@CUAssembler@D3DXShader@@IAAKPAUD3DXTOKEN@2@@Z	0x174	0x82C28EB0
d3dx9	CUAssembler.cpp	?InterpretAsALUMask@CUAssembler@D3DXShader@@IAAKK@Z	0x7C	0x82C29028
d3dx9	CUAssembler.cpp	?DecodeSwizzle@CUAssembler@D3DXShader@@IAAKPAUD3DXTOKEN@2@@Z	0x10C	0x82C290A8
d3dx9	CUAssembler.cpp	?ConvertSwizzleToScalarForm@D3DXShader@@YAKPAVCNodeUAsmInstruction@1@H@Z	0xB8	0x82C291B8
d3dx9	CUAssembler.cpp	?MicrocodeReoptimizerErrorCallback@D3DXShader@@YAXPAXHKPBD@Z	0x38	0x82C29270
d3dx9	CUAssembler.cpp	?GetParseTree@CUAssembler@D3DXShader@@QAAJPAPAVCNode@2@@Z	0x70	0x82C292A8
d3dx9	CUAssembler.cpp	merged_82C29318	0x10	0x82C29318
d3dx9	CUAssembler.cpp	?OutputLine@ValidatorOutputCallbackContext@D3DXShader@@QAAJXZ	0x78	0x82C29328
d3dx9	CUAssembler.cpp	?ValidatorOutput@ValidatorOutputCallbackContext@D3DXShader@@QAAJPBDK@Z	0x70	0x82C293A0
d3dx9	CUAssembler.cpp	?ValidatorOutputCallback@D3DXShader@@YAJPAXPBDK@Z	0x4	0x82C29410
d3dx9	CUAssembler.cpp	?GetValueAsInt@CUAssembler@D3DXShader@@KAJPAUD3DXTOKEN@2@PAHHH@Z	0xE8	0x82C29418
d3dx9	CUAssembler.cpp	?GetValueAsBool@CUAssembler@D3DXShader@@KAJPAUD3DXTOKEN@2@PAK@Z	0xE0	0x82C29500
d3dx9	CUAssembler.cpp	?HandleVFetchOptions@CUAssembler@D3DXShader@@SA_NPAVCNodeUAsmInstruction@2@PATGPUVERTEX_FETCH_INSTRUCTION@@PAKPAHPA_NP6AXPAXPBDZZ5@Z	0x500	0x82C295E0
d3dx9	CUAssembler.cpp	?HandleTFetchOptions@CUAssembler@D3DXShader@@SAXPAVCNodeUAsmInstruction@2@PATGPUTEXTURE_FETCH_INSTRUCTION@@PA_NP6AXPAXPBDZZ3@Z	0x5CC	0x82C29AE0
d3dx9	CUAssembler.cpp	?InitializePass@CUAssembler@D3DXShader@@QAAXXZ	0xAC	0x82C2A0B0
d3dx9	CUAssembler.cpp	?CreateLabel@CUAssembler@D3DXShader@@IAAPAVCNodeUAsmLabel@2@KK@Z	0x70	0x82C2A160
d3dx9	CUAssembler.cpp	??1CUAssembler@D3DXShader@@QAA@XZ	0x7C	0x82C2A1D0
d3dx9	CUAssembler.cpp	?VError@CUAssembler@D3DXShader@@IAAXPBDPAD@Z	0xB8	0x82C2A250
d3dx9	CUAssembler.cpp	?AddStringNoDuplicates@D3DXShader@@YAIPBDPADIPAI@Z	0xEC	0x82C2A308
d3dx9	CUAssembler.cpp	?SplitName@D3DXShader@@YAXPBDPADI1IPAW4DEFCONST_PARSE_TYPE@1@PAI@Z	0x174	0x82C2A3F8
d3dx9	CUAssembler.cpp	?AddConstant@CUAssembler@D3DXShader@@IAAHPAU_D3DXCONSTANT_DESC@@PBDPAUDEFCONST_DESC@2@@Z	0x2D0	0x82C2A570
d3dx9	CUAssembler.cpp	?AddTypeInfo@D3DXShader@@YAIPBUDEFCONST_DESC@1@PAU_D3DXSHADER_TYPEINFO@@PAIPAU_D3DXSHADER_STRUCTMEMBERINFO@@2PADI2@Z	0x13C	0x82C2A840
d3dx9	CUAssembler.cpp	?Static_Error@CUAssembler@D3DXShader@@SAXPAXPBDZZ	0x50	0x82C2A980
d3dx9	CUAssembler.cpp	merged_82C2A9D0	0x4C	0x82C2A9D0
d3dx9	CUAssembler.cpp	?DecodeOpcode@CUAssembler@D3DXShader@@IAAHPAUD3DXTOKEN@2@@Z	0xFB0	0x82C2AA20
d3dx9	CUAssembler.cpp	?UpdateRootConstants@CUAssembler@D3DXShader@@IAAHPAUDEFCONST_DESC@2@@Z	0x714	0x82C2B9D0
d3dx9	CUAssembler.cpp	?DecodeDefconst@CUAssembler@D3DXShader@@IAAHPAU_D3DXCONSTANT_DESC@@PADI@Z	0xB78	0x82C2C0E8
d3dx9	CUAssembler.cpp	?DecodeConstantTable@CUAssembler@D3DXShader@@IAAHPAUD3DXTOKEN@2@@Z	0x4B8	0x82C2CC60
d3dx9	CUAssembler.cpp	?DecodeRegister@CUAssembler@D3DXShader@@IAAPAVCNode@2@PAUD3DXTOKEN@2@PAV32@@Z	0x5FC	0x82C2D118
d3dx9	CUAssembler.cpp	?MergeInstructions@CUAssembler@D3DXShader@@IAAPAVCNodeUAsmInstruction@2@PAV32@0@Z	0x488	0x82C2D718
d3dx9	CUAssembler.cpp	?HandleAlloc@CUAssembler@D3DXShader@@IAAJAATGPUFLOW_ALLOC@@PAVCNodeUAsmInstruction@2@@Z	0x478	0x82C2DBA0
d3dx9	CUAssembler.cpp	?GetOptionValue@CUAssembler@D3DXShader@@IAAPAUD3DXTOKEN@2@PAVCNodeUAsmInstruction@2@PBDH@Z	0x104	0x82C2E018
d3dx9	CUAssembler.cpp	?GetYieldValue@CUAssembler@D3DXShader@@IAAHPAVCNodeUAsmInstruction@2@@Z	0x5C	0x82C2E120
d3dx9	CUAssembler.cpp	?InitCheck@CUAssembler@D3DXShader@@IAAJPBD@Z	0x48	0x82C2E180
d3dx9	CUAssembler.cpp	?DoSrcReg@CUAssembler@D3DXShader@@IAAXAATGPUALU_INSTRUCTION@@KPAVCNodeUAsmRegister@2@@Z	0x178	0x82C2E1C8
d3dx9	CUAssembler.cpp	?DoDest@CUAssembler@D3DXShader@@IAAXAATGPUALU_INSTRUCTION@@PAVCNodeUAsmInstruction@2@@Z	0x51C	0x82C2E340
d3dx9	CUAssembler.cpp	?DetectBias@CUAssembler@D3DXShader@@IAAHPAVCNodeUAsmRegister@2@PBD@Z	0x80	0x82C2E860
d3dx9	CUAssembler.cpp	?DoFetchSrcDest@CUAssembler@D3DXShader@@IAAXPATGPUTEXTURE_FETCH_INSTRUCTION@@PAVCNodeUAsmInstruction@2@K@Z	0x25C	0x82C2E8E0
d3dx9	CUAssembler.cpp	?CheckDeclarations@CUAssembler@D3DXShader@@IAAXXZ	0xE4	0x82C2EB40
d3dx9	CUAssembler.cpp	?Token@CUAssembler@D3DXShader@@IAAHXZ	0x294	0x82C2EC28
d3dx9	CUAssembler.cpp	?HandleConfig@CUAssembler@D3DXShader@@IAAJPAVCNodeUAsmInstruction@2@@Z	0x4B0	0x82C2EEC0
d3dx9	CUAssembler.cpp	?GetBuilder@CUAssembler@D3DXShader@@IAAPAUXMicrocodeBuilder@@H@Z	0xB4	0x82C2F370
d3dx9	CUAssembler.cpp	?HandleNA@CUAssembler@D3DXShader@@IAAJPAVCNodeUAsmInstruction@2@@Z	0x708	0x82C2F428
d3dx9	CUAssembler.cpp	?HandleALU@CUAssembler@D3DXShader@@IAAJPAVCNodeUAsmInstruction@2@@Z	0x618	0x82C2FB30
d3dx9	CUAssembler.cpp	?HandleVFetch@CUAssembler@D3DXShader@@IAAJPAVCNodeUAsmInstruction@2@@Z	0x188	0x82C30148
d3dx9	CUAssembler.cpp	?HandleTFetch@CUAssembler@D3DXShader@@IAAJPAVCNodeUAsmInstruction@2@@Z	0x108	0x82C302D0
d3dx9	CUAssembler.cpp	?RecordLabelUse@CUAssembler@D3DXShader@@IAAXPAVCNodeUAsmInstruction@2@K@Z	0xE0	0x82C303D8
d3dx9	CUAssembler.cpp	?FixupLabels@CUAssembler@D3DXShader@@IAAXXZ	0xCC	0x82C304B8
d3dx9	CUAssembler.cpp	?CalculateExportCount@CUAssembler@D3DXShader@@IAAXXZ	0x13C	0x82C30588
d3dx9	CUAssembler.cpp	?HandleFlow@CUAssembler@D3DXShader@@IAAJPAVCNodeUAsmInstruction@2@@Z	0x5E4	0x82C306C8
d3dx9	CUAssembler.cpp	?CalculateProgramControl@CUAssembler@D3DXShader@@QAAJXZ	0x148	0x82C30CB0
d3dx9	CUAssembler.cpp	?GetShaderCode@CUAssembler@D3DXShader@@QAAJPAPAUID3DXBuffer@@PAU_D3DXSHADER_COMPILE_PARAMETERSA@@@Z	0x43C	0x82C30DF8
d3dx9	CUAssembler.cpp	?HandleZPass@CUAssembler@D3DXShader@@IAAJPAVCNodeUAsmInstruction@2@@Z	0x114	0x82C31238
d3dx9	CUAssembler.cpp	?EmitInstruction@CUAssembler@D3DXShader@@IAAJPAVCNode@2@@Z	0x100	0x82C31350
d3dx9	CUAssembler.cpp	?Production@CUAssembler@D3DXShader@@IAAXII@Z	0x918	0x82C31450
d3dx9	CUAssembler.cpp	?d3dxuasm_parse@CUAssemblerYaccStruct@D3DXShader@@QAAHXZ	0x7D8	0x82C31D68
d3dx9	CUAssembler.cpp	?Assemble@CUAssembler@D3DXShader@@QAAJPAVCPreProcessor@2@KKPAVCTErrors@2@PAU_D3DXSHADER_COMPILE_PARAMETERSA@@@Z	0x1FC	0x82C32540
d3dx9	CUAssembler.cpp	?XAssembleMicrocode@D3DXShader@@YAJPAVCPreProcessor@1@PAUD3DXTOKEN@1@KPAVCTErrors@1@PAPAUID3DXBuffer@@PAU_D3DXSHADER_COMPILE_PARAMETERSA@@@Z	0x18C	0x82C32740
d3dx9	CUAssembler.cpp	?XAssembleMicrocodeBlock@D3DXShader@@YAJPAVCPreProcessor@1@KPAPAVCNode@1@PAXP6AJ2PAUD3DXTOKEN@1@K1@Z@Z	0xFC	0x82C328D0
d3dx9	C30SWProgram.cpp	?InitCaps@C30SWProgram@D3DXShader@@MAAJXZ	0xA0	0x82C329D0
d3dx9	C30SWProgram.cpp	?EmitInstructions@C30SWProgram@D3DXShader@@MAAJXZ	0x860	0x82C32A70
d3dx9	C30SWProgram.cpp	?EmitObjectDCL@C30SWProgram@D3DXShader@@MAAJPAVCArgument@2@@Z	0x110	0x82C332D0
d3dx9	C30SWProgram.cpp	merged_82C333E0	0x10	0x82C333E0
d3dx9	C30SWProgram.cpp	?EmitBeginExportLoop@C30SWProgram@D3DXShader@@MAAJXZ	0x10	0x82C333F0
d3dx9	C30SWProgram.cpp	?EmitDCL@C30SWProgram@D3DXShader@@MAAJPAVCArgument@2@PAK@Z	0x4C	0x82C33400
d3dx9	C30SWProgram.cpp	merged_82C33450	0x7C	0x82C33450
d3dx9	C30SWProgram.cpp	merged_82C334D0	0x1DC	0x82C334D0
d3dx9	C30SWProgram.cpp	merged_82C336B0	0xC4	0x82C336B0
d3dx9	C30SWProgram.cpp	?EmitPushBranchMask@C30SWProgram@D3DXShader@@MAAJXZ	0x28	0x82C33778
d3dx9	C30SWProgram.cpp	?EmitPushLoopCounter@C30SWProgram@D3DXShader@@MAAJXZ	0x28	0x82C337A0
d3dx9	C30SWProgram.cpp	?EmitPopLoopCounter@C30SWProgram@D3DXShader@@MAAJXZ	0x28	0x82C337C8
d3dx9	C30SWProgram.cpp	?EmitPushLoopRepeat@C30SWProgram@D3DXShader@@MAAJXZ	0x28	0x82C337F0
d3dx9	C30SWProgram.cpp	?EmitPopLoopRepeat@C30SWProgram@D3DXShader@@MAAJXZ	0x28	0x82C33818
d3dx9	C30SWProgram.cpp	?EmitENDIF@C30SWProgram@D3DXShader@@MAAJXZ	0x180	0x82C33840
d3dx9	C30SWProgram.cpp	?EmitLOOP@C30SWProgram@D3DXShader@@MAAJXZ	0x14	0x82C339C0
d3dx9	C30SWProgram.cpp	?EmitENDLOOP@C30SWProgram@D3DXShader@@MAAJXZ	0x14	0x82C339D8
d3dx9	C30SWProgram.cpp	?EmitLOOP_INC@C30SWProgram@D3DXShader@@MAAJXZ	0x14	0x82C339F0
d3dx9	C30SWProgram.cpp	?EmitENDLOOP_INC@C30SWProgram@D3DXShader@@MAAJXZ	0x14	0x82C33A08
d3dx9	C30SWProgram.cpp	?EmitMOV@C30SWProgram@D3DXShader@@MAAJXZ	0x1F0	0x82C33A20
d3dx9	C30SWProgram.cpp	merged_82C33C10	0x4	0x82C33C10
d3dx9	C30SWProgram.cpp	merged_82C33C18	0x20	0x82C33C18
d3dx9	C30SWProgram.cpp	merged_82C33C38	0x20	0x82C33C38
d3dx9	C30SWProgram.cpp	??_9C30SWProgram@D3DXShader@@$BCFI@AA	0x10	0x82C33C58
d3dx9	C30SWProgram.cpp	??_9C30SWProgram@D3DXShader@@$BCHI@AA	0x10	0x82C33C68
d3dx9	C30SWProgram.cpp	??_9C30SWProgram@D3DXShader@@$BCGM@AA	0x10	0x82C33C78
d3dx9	C30SWProgram.cpp	??_9C30SWProgram@D3DXShader@@$BCHM@AA	0x10	0x82C33C88
d3dx9	C30SWProgram.cpp	??_9C30SWProgram@D3DXShader@@$BCGA@AA	0x10	0x82C33C98
d3dx9	C30SWProgram.cpp	??_9C30SWProgram@D3DXShader@@$BCHA@AA	0x10	0x82C33CA8
d3dx9	C30SWProgram.cpp	??_9C30SWProgram@D3DXShader@@$BCIA@AA	0x10	0x82C33CB8
d3dx9	C30SWProgram.cpp	??_9C30SWProgram@D3DXShader@@$BCGE@AA	0x10	0x82C33CC8
d3dx9	C30SWProgram.cpp	??_9C30SWProgram@D3DXShader@@$BCHE@AA	0x10	0x82C33CD8
d3dx9	C30SWProgram.cpp	??_9C30SWProgram@D3DXShader@@$BCIE@AA	0x10	0x82C33CE8
d3dx9	C30SWProgram.cpp	??1C30SWProgram@D3DXShader@@UAA@XZ	0x50	0x82C33CF8
d3dx9	C30SWProgram.cpp	?AssureSW@C30SWProgram@D3DXShader@@IAAJI@Z	0xA0	0x82C33D48
d3dx9	C30SWProgram.cpp	merged_82C33DE8	0x300	0x82C33DE8
d3dx9	C30SWProgram.cpp	??0C30SWProgram@D3DXShader@@QAA@HHPBD@Z	0x80	0x82C340E8
d3dx9	C30SWProgram.cpp	merged_82C34168	0x50	0x82C34168
d3dx9	C30SWProgram.cpp	?EmitSW@C30SWProgram@D3DXShader@@IAAJPBDZZ	0xD4	0x82C341B8
d3dx9	C30SWProgram.cpp	?EmitMargin@C30SWProgram@D3DXShader@@IAAJXZ	0x58	0x82C34290
d3dx9	C30SWProgram.cpp	?EmitDefaultFunction@C30SWProgram@D3DXShader@@IAAJPBD0000@Z	0x14C	0x82C342E8
d3dx9	C30SWProgram.cpp	?GetFormatVarFromRegToken@C30SWProgram@D3DXShader@@IAAXKPADIH@Z	0xF4	0x82C34438
d3dx9	C30SWProgram.cpp	?EmitGenOutMaskSW@C30SWProgram@D3DXShader@@IAAJK@Z	0xA4	0x82C34530
d3dx9	C30SWProgram.cpp	?EmitSplatBranchMaskSW@C30SWProgram@D3DXShader@@IAAJXZ	0xC0	0x82C345D8
d3dx9	C30SWProgram.cpp	?EmitReplicatePredicateSW@C30SWProgram@D3DXShader@@IAAJK@Z	0x100	0x82C34698
d3dx9	C30SWProgram.cpp	?EmitPredSelectSW@C30SWProgram@D3DXShader@@IAAJPBDKHHPAD@Z	0x17C	0x82C34798
d3dx9	C30SWProgram.cpp	?EmitOutMaskSelectSW@C30SWProgram@D3DXShader@@IAAJPBDKHPAD@Z	0x138	0x82C34918
d3dx9	C30SWProgram.cpp	?EmitBranchMaskSelectSW@C30SWProgram@D3DXShader@@IAAJPBDHPAD@Z	0x14C	0x82C34A50
d3dx9	C30SWProgram.cpp	?EmitPushVector@C30SWProgram@D3DXShader@@MAAJPBD00@Z	0xB4	0x82C34BA0
d3dx9	C30SWProgram.cpp	?EmitPopVector@C30SWProgram@D3DXShader@@MAAJPBD00@Z	0xCC	0x82C34C58
d3dx9	C30SWProgram.cpp	?EmitPushInteger@C30SWProgram@D3DXShader@@MAAJPBD00@Z	0x80	0x82C34D28
d3dx9	C30SWProgram.cpp	?EmitPopInteger@C30SWProgram@D3DXShader@@MAAJPBD00@Z	0x80	0x82C34DA8
d3dx9	C30SWProgram.cpp	?EmitPopBranchMask@C30SWProgram@D3DXShader@@MAAJXZ	0x120	0x82C34E28
d3dx9	C30SWProgram.cpp	?EmitZeroVector@C30SWProgram@D3DXShader@@MAAJPBD@Z	0x90	0x82C34F48
d3dx9	C30SWProgram.cpp	?EmitANDIF@C30SWProgram@D3DXShader@@MAAJXZ	0x164	0x82C34FD8
d3dx9	C30SWProgram.cpp	?EmitANDELSE@C30SWProgram@D3DXShader@@MAAJXZ	0x268	0x82C35140
d3dx9	C30SWProgram.cpp	?EmitANDENDIF@C30SWProgram@D3DXShader@@MAAJXZ	0xE0	0x82C353A8
d3dx9	C30SWProgram.cpp	?EmitGeneralENDLOOP@C30SWProgram@D3DXShader@@MAAJH@Z	0x128	0x82C35488
d3dx9	C30SWProgram.cpp	?EmitBREAK@C30SWProgram@D3DXShader@@MAAJXZ	0xCC	0x82C355B0
d3dx9	C30SWProgram.cpp	?EmitSetCompFunction@C30SWProgram@D3DXShader@@UAAJHPBD00@Z	0x1B4	0x82C35680
d3dx9	C30SWProgram.cpp	?EmitDSTFunction@C30SWProgram@D3DXShader@@UAAJPBD000@Z	0x478	0x82C35838
d3dx9	C30SWProgram.cpp	?EmitLITFunction@C30SWProgram@D3DXShader@@UAAJPBD000@Z	0xE28	0x82C35CB0
d3dx9	C30SWProgram.cpp	?EmitLRPFunction@C30SWProgram@D3DXShader@@UAAJPBD000@Z	0x278	0x82C36AD8
d3dx9	C30SWProgram.cpp	?EmitDEF@C30SWProgramCI@D3DXShader@@MAAJIPAM@Z	0xB8	0x82C36D50
d3dx9	C30SWProgram.cpp	?EmitSwizzleOp@C30SWProgramCI@D3DXShader@@MAAJPBDIIII@Z	0xD4	0x82C36E08
d3dx9	C30SWProgram.cpp	?EmitAndOp@C30SWProgramCI@D3DXShader@@MAAJPBD0@Z	0x34	0x82C36EE0
d3dx9	C30SWProgram.cpp	?EmitAndCOp@C30SWProgramCI@D3DXShader@@MAAJPBD0@Z	0x34	0x82C36F18
d3dx9	C30SWProgram.cpp	?EmitOrOp@C30SWProgramCI@D3DXShader@@MAAJPBD0@Z	0x34	0x82C36F50
d3dx9	C30SWProgram.cpp	?EmitXorOp@C30SWProgramCI@D3DXShader@@MAAJPBD0@Z	0x34	0x82C36F88
d3dx9	C30SWProgram.cpp	?EmitZeroOp@C30SWProgramCI@D3DXShader@@MAAJXZ	0x28	0x82C36FC0
d3dx9	C30SWProgram.cpp	?EmitTrueIntOp@C30SWProgramCI@D3DXShader@@MAAJXZ	0x28	0x82C36FE8
d3dx9	C30SWProgram.cpp	?EmitSelectOp@C30SWProgramCI@D3DXShader@@MAAJPBD00@Z	0x38	0x82C37010
d3dx9	C30SWProgram.cpp	?EmitRoundOp@C30SWProgramCI@D3DXShader@@MAAJPBD@Z	0x2C	0x82C37048
d3dx9	C30SWProgram.cpp	?EmitConvertUIntToFloatOp@C30SWProgramCI@D3DXShader@@MAAJPBDI@Z	0x34	0x82C37078
d3dx9	C30SWProgram.cpp	?EmitConvertFloatToUIntOp@C30SWProgramCI@D3DXShader@@MAAJPBDI@Z	0x34	0x82C370B0
d3dx9	C30SWProgram.cpp	?EmitConvertIntToFloatOp@C30SWProgramCI@D3DXShader@@MAAJPBDI@Z	0x34	0x82C370E8
d3dx9	C30SWProgram.cpp	?EmitConvertFloatToIntOp@C30SWProgramCI@D3DXShader@@MAAJPBDI@Z	0x34	0x82C37120
d3dx9	C30SWProgram.cpp	merged_82C37158	0x34	0x82C37158
d3dx9	C30SWProgram.cpp	merged_82C37190	0x34	0x82C37190
d3dx9	C30SWProgram.cpp	?EmitStoreOp@C30SWProgramCI@D3DXShader@@MAAJPBD0@Z	0x2C	0x82C371C8
d3dx9	C30SWProgram.cpp	?EmitLoadFloat4SW@C30SWProgramCI@D3DXShader@@MAAJPBD0@Z	0xCC	0x82C371F8
d3dx9	C30SWProgram.cpp	?EmitStoreFloat4SW@C30SWProgramCI@D3DXShader@@MAAJPBD0@Z	0x128	0x82C372C8
d3dx9	C30SWProgram.cpp	?EmitRotateRightOp@C30SWProgramCI@D3DXShader@@MAAJPBDI@Z	0x3C	0x82C373F0
d3dx9	C30SWProgram.cpp	merged_82C37430	0x3C	0x82C37430
d3dx9	C30SWProgram.cpp	?EmitMinimizeOp@C30SWProgramCI@D3DXShader@@MAAJPBD0@Z	0x34	0x82C37470
d3dx9	C30SWProgram.cpp	?EmitMaximizeOp@C30SWProgramCI@D3DXShader@@MAAJPBD0@Z	0x34	0x82C374A8
d3dx9	C30SWProgram.cpp	?EmitLogEstOp@C30SWProgramCI@D3DXShader@@MAAJPBD@Z	0x2C	0x82C374E0
d3dx9	C30SWProgram.cpp	?EmitExpEstOp@C30SWProgramCI@D3DXShader@@MAAJPBD@Z	0x2C	0x82C37510
d3dx9	C30SWProgram.cpp	?EmitSubtractOp@C30SWProgramCI@D3DXShader@@MAAJPBD0@Z	0x34	0x82C37540
d3dx9	C30SWProgram.cpp	?EmitMultiplyOp@C30SWProgramCI@D3DXShader@@MAAJPBD0@Z	0x34	0x82C37578
d3dx9	C30SWProgram.cpp	?EmitMultiplyAddOp@C30SWProgramCI@D3DXShader@@MAAJPBD00@Z	0x38	0x82C375B0
d3dx9	C30SWProgram.cpp	?EmitComparisonSW@C30SWProgramCI@D3DXShader@@MAAJKPBD00@Z	0x210	0x82C375E8
d3dx9	C30SWProgram.cpp	?EmitRIntEqualSW@C30SWProgramCI@D3DXShader@@MAAJPBD0@Z	0x44	0x82C377F8
d3dx9	C30SWProgram.cpp	?EmitRIntComparisonAnyFalseOp@C30SWProgramCI@D3DXShader@@MAAJXZ	0x28	0x82C37840
d3dx9	C30SWProgram.cpp	?EmitNEGFunction@C30SWProgramCI@D3DXShader@@UAAJPBD000@Z	0x168	0x82C37868
d3dx9	C30SWProgram.cpp	?EmitRCPFunction@C30SWProgramCI@D3DXShader@@UAAJPBD000@Z	0x4F0	0x82C379D0
d3dx9	C30SWProgram.cpp	?EmitFRCFunction@C30SWProgramCI@D3DXShader@@UAAJPBD000@Z	0x144	0x82C37EC0
d3dx9	C30SWProgram.cpp	?EmitRSQFunction@C30SWProgramCI@D3DXShader@@UAAJPBD000@Z	0x36C	0x82C38008
d3dx9	C30SWProgram.cpp	?EmitABSFunction@C30SWProgramCI@D3DXShader@@UAAJPBD000@Z	0x168	0x82C38378
d3dx9	C30SWProgram.cpp	?EmitNRMFunction@C30SWProgramCI@D3DXShader@@UAAJPBD000@Z	0x5F4	0x82C384E0
d3dx9	C30SWProgram.cpp	?EmitDEF@C30SWProgramML@D3DXShader@@MAAJIPAM@Z	0xC0	0x82C38AD8
d3dx9	C30SWProgram.cpp	?EmitSwizzleOp@C30SWProgramML@D3DXShader@@MAAJPBDIIII@Z	0xB4	0x82C38B98
d3dx9	C30SWProgram.cpp	?EmitAndOp@C30SWProgramML@D3DXShader@@MAAJPBD0@Z	0x34	0x82C38C50
d3dx9	C30SWProgram.cpp	?EmitAndCOp@C30SWProgramML@D3DXShader@@MAAJPBD0@Z	0x34	0x82C38C88
d3dx9	C30SWProgram.cpp	?EmitOrOp@C30SWProgramML@D3DXShader@@MAAJPBD0@Z	0x34	0x82C38CC0
d3dx9	C30SWProgram.cpp	?EmitXorOp@C30SWProgramML@D3DXShader@@MAAJPBD0@Z	0x34	0x82C38CF8
d3dx9	C30SWProgram.cpp	?EmitZeroOp@C30SWProgramML@D3DXShader@@MAAJXZ	0x28	0x82C38D30
d3dx9	C30SWProgram.cpp	?EmitTrueIntOp@C30SWProgramML@D3DXShader@@MAAJXZ	0x28	0x82C38D58
d3dx9	C30SWProgram.cpp	?EmitSelectOp@C30SWProgramML@D3DXShader@@MAAJPBD00@Z	0x38	0x82C38D80
d3dx9	C30SWProgram.cpp	?EmitRoundOp@C30SWProgramML@D3DXShader@@MAAJPBD@Z	0x2C	0x82C38DB8
d3dx9	C30SWProgram.cpp	?EmitConvertUIntToFloatOp@C30SWProgramML@D3DXShader@@MAAJPBDI@Z	0x34	0x82C38DE8
d3dx9	C30SWProgram.cpp	?EmitConvertFloatToUIntOp@C30SWProgramML@D3DXShader@@MAAJPBDI@Z	0x34	0x82C38E20
d3dx9	C30SWProgram.cpp	?EmitConvertIntToFloatOp@C30SWProgramML@D3DXShader@@MAAJPBDI@Z	0x34	0x82C38E58
d3dx9	C30SWProgram.cpp	?EmitConvertFloatToIntOp@C30SWProgramML@D3DXShader@@MAAJPBDI@Z	0x34	0x82C38E90
d3dx9	C30SWProgram.cpp	merged_82C38EC8	0x2C	0x82C38EC8
d3dx9	C30SWProgram.cpp	merged_82C38EF8	0x2C	0x82C38EF8
d3dx9	C30SWProgram.cpp	?EmitStoreOp@C30SWProgramML@D3DXShader@@MAAJPBD0@Z	0x34	0x82C38F28
d3dx9	C30SWProgram.cpp	?EmitLoadFloat4SW@C30SWProgramML@D3DXShader@@MAAJPBD0@Z	0x44	0x82C38F60
d3dx9	C30SWProgram.cpp	?EmitStoreFloat4SW@C30SWProgramML@D3DXShader@@MAAJPBD0@Z	0x44	0x82C38FA8
d3dx9	C30SWProgram.cpp	merged_82C38FF0	0x68	0x82C38FF0
d3dx9	C30SWProgram.cpp	merged_82C39058	0x2C	0x82C39058
d3dx9	C30SWProgram.cpp	?EmitRotateRightOp@C30SWProgramML@D3DXShader@@MAAJPBDI@Z	0x34	0x82C39088
d3dx9	C30SWProgram.cpp	?EmitMinimizeOp@C30SWProgramML@D3DXShader@@MAAJPBD0@Z	0x34	0x82C390C0
d3dx9	C30SWProgram.cpp	?EmitMaximizeOp@C30SWProgramML@D3DXShader@@MAAJPBD0@Z	0x34	0x82C390F8
d3dx9	C30SWProgram.cpp	?EmitLogEstOp@C30SWProgramML@D3DXShader@@MAAJPBD@Z	0x2C	0x82C39130
d3dx9	C30SWProgram.cpp	?EmitExpEstOp@C30SWProgramML@D3DXShader@@MAAJPBD@Z	0x2C	0x82C39160
d3dx9	C30SWProgram.cpp	?EmitSubtractOp@C30SWProgramML@D3DXShader@@MAAJPBD0@Z	0x34	0x82C39190
d3dx9	C30SWProgram.cpp	?EmitMultiplyOp@C30SWProgramML@D3DXShader@@MAAJPBD0@Z	0x34	0x82C391C8
d3dx9	C30SWProgram.cpp	?EmitMultiplyAddOp@C30SWProgramML@D3DXShader@@MAAJPBD00@Z	0x38	0x82C39200
d3dx9	C30SWProgram.cpp	?EmitComparisonSW@C30SWProgramML@D3DXShader@@MAAJKPBD00@Z	0x1A4	0x82C39238
d3dx9	C30SWProgram.cpp	?EmitRIntEqualSW@C30SWProgramML@D3DXShader@@MAAJPBD0@Z	0x44	0x82C393E0
d3dx9	C30SWProgram.cpp	?EmitRIntComparisonAnyFalseOp@C30SWProgramML@D3DXShader@@MAAJXZ	0x28	0x82C39428
d3dx9	C30SWProgram.cpp	?EmitFRCFunction@C30SWProgramML@D3DXShader@@UAAJPBD000@Z	0x144	0x82C39450
d3dx9	C30SWProgram.cpp	?GenerateCode@C30SWProgram@D3DXShader@@UAAJPAPAUID3DXBuffer@@@Z	0x278	0x82C39598
d3dx9	C30SWProgram.cpp	?EmitEndGenericLoop@C30SWProgram@D3DXShader@@MAAJXZ	0x58	0x82C39810
d3dx9	C30SWProgram.cpp	?EmitBeginShaderLoop@C30SWProgram@D3DXShader@@MAAJXZ	0xA0	0x82C39868
d3dx9	C30SWProgram.cpp	?EmitBeginStreamLoop@C30SWProgram@D3DXShader@@MAAJXZ	0x88	0x82C39908
d3dx9	C30SWProgram.cpp	?EmitBeginFetchLoop@C30SWProgram@D3DXShader@@MAAJIPAPAVCArgument@2@@Z	0x260	0x82C39990
d3dx9	C30SWProgram.cpp	?EmitInvalidateLoop@C30SWProgram@D3DXShader@@MAAJXZ	0x1DC	0x82C39BF0
d3dx9	C30SWProgram.cpp	?EmitDEFi@C30SWProgram@D3DXShader@@MAAJIPAI@Z	0xB0	0x82C39DD0
d3dx9	C30SWProgram.cpp	?EmitStreamElement@C30SWProgram@D3DXShader@@MAAJPAVCArgument@2@PAKH@Z	0x6E0	0x82C39E80
d3dx9	C30SWProgram.cpp	?GetFormatVarFromSrcReg@C30SWProgram@D3DXShader@@IAAXKKPADIPBH@Z	0x120	0x82C3A560
d3dx9	C30SWProgram.cpp	?EmitSrcModifiersSW@C30SWProgram@D3DXShader@@IAAJPBDIPAK11PADI2I2IPBH@Z	0xA88	0x82C3A680
d3dx9	C30SWProgram.cpp	?EmitComparisonBranch@C30SWProgram@D3DXShader@@MAAJPBDHH@Z	0x448	0x82C3B108
d3dx9	C30SWProgram.cpp	?EmitIF@C30SWProgram@D3DXShader@@MAAJXZ	0x3E8	0x82C3B550
d3dx9	C30SWProgram.cpp	?EmitANDIFBOOL@C30SWProgram@D3DXShader@@MAAJH@Z	0x148	0x82C3B938
d3dx9	C30SWProgram.cpp	?EmitGeneralLOOP@C30SWProgram@D3DXShader@@MAAJH@Z	0x290	0x82C3BA80
d3dx9	C30SWProgram.cpp	?EmitMOVSW@C30SWProgram@D3DXShader@@MAAJIIPAK@Z	0x424	0x82C3BD10
d3dx9	C30SWProgram.cpp	?EmitMOVASW@C30SWProgram@D3DXShader@@MAAJXZ	0x62C	0x82C3C138
d3dx9	C30SWProgram.cpp	?EmitInstComplexSW@C30SWProgram@D3DXShader@@IAAJP812@AAJPBD000@Z0PAII222IKKKHPBH@Z	0x45C	0x82C3C768
d3dx9	C30SWProgram.cpp	?EmitInstSimpleSW@C30SWProgram@D3DXShader@@IAAJP812@AAJPBD000@Z0HPBH@Z	0x12C	0x82C3CBC8
d3dx9	C30SWProgram.cpp	?EmitMATSW@C30SWProgram@D3DXShader@@IAAJPBD0@Z	0xEC	0x82C3CCF8
d3dx9	C30SWProgram.cpp	?EmitNEG@C30SWProgramCI@D3DXShader@@MAAJXZ	0x4C	0x82C3CDE8
d3dx9	C30SWProgram.cpp	?EmitRCP@C30SWProgramCI@D3DXShader@@MAAJXZ	0x4C	0x82C3CE38
d3dx9	C30SWProgram.cpp	merged_82C3CE88	0x4C	0x82C3CE88
d3dx9	C30SWProgram.cpp	?EmitEXP@C30SWProgramCI@D3DXShader@@MAAJXZ	0x48	0x82C3CED8
d3dx9	C30SWProgram.cpp	?EmitLOG@C30SWProgramCI@D3DXShader@@MAAJXZ	0x48	0x82C3CF20
d3dx9	C30SWProgram.cpp	?EmitPOW@C30SWProgramCI@D3DXShader@@MAAJXZ	0x48	0x82C3CF68
d3dx9	C30SWProgram.cpp	?EmitRSQ@C30SWProgramCI@D3DXShader@@MAAJXZ	0x4C	0x82C3CFB0
d3dx9	C30SWProgram.cpp	?EmitMIN@C30SWProgramCI@D3DXShader@@MAAJXZ	0x48	0x82C3D000
d3dx9	C30SWProgram.cpp	?EmitMAX@C30SWProgramCI@D3DXShader@@MAAJXZ	0x48	0x82C3D048
d3dx9	C30SWProgram.cpp	merged_82C3D090	0x4C	0x82C3D090
d3dx9	C30SWProgram.cpp	?EmitADD@C30SWProgramCI@D3DXShader@@MAAJXZ	0xA8	0x82C3D0E0
d3dx9	C30SWProgram.cpp	?EmitMUL@C30SWProgramCI@D3DXShader@@MAAJXZ	0x48	0x82C3D188
d3dx9	C30SWProgram.cpp	?EmitDOT3@C30SWProgramCI@D3DXShader@@MAAJXZ	0x48	0x82C3D1D0
d3dx9	C30SWProgram.cpp	?EmitDOT4@C30SWProgramCI@D3DXShader@@MAAJXZ	0x48	0x82C3D218
d3dx9	C30SWProgram.cpp	?EmitABS@C30SWProgramCI@D3DXShader@@MAAJXZ	0x4C	0x82C3D260
d3dx9	C30SWProgram.cpp	?EmitNRM@C30SWProgramCI@D3DXShader@@MAAJXZ	0x4C	0x82C3D2B0
d3dx9	C30SWProgram.cpp	?EmitMAD@C30SWProgramCI@D3DXShader@@MAAJXZ	0x48	0x82C3D300
d3dx9	C30SWProgram.cpp	merged_82C3D348	0x4C	0x82C3D348
d3dx9	C30SWProgram.cpp	merged_82C3D398	0x4C	0x82C3D398
d3dx9	C30SWProgram.cpp	?EmitNEG@C30SWProgramML@D3DXShader@@MAAJXZ	0x48	0x82C3D3E8
d3dx9	C30SWProgram.cpp	?EmitRCP@C30SWProgramML@D3DXShader@@MAAJXZ	0x48	0x82C3D430
d3dx9	C30SWProgram.cpp	?EmitEXP@C30SWProgramML@D3DXShader@@MAAJXZ	0x48	0x82C3D478
d3dx9	C30SWProgram.cpp	?EmitLOG@C30SWProgramML@D3DXShader@@MAAJXZ	0x48	0x82C3D4C0
d3dx9	C30SWProgram.cpp	?EmitPOW@C30SWProgramML@D3DXShader@@MAAJXZ	0x48	0x82C3D508
d3dx9	C30SWProgram.cpp	?EmitRSQ@C30SWProgramML@D3DXShader@@MAAJXZ	0x48	0x82C3D550
d3dx9	C30SWProgram.cpp	?EmitMIN@C30SWProgramML@D3DXShader@@MAAJXZ	0x48	0x82C3D598
d3dx9	C30SWProgram.cpp	?EmitMAX@C30SWProgramML@D3DXShader@@MAAJXZ	0x48	0x82C3D5E0
d3dx9	C30SWProgram.cpp	merged_82C3D628	0x4C	0x82C3D628
d3dx9	C30SWProgram.cpp	?EmitADD@C30SWProgramML@D3DXShader@@MAAJXZ	0xA8	0x82C3D678
d3dx9	C30SWProgram.cpp	?EmitMUL@C30SWProgramML@D3DXShader@@MAAJXZ	0x48	0x82C3D720
d3dx9	C30SWProgram.cpp	?EmitDOT3@C30SWProgramML@D3DXShader@@MAAJXZ	0x48	0x82C3D768
d3dx9	C30SWProgram.cpp	?EmitDOT4@C30SWProgramML@D3DXShader@@MAAJXZ	0x48	0x82C3D7B0
d3dx9	C30SWProgram.cpp	merged_82C3D7F8	0x4C	0x82C3D7F8
d3dx9	C30SWProgram.cpp	?EmitABS@C30SWProgramML@D3DXShader@@MAAJXZ	0x48	0x82C3D848
d3dx9	C30SWProgram.cpp	merged_82C3D890	0x4C	0x82C3D890
d3dx9	C30SWProgram.cpp	?EmitNRM@C30SWProgramML@D3DXShader@@MAAJXZ	0x48	0x82C3D8E0
d3dx9	C30SWProgram.cpp	?EmitMAD@C30SWProgramML@D3DXShader@@MAAJXZ	0x48	0x82C3D928
d3dx9	CShaderProgram.cpp	?ComparePool@D3DXShader@@YAHIIPBX@Z	0x4C	0x82C3D970
d3dx9	CShaderProgram.cpp	?CompareVariable@D3DXShader@@YAHIIPBX@Z	0x10C	0x82C3D9C0
d3dx9	CShaderProgram.cpp	?MakeSemantic@CShaderProgram@D3DXShader@@MAAKKK@Z	0x18	0x82C3DAD0
d3dx9	CShaderProgram.cpp	?SemanticType@CShaderProgram@D3DXShader@@MAAKK@Z	0xC	0x82C3DAE8
d3dx9	CShaderProgram.cpp	?SemanticIndex@CShaderProgram@D3DXShader@@MAAKK@Z	0x14	0x82C3DAF8
d3dx9	CShaderProgram.cpp	?ComputeSwizzle@CShaderProgram@D3DXShader@@IAAJPAVCInstruction@2@PAII11IH@Z	0x24C	0x82C3DB10
d3dx9	CShaderProgram.cpp	?MatchComplexTree@CShaderProgram@D3DXShader@@IAAJPAVCInstruction@2@PBUD3DX_MATCHENTRY@2@PAPAV32@PAI33IH@Z	0x614	0x82C3DD60
d3dx9	CShaderProgram.cpp	?SuppressAdditionalErrors@CShaderProgram@D3DXShader@@IAAJPAK@Z	0xA8	0x82C3E378
d3dx9	CShaderProgram.cpp	?ValidateArguments@CShaderProgram@D3DXShader@@MAAJXZ	0x200	0x82C3E420
d3dx9	CShaderProgram.cpp	?ColorParents@CShaderProgram@D3DXShader@@IAAJPAPAVCInstruction@2@PAV32@I@Z	0x80	0x82C3E620
d3dx9	CShaderProgram.cpp	?ColorParents2@CShaderProgram@D3DXShader@@IAAJPAPAVCInstruction@2@PAV32@I@Z	0x80	0x82C3E6A0
d3dx9	CShaderProgram.cpp	?ColorChildren2@CShaderProgram@D3DXShader@@IAAJPAPAVCInstruction@2@PAV32@I@Z	0x80	0x82C3E720
d3dx9	CShaderProgram.cpp	?FindPoolName@CShaderProgram@D3DXShader@@IAAJPBDPAPBDDI@Z	0x11C	0x82C3E7A0
d3dx9	CShaderProgram.cpp	?Reset@CShaderProgram@D3DXShader@@IAAJXZ	0x50	0x82C3E8C0
d3dx9	CShaderProgram.cpp	?PropCentroid@CShaderProgram@D3DXShader@@MAAJXZ	0x174	0x82C3E910
d3dx9	CShaderProgram.cpp	?MatchBREAK2@CShaderProgram@D3DXShader@@IAAJXZ	0x1D8	0x82C3EA88
d3dx9	CShaderProgram.cpp	?MatchENDWHILE@CShaderProgram@D3DXShader@@IAAJXZ	0x27C	0x82C3EC60
d3dx9	CShaderProgram.cpp	?MatchSINCOS@CShaderProgram@D3DXShader@@IAAJXZ	0x250	0x82C3EEE0
d3dx9	CShaderProgram.cpp	?ExchangeRow@D3DXShader@@YAXPAVCInstruction@1@I@Z	0x74	0x82C3F130
d3dx9	CShaderProgram.cpp	?SortInstruction@CShaderProgram@D3DXShader@@IAAJXZ	0xF0	0x82C3F1A8
d3dx9	CShaderProgram.cpp	?ResolveAddress@CShaderProgram@D3DXShader@@IAAJXZ	0x4C8	0x82C3F298
d3dx9	CShaderProgram.cpp	?MatchPOW@CShaderProgram@D3DXShader@@IAAJXZ	0x194	0x82C3F760
d3dx9	CShaderProgram.cpp	?RemapSamplerMove@CShaderProgram@D3DXShader@@IAAJXZ	0xAC	0x82C3F8F8
d3dx9	CShaderProgram.cpp	?MatchMinMax@CShaderProgram@D3DXShader@@IAAJPAPAVCInstruction@2@0PAI@Z	0x694	0x82C3F9A8
d3dx9	CShaderProgram.cpp	?MatchMinMax2@CShaderProgram@D3DXShader@@IAAJPAPAVCInstruction@2@0PAI@Z	0x3E0	0x82C40040
d3dx9	CShaderProgram.cpp	?CompressOrigin@CShaderProgram@D3DXShader@@IAAJXZ	0xA0	0x82C40420
d3dx9	CShaderProgram.cpp	?MatchRepMov@CShaderProgram@D3DXShader@@IAAJXZ	0x404	0x82C404C0
d3dx9	CShaderProgram.cpp	?MatchIF2@CShaderProgram@D3DXShader@@IAAJXZ	0x424	0x82C408C8
d3dx9	CShaderProgram.cpp	?MatchIF@CShaderProgram@D3DXShader@@IAAJXZ	0x27C	0x82C40CF0
d3dx9	CShaderProgram.cpp	?MatchNEZero@CShaderProgram@D3DXShader@@IAAJXZ	0x12C	0x82C40F70
d3dx9	CShaderProgram.cpp	?MatchNEEQ@CShaderProgram@D3DXShader@@IAAJXZ	0x19C	0x82C410A0
d3dx9	CShaderProgram.cpp	?MatchNEEQ2@CShaderProgram@D3DXShader@@IAAJXZ	0x19C	0x82C41240
d3dx9	CShaderProgram.cpp	?MatchIFCOND@CShaderProgram@D3DXShader@@IAAJXZ	0x290	0x82C413E0
d3dx9	CShaderProgram.cpp	?MatchBREAK@CShaderProgram@D3DXShader@@IAAJXZ	0x4B4	0x82C41670
d3dx9	CShaderProgram.cpp	?FoldIterator@CShaderProgram@D3DXShader@@IAAJXZ	0x660	0x82C41B28
d3dx9	CShaderProgram.cpp	?FoldBreak@CShaderProgram@D3DXShader@@IAAJXZ	0xA04	0x82C42188
d3dx9	CShaderProgram.cpp	?MatchBREAK_NEEQ@CShaderProgram@D3DXShader@@IAAJXZ	0x19C	0x82C42B90
d3dx9	CShaderProgram.cpp	?MatchBREAK_NEEQ2@CShaderProgram@D3DXShader@@IAAJXZ	0x19C	0x82C42D30
d3dx9	CShaderProgram.cpp	?MatchBREAK_COND@CShaderProgram@D3DXShader@@IAAJXZ	0x290	0x82C42ED0
d3dx9	CShaderProgram.cpp	?MatchRepeatedNRM@CShaderProgram@D3DXShader@@IAAJXZ	0x1A0	0x82C43160
d3dx9	CShaderProgram.cpp	?MatchNRM@CShaderProgram@D3DXShader@@IAAJXZ	0x2E8	0x82C43300
d3dx9	CShaderProgram.cpp	?MatchDP2Add@CShaderProgram@D3DXShader@@IAAJXZ	0x334	0x82C435E8
d3dx9	CShaderProgram.cpp	?ConvertDP2@CShaderProgram@D3DXShader@@IAAJXZ	0x170	0x82C43920
d3dx9	CShaderProgram.cpp	?PlaceInstruction@CShaderProgram@D3DXShader@@IAAJPAVCInstruction@2@PAPAV32@I@Z	0x300	0x82C43A90
d3dx9	CShaderProgram.cpp	?MatchMAX@CShaderProgram@D3DXShader@@IAAJXZ	0x140	0x82C43D90
d3dx9	CShaderProgram.cpp	?MatchABS@CShaderProgram@D3DXShader@@IAAJXZ	0xE0	0x82C43ED0
d3dx9	CShaderProgram.cpp	?MatchABS2@CShaderProgram@D3DXShader@@IAAJXZ	0x138	0x82C43FB0
d3dx9	CShaderProgram.cpp	?FindComp@CShaderProgram@D3DXShader@@IAAJIPAPAVCInstruction@2@PAI@Z	0x178	0x82C440E8
d3dx9	CShaderProgram.cpp	?BuildLRP@CShaderProgram@D3DXShader@@IAAJPAI000PAVCInstruction@2@1I@Z	0x3F8	0x82C44260
d3dx9	CShaderProgram.cpp	?MatchLRP2@CShaderProgram@D3DXShader@@IAAJH@Z	0x4A0	0x82C44658
d3dx9	CShaderProgram.cpp	?Scan@CShaderProgram@D3DXShader@@IAAJPAIPAHIH@Z	0x280	0x82C44AF8
d3dx9	CShaderProgram.cpp	?RFC_Convert@CShaderProgram@D3DXShader@@AAAJPBDKPAVCArgument@2@PAI@Z	0x364	0x82C44D78
d3dx9	CShaderProgram.cpp	?Reschedule_Exchange@CShaderProgram@D3DXShader@@AAAJII@Z	0x7C	0x82C450E0
d3dx9	CShaderProgram.cpp	?IsIf@D3DXShader@@YAHI@Z	0x48	0x82C45160
d3dx9	CShaderProgram.cpp	?IsBreak@D3DXShader@@YAHI@Z	0x48	0x82C451A8
d3dx9	CShaderProgram.cpp	?NewAndIf@CShaderProgram@D3DXShader@@IAAPAVCInstruction@2@PAV32@H@Z	0x494	0x82C451F0
d3dx9	CShaderProgram.cpp	?CompactEndIfs@CShaderProgram@D3DXShader@@IAAJXZ	0x1CC	0x82C45688
d3dx9	CShaderProgram.cpp	?GroupIfs@CShaderProgram@D3DXShader@@IAAJIIPAI000IHHII@Z	0xCAC	0x82C45858
d3dx9	CShaderProgram.cpp	?FindMatch@CShaderProgram@D3DXShader@@IAAPAVCInstruction@2@KPAV32@PAIII@Z	0x2D8	0x82C46508
d3dx9	CShaderProgram.cpp	?FindMatchUp@CShaderProgram@D3DXShader@@IAAJKPAVCInstruction@2@PAPAV32@I@Z	0x278	0x82C467E0
d3dx9	CShaderProgram.cpp	?BuildInstruction@CShaderProgram@D3DXShader@@IAAJPAIII@Z	0x1D4	0x82C46A58
d3dx9	CShaderProgram.cpp	?NegateReg@D3DXShader@@YAKK@Z	0xD8	0x82C46C30
d3dx9	CShaderProgram.cpp	?TypeSize@D3DXShader@@YAIPAVCNode@1@@Z	0xB8	0x82C46D08
d3dx9	CShaderProgram.cpp	?DestRegister@CShaderProgram@D3DXShader@@MAAJPAVCArgument@2@PAK1PAH@Z	0x1CC	0x82C46DC0
d3dx9	CShaderProgram.cpp	?DestMask@CShaderProgram@D3DXShader@@MAAJPAIIPAKH@Z	0x1D4	0x82C46F90
d3dx9	CShaderProgram.cpp	?FindInput@CShaderProgram@D3DXShader@@MAAJPAVCArgument@2@AAK1@Z	0x60	0x82C47168
d3dx9	CShaderProgram.cpp	?SrcRegister@CShaderProgram@D3DXShader@@MAAJPAVCArgument@2@PAK1@Z	0x3D8	0x82C471C8
d3dx9	CShaderProgram.cpp	?FindObjectDims@CShaderProgram@D3DXShader@@MAAJXZ	0x1EC	0x82C475A0
d3dx9	CShaderProgram.cpp	?SrcSwizzle@CShaderProgram@D3DXShader@@MAAJPAIIKPAK@Z	0x1B0	0x82C47790
d3dx9	CShaderProgram.cpp	?PredRegister@CShaderProgram@D3DXShader@@MAAJPAVCArgument@2@PAK@Z	0x9C	0x82C47940
d3dx9	CShaderProgram.cpp	?ValidateInst@CShaderProgram@D3DXShader@@IAAJXZ	0xC0	0x82C479E0
d3dx9	CShaderProgram.cpp	?CalcNumExtraSymbolTableEntries@CShaderProgram@D3DXShader@@MAAIXZ	0x2C	0x82C47AA0
d3dx9	CShaderProgram.cpp	?AddUserOffsetInfo@CShaderProgram@D3DXShader@@MAAJPAVCNodeVariable@2@PAU_D3DXSHADER_CONSTANTINFO@@@Z	0x1EC	0x82C47AD0
d3dx9	CShaderProgram.cpp	?FindSemantic@CShaderProgram@D3DXShader@@IAAPAUD3DX_SEMANTIC@2@PAU32@K@Z	0x24	0x82C47CC0
d3dx9	CShaderProgram.cpp	??0CShaderProgram@D3DXShader@@QAA@H@Z	0xEC	0x82C47CE8
d3dx9	CShaderProgram.cpp	??1CShaderProgram@D3DXShader@@UAA@XZ	0xD0	0x82C47DD8
d3dx9	CShaderProgram.cpp	?CombineConstants@CShaderProgram@D3DXShader@@IAAJIIKKD@Z	0xB1C	0x82C47EA8
d3dx9	CShaderProgram.cpp	?ConstrainPorts@CShaderProgram@D3DXShader@@IAAJXZ	0x6F4	0x82C489C8
d3dx9	CShaderProgram.cpp	?PortConstraints@CShaderProgram@D3DXShader@@IAAJXZ	0x36C	0x82C490C0
d3dx9	CShaderProgram.cpp	?MatchSatModifier@CShaderProgram@D3DXShader@@IAAJXZ	0xE18	0x82C49430
d3dx9	CShaderProgram.cpp	?MatchComplexMad@CShaderProgram@D3DXShader@@IAAJH@Z	0x5AC	0x82C4A248
d3dx9	CShaderProgram.cpp	?ValidModifier@CShaderProgram@D3DXShader@@IAAJI@Z	0xAC	0x82C4A7F8
d3dx9	CShaderProgram.cpp	?MatchLRP@CShaderProgram@D3DXShader@@IAAJXZ	0x224	0x82C4A8A8
d3dx9	CShaderProgram.cpp	?Reschedule_FindCoissue@CShaderProgram@D3DXShader@@AAAJPAU_D3DXCP_DATA@2@PAPAVCInstruction@2@1IHH@Z	0x270	0x82C4AAD0
d3dx9	CShaderProgram.cpp	?Reschedule_FindPair@CShaderProgram@D3DXShader@@AAAJPAU_D3DXCP_DATA@2@0PAPAVCInstruction@2@1IH@Z	0x1CC	0x82C4AD40
d3dx9	CShaderProgram.cpp	?Reschedule@CShaderProgram@D3DXShader@@MAAJXZ	0x3F0	0x82C4AF10
d3dx9	CShaderProgram.cpp	?ResolveFlowControl@CShaderProgram@D3DXShader@@IAAJXZ	0x450	0x82C4B300
d3dx9	CShaderProgram.cpp	?EmitTypeInfo@D3DXShader@@YAJPAVCCommentBlock@1@PAVCNode@1@IKPAK@Z	0x318	0x82C4B750
d3dx9	CShaderProgram.cpp	?Assure@CShaderProgram@D3DXShader@@IAAJI@Z	0xA4	0x82C4BA68
d3dx9	CShaderProgram.cpp	?TempRegister@CShaderProgram@D3DXShader@@MAAJIPAII0I@Z	0x344	0x82C4BB10
d3dx9	CShaderProgram.cpp	?FindSemantic@CShaderProgram@D3DXShader@@IAAPAUD3DX_SEMANTIC@2@K@Z	0x74	0x82C4BE58
d3dx9	CShaderProgram.cpp	merged_82C4BED0	0x50	0x82C4BED0
d3dx9	CShaderProgram.cpp	?IndexSemanticFromTable@CShaderProgram@D3DXShader@@IAAJPAVCArgument@2@PAUD3DX_SEMANTIC@2@GPAH@Z	0x32C	0x82C4BF20
d3dx9	CShaderProgram.cpp	?MatchSourceModifier@CShaderProgram@D3DXShader@@IAAJIIPAIIPAVCInstruction@2@H@Z	0x68C	0x82C4C250
d3dx9	CShaderProgram.cpp	?MatchNEG@CShaderProgram@D3DXShader@@IAAJH@Z	0x60	0x82C4C8E0
d3dx9	CShaderProgram.cpp	?MatchABSModifier@CShaderProgram@D3DXShader@@IAAJXZ	0xC8	0x82C4C940
d3dx9	CShaderProgram.cpp	?MatchBiasModifier@CShaderProgram@D3DXShader@@IAAJXZ	0x3B0	0x82C4CA08
d3dx9	CShaderProgram.cpp	?MatchX2Modifier@CShaderProgram@D3DXShader@@IAAJXZ	0x19C	0x82C4CDB8
d3dx9	CShaderProgram.cpp	?MatchCompModifier@CShaderProgram@D3DXShader@@IAAJPAVCInstruction@2@@Z	0x1E4	0x82C4CF58
d3dx9	CShaderProgram.cpp	?MatchComplexComp@CShaderProgram@D3DXShader@@IAAJXZ	0xDC	0x82C4D140
d3dx9	CShaderProgram.cpp	?MatchComplexBX2@CShaderProgram@D3DXShader@@IAAJXZ	0x228	0x82C4D220
d3dx9	CShaderProgram.cpp	?Emit@CShaderProgram@D3DXShader@@IAAJK@Z	0x64	0x82C4D448
d3dx9	CShaderProgram.cpp	?EmitPreShader@CShaderProgram@D3DXShader@@IAAJXZ	0x190	0x82C4D4B0
d3dx9	CShaderProgram.cpp	?EmitSymbolTable@CShaderProgram@D3DXShader@@IAAJXZ	0xC70	0x82C4D640
d3dx9	CShaderProgram.cpp	?EmitDebugInfo@CShaderProgram@D3DXShader@@IAAJXZ	0x81C	0x82C4E2B0
d3dx9	CShaderProgram.cpp	?AddExtraSymbolTableEntries@CShaderProgram@D3DXShader@@MAAJPAVCCommentBlock@2@PAU_D3DXSHADER_CONSTANTINFO@@I@Z	0x230	0x82C4EAD0
d3dx9	CShaderProgram.cpp	?GenerateCode@CShaderProgram@D3DXShader@@UAAJPAPAUID3DXBuffer@@@Z	0x11B0	0x82C4ED00
d3dx9	CShaderProgram.cpp	?IndexSemantic@CShaderProgram@D3DXShader@@UAAJPAVCArgument@2@H@Z	0x314	0x82C4FEB0
d3dx9	CShaderProgram.cpp	?EmitInst@CShaderProgram@D3DXShader@@IAAJK@Z	0x11C	0x82C501C8
d3dx9	CShaderProgram.cpp	?EmitReg@CShaderProgram@D3DXShader@@IAAJK@Z	0x28	0x82C502E8
d3dx9	CShaderProgram.cpp	?EmitDest@CShaderProgram@D3DXShader@@MAAJKKK@Z	0x8C	0x82C50310
d3dx9	CShaderProgram.cpp	?EmitSrc@CShaderProgram@D3DXShader@@MAAJKKK@Z	0x94	0x82C503A0
d3dx9	CShaderProgram.cpp	?EmitInstComplex@CShaderProgram@D3DXShader@@IAAJKPAII000IKKKH@Z	0x390	0x82C50438
d3dx9	CShaderProgram.cpp	?EmitDEF@CShaderProgram@D3DXShader@@MAAJIPAM@Z	0x1A0	0x82C507C8
d3dx9	CShaderProgram.cpp	?EmitDEFi@CShaderProgram@D3DXShader@@MAAJIPAI@Z	0x16C	0x82C50968
d3dx9	CShaderProgram.cpp	?EmitENDLOOP@CShaderProgram@D3DXShader@@MAAJXZ	0x68	0x82C50AD8
d3dx9	CShaderProgram.cpp	?EmitENDLOOP_INC@CShaderProgram@D3DXShader@@MAAJXZ	0x68	0x82C50B40
d3dx9	CShaderProgram.cpp	?EmitBREAK@CShaderProgram@D3DXShader@@MAAJXZ	0x20C	0x82C50BA8
d3dx9	CShaderProgram.cpp	?EmitTEX@CShaderProgram@D3DXShader@@MAAJXZ	0x80	0x82C50DB8
d3dx9	CShaderProgram.cpp	?EmitTEXDD@CShaderProgram@D3DXShader@@MAAJXZ	0x3C0	0x82C50E38
d3dx9	CShaderProgram.cpp	?EmitTEXProj@CShaderProgram@D3DXShader@@MAAJXZ	0x84	0x82C511F8
d3dx9	CShaderProgram.cpp	?EmitTEXBias@CShaderProgram@D3DXShader@@MAAJXZ	0x84	0x82C51280
d3dx9	CShaderProgram.cpp	?EmitTEXLOD@CShaderProgram@D3DXShader@@MAAJXZ	0x80	0x82C51308
d3dx9	CShaderProgram.cpp	?EmitDP2ADD@CShaderProgram@D3DXShader@@MAAJXZ	0x6C	0x82C51388
d3dx9	CShaderProgram.cpp	?EmitCLIP@CShaderProgram@D3DXShader@@MAAJXZ	0x220	0x82C513F8
d3dx9	CShaderProgram.cpp	?EmitSINCOS@CShaderProgram@D3DXShader@@MAAJXZ	0xF0	0x82C51618
d3dx9	CShaderProgram.cpp	?EmitIF@CShaderProgram@D3DXShader@@MAAJXZ	0x32C	0x82C51708
d3dx9	CShaderProgram.cpp	?EmitENDIF@CShaderProgram@D3DXShader@@MAAJXZ	0x2B0	0x82C51A38
d3dx9	CShaderProgram.cpp	?EmitANDIF@CShaderProgram@D3DXShader@@MAAJXZ	0x1FC	0x82C51CE8
d3dx9	CShaderProgram.cpp	?EmitANDIFBOOL@CShaderProgram@D3DXShader@@MAAJH@Z	0xEC	0x82C51EE8
d3dx9	CShaderProgram.cpp	?EmitANDELSE@CShaderProgram@D3DXShader@@MAAJXZ	0x68	0x82C51FD8
d3dx9	CShaderProgram.cpp	?EmitANDENDIF@CShaderProgram@D3DXShader@@MAAJXZ	0x68	0x82C52040
d3dx9	CShaderProgram.cpp	?EmitNEG@CShaderProgram@D3DXShader@@MAAJXZ	0x1B8	0x82C520A8
d3dx9	CShaderProgram.cpp	?EmitPOW@CShaderProgram@D3DXShader@@MAAJXZ	0x98	0x82C52260
d3dx9	CShaderProgram.cpp	?EmitLRP@CShaderProgram@D3DXShader@@MAAJXZ	0x1C4	0x82C522F8
d3dx9	CShaderProgram.cpp	?EmitNRM@CShaderProgram@D3DXShader@@MAAJXZ	0x110	0x82C524C0
d3dx9	CShaderProgram.cpp	?EmitMAD@CShaderProgram@D3DXShader@@MAAJXZ	0x1FC	0x82C525D0
d3dx9	CShaderProgram.cpp	?EmitMAT@CShaderProgram@D3DXShader@@MAAJXZ	0x2A0	0x82C527D0
d3dx9	CShaderProgram.cpp	?EmitInstSimple@CShaderProgram@D3DXShader@@IAAJKH@Z	0x11C	0x82C52A70
d3dx9	CShaderProgram.cpp	?EmitInstScalar@CShaderProgram@D3DXShader@@IAAJKPAI0IIKH@Z	0x310	0x82C52B90
d3dx9	CShaderProgram.cpp	?EmitLOOP@CShaderProgram@D3DXShader@@MAAJXZ	0xCC	0x82C52EA0
d3dx9	CShaderProgram.cpp	?EmitLOOP_INC@CShaderProgram@D3DXShader@@MAAJXZ	0x100	0x82C52F70
d3dx9	CShaderProgram.cpp	?EmitMOV@CShaderProgram@D3DXShader@@MAAJXZ	0x1DC	0x82C53070
d3dx9	CShaderProgram.cpp	?EmitDSX@CShaderProgram@D3DXShader@@MAAJXZ	0xC	0x82C53250
d3dx9	CShaderProgram.cpp	?EmitDSY@CShaderProgram@D3DXShader@@MAAJXZ	0xC	0x82C53260
d3dx9	CShaderProgram.cpp	?EmitRCP@CShaderProgram@D3DXShader@@MAAJXZ	0x24	0x82C53270
d3dx9	CShaderProgram.cpp	?EmitFRC@CShaderProgram@D3DXShader@@MAAJXZ	0xC	0x82C53298
d3dx9	CShaderProgram.cpp	?EmitEXP@CShaderProgram@D3DXShader@@MAAJXZ	0x24	0x82C532A8
d3dx9	CShaderProgram.cpp	?EmitLOG@CShaderProgram@D3DXShader@@MAAJXZ	0x24	0x82C532D0
d3dx9	CShaderProgram.cpp	?EmitRSQ@CShaderProgram@D3DXShader@@MAAJXZ	0x24	0x82C532F8
d3dx9	CShaderProgram.cpp	?EmitMIN@CShaderProgram@D3DXShader@@MAAJXZ	0xC	0x82C53320
d3dx9	CShaderProgram.cpp	?EmitMAX@CShaderProgram@D3DXShader@@MAAJXZ	0xC	0x82C53330
d3dx9	CShaderProgram.cpp	?EmitLT@CShaderProgram@D3DXShader@@MAAJXZ	0xC	0x82C53340
d3dx9	CShaderProgram.cpp	?EmitGE@CShaderProgram@D3DXShader@@MAAJXZ	0xC	0x82C53350
d3dx9	CShaderProgram.cpp	?EmitADD@CShaderProgram@D3DXShader@@MAAJXZ	0xC	0x82C53360
d3dx9	CShaderProgram.cpp	?EmitMUL@CShaderProgram@D3DXShader@@MAAJXZ	0xC	0x82C53370
d3dx9	CShaderProgram.cpp	?EmitDST@CShaderProgram@D3DXShader@@MAAJXZ	0xC	0x82C53380
d3dx9	CShaderProgram.cpp	?EmitDOT@CShaderProgram@D3DXShader@@MAAJXZ	0x12C	0x82C53390
d3dx9	CShaderProgram.cpp	?EmitLIT@CShaderProgram@D3DXShader@@MAAJXZ	0xC	0x82C534C0
d3dx9	CShaderProgram.cpp	?EmitCMP@CShaderProgram@D3DXShader@@MAAJXZ	0xC	0x82C534D0
d3dx9	CShaderProgram.cpp	?EmitCND@CShaderProgram@D3DXShader@@MAAJXZ	0xC	0x82C534E0
d3dx9	CShaderProgram.cpp	?EmitABS@CShaderProgram@D3DXShader@@MAAJXZ	0xC	0x82C534F0
d3dx9	C30Program.cpp	??0C30Program@D3DXShader@@QAA@HH@Z	0x74	0x82C53500
d3dx9	C30Program.cpp	??1C30Program@D3DXShader@@UAA@XZ	0x10	0x82C53578
d3dx9	C30Program.cpp	?InitCaps@C30Program@D3DXShader@@MAAJXZ	0x20C	0x82C53588
d3dx9	C30Program.cpp	?ValidateOutput@C30Program@D3DXShader@@MAAJXZ	0x3B4	0x82C53798
d3dx9	C30Program.cpp	?FindOutput@C30Program@D3DXShader@@MAAJPAVCArgument@2@AAK1PAH@Z	0x164	0x82C53B50
d3dx9	C30Program.cpp	?FindInput@C30Program@D3DXShader@@MAAJPAVCArgument@2@AAK1@Z	0xA8	0x82C53CB8
d3dx9	C30Program.cpp	?GenerateCode@C30Program@D3DXShader@@UAAJPAPAUID3DXBuffer@@@Z	0x4	0x82C53D60
d3dx9	C30Program.cpp	?ProcessVFaceVPos@C30Program@D3DXShader@@IAAJXZ	0x190	0x82C53D68
d3dx9	C30Program.cpp	?PatternMatch@C30Program@D3DXShader@@MAAJXZ	0x278	0x82C53EF8
d3dx9	C30Program.cpp	merged_82C54170	0x58	0x82C54170
d3dx9	C30Program.cpp	merged_82C541C8	0x5C	0x82C541C8
d3dx9	C30Program.cpp	?ValidateArguments@C30Program@D3DXShader@@MAAJXZ	0x3C	0x82C54228
d3dx9	C30Program.cpp	?MatchVFace@C30Program@D3DXShader@@IAAJXZ	0x30C	0x82C54268
d3dx9	C30Program.cpp	?Translate@C30Program@D3DXShader@@MAAJXZ	0xA0C	0x82C54578
d3dx9	C30Program.cpp	?EmitInstructions@C30Program@D3DXShader@@MAAJXZ	0x800	0x82C54F88
d3dx9	C30Program.cpp	?EmitDCL@C30Program@D3DXShader@@MAAJPAVCArgument@2@PAK@Z	0x55C	0x82C55788
d3dx9	C30Program.cpp	?GetArgumentName@C30Program@D3DXShader@@MAAXPAVCArgument@2@PADI@Z	0xE8	0x82C55CE8
d3dx9	CInstruction.cpp	??0CInstruction@D3DXShader@@QAA@XZ	0x4C	0x82C55DD0
d3dx9	CInstruction.cpp	?Instance@CInstruction@D3DXShader@@QAAJPAV12@@Z	0x28	0x82C55E20
d3dx9	CInstruction.cpp	?GetInputs@CInstruction@D3DXShader@@QAAIIPAPAI@Z	0x54	0x82C55E48
d3dx9	CInstruction.cpp	?IsSpecial@CInstruction@D3DXShader@@QAAHXZ	0x48	0x82C55EA0
d3dx9	CInstruction.cpp	?IsScalar@CInstruction@D3DXShader@@QAAHXZ	0x44	0x82C55EE8
d3dx9	CInstruction.cpp	?IsSymetric@CInstruction@D3DXShader@@QAAHXZ	0x50	0x82C55F30
d3dx9	CInstruction.cpp	?IsCopy@CInstruction@D3DXShader@@QAAHXZ	0x5C	0x82C55F80
d3dx9	CInstruction.cpp	?IsMacro@CInstruction@D3DXShader@@QAAHXZ	0x8C	0x82C55FE0
d3dx9	CInstruction.cpp	?IsLoop@CInstruction@D3DXShader@@QAAHXZ	0xD4	0x82C56070
d3dx9	CInstruction.cpp	?IsElse@CInstruction@D3DXShader@@QAAHXZ	0x5C	0x82C56148
d3dx9	CInstruction.cpp	?IsEndIf@CInstruction@D3DXShader@@QAAHXZ	0x2C	0x82C561A8
d3dx9	CInstruction.cpp	?IsFlowControl@CInstruction@D3DXShader@@QAAHXZ	0x1B8	0x82C561D8
d3dx9	CInstruction.cpp	?IsGradient@CInstruction@D3DXShader@@QAAHXZ	0xBC	0x82C56390
d3dx9	CInstruction.cpp	?SetAlloc@CInstruction@D3DXShader@@SAXPAVCAlloc@D3DXCore@@@Z	0x38	0x82C56450
d3dx9	CInstruction.cpp	?Alloc@CInstruction@D3DXShader@@SAPAIK@Z	0x3C	0x82C56488
d3dx9	CInstruction.cpp	??2CInstruction@D3DXShader@@SAPAXI@Z	0x58	0x82C564C8
d3dx9	CInstruction.cpp	??3CInstruction@D3DXShader@@SAXPAX@Z	0x40	0x82C56520
d3dx9	CInstruction.cpp	?Initialize@CInstruction@D3DXShader@@QAAJKIIH@Z	0x31C	0x82C56560
d3dx9	CInstruction.cpp	?Initialize@CInstruction@D3DXShader@@QAAJPAV12@@Z	0x11C	0x82C56880
d3dx9	CInstruction.cpp	?GetOutputs@CInstruction@D3DXShader@@QAAIIPAPAI@Z	0xB0	0x82C569A0
d3dx9	CArgument.cpp	?Initialize@CArgument@D3DXShader@@QAAJIIIN@Z	0x84	0x82C56A50
d3dx9	CArgument.cpp	?Initialize@CArgument@D3DXShader@@QAAJPAV12@@Z	0xF8	0x82C56AD8
d3dx9	CArgument.cpp	?Instance@CArgument@D3DXShader@@QAAJPAV12@@Z	0x50	0x82C56BD0
d3dx9	CArgument.cpp	?SetAlloc@CArgument@D3DXShader@@SAXPAVCAlloc@D3DXCore@@@Z	0x38	0x82C56C20
d3dx9	CArgument.cpp	??2CArgument@D3DXShader@@SAPAXI@Z	0x58	0x82C56C58
d3dx9	CArgument.cpp	??3CArgument@D3DXShader@@SAXPAX@Z	0x40	0x82C56CB0
d3dx9	CBaseProgram.cpp	??0CBaseProgram@D3DXShader@@QAA@XZ	0x38	0x82C56CF0
d3dx9	CBaseProgram.cpp	?GetArgumentType@CBaseProgram@D3DXShader@@IAAPBDPAVCArgument@2@@Z	0x30	0x82C56D28
d3dx9	CBaseProgram.cpp	?AddPool@CBaseProgram@D3DXShader@@QAAIPAVCPool@2@@Z	0xD4	0x82C56D58
d3dx9	CBaseProgram.cpp	?AddArgument@CBaseProgram@D3DXShader@@QAAIPAVCArgument@2@@Z	0x1B4	0x82C56E30
d3dx9	CBaseProgram.cpp	?AddInstruction@CBaseProgram@D3DXShader@@QAAIPAVCInstruction@2@@Z	0xD0	0x82C56FE8
d3dx9	CBaseProgram.cpp	?AddPool@CBaseProgram@D3DXShader@@QAAIPBDKII@Z	0xA0	0x82C570B8
d3dx9	CBaseProgram.cpp	?AddArgument@CBaseProgram@D3DXShader@@QAAIIIIN@Z	0xA0	0x82C57158
d3dx9	CBaseProgram.cpp	?AddInstruction@CBaseProgram@D3DXShader@@QAAIKII@Z	0x94	0x82C571F8
d3dx9	CBaseProgram.cpp	?CopyPool@CBaseProgram@D3DXShader@@QAAIPAVCPool@2@@Z	0x88	0x82C57290
d3dx9	CBaseProgram.cpp	?CopyArgument@CBaseProgram@D3DXShader@@QAAIPAVCArgument@2@@Z	0x80	0x82C57318
d3dx9	CBaseProgram.cpp	?CopyInstruction@CBaseProgram@D3DXShader@@QAAIPAVCInstruction@2@@Z	0x80	0x82C57398
d3dx9	CBaseProgram.cpp	??1CBaseProgram@D3DXShader@@UAA@XZ	0x148	0x82C57418
d3dx9	CBaseProgram.cpp	?Initialize@CBaseProgram@D3DXShader@@QAAJPAV12@@Z	0x17C	0x82C57560
d3dx9	CBaseProgram.cpp	?CreateArgumentErrorString@CBaseProgram@D3DXShader@@IAAJPAVCArgument@2@PADH@Z	0xB0	0x82C576E0
d3dx9	CBaseProgram.cpp	??_GCBaseProgram@D3DXShader@@UAAPAXI@Z	0x50	0x82C57790
d3dx9	CProgram.cpp	?CompareValue@D3DXShader@@YAHIIPBX@Z	0x84	0x82C577E0
d3dx9	CProgram.cpp	?CompareRegister@D3DXShader@@YAHIIPBX@Z	0xD8	0x82C57868
d3dx9	CProgram.cpp	merged_82C57940	0x20	0x82C57940
d3dx9	CProgram.cpp	?CompareDependency@D3DXShader@@YAHIIPBX@Z	0x50	0x82C57960
d3dx9	CProgram.cpp	?ComparePredicate@D3DXShader@@YAHIIPBX@Z	0x32C	0x82C579B0
d3dx9	CProgram.cpp	?CompareReadIndex@D3DXShader@@YAHIIPBX@Z	0x38	0x82C57CE0
d3dx9	CProgram.cpp	?CompareReadStable@D3DXShader@@YAHIIPBX@Z	0x78	0x82C57D18
d3dx9	CProgram.cpp	?CompareHash@D3DXShader@@YAHIIPBX@Z	0x3C	0x82C57D90
d3dx9	CProgram.cpp	?HeapSort@D3DXShader@@YAXP6AHIIPBX@ZPAII0@Z	0x1B0	0x82C57DD0
d3dx9	CProgram.cpp	??0CProgram@D3DXShader@@QAA@H@Z	0xB8	0x82C57F80
d3dx9	CProgram.cpp	?InitCaps@CProgram@D3DXShader@@MAAJXZ	0x40	0x82C58038
d3dx9	CProgram.cpp	?MergeInstructions_Input@CProgram@D3DXShader@@AAAIPAVCInstruction@2@IIH@Z	0x8C	0x82C58078
d3dx9	CProgram.cpp	?IsVarying@CProgram@D3DXShader@@AAAHI@Z	0x5C	0x82C58108
d3dx9	CProgram.cpp	?MergePredicates@CProgram@D3DXShader@@AAAJPAIPAHIH@Z	0x15C	0x82C58168
d3dx9	CProgram.cpp	?MulSequence@CProgram@D3DXShader@@AAAHII@Z	0x17C	0x82C582C8
d3dx9	CProgram.cpp	?AddSequence@CProgram@D3DXShader@@AAAJIPAIPAN@Z	0x374	0x82C58448
d3dx9	CProgram.cpp	?RangeSequence@CProgram@D3DXShader@@AAAJIPAI0000@Z	0x78C	0x82C587C0
d3dx9	CProgram.cpp	?VectorizeLeft_IsSameRegister@CProgram@D3DXShader@@AAAHII@Z	0xA0	0x82C58F50
d3dx9	CProgram.cpp	?VectorizeLeft_DotProduct@CProgram@D3DXShader@@AAAJPAVCInstruction@2@@Z	0x604	0x82C58FF0
d3dx9	CProgram.cpp	?PropagateSwizzles_Unswizzle@CProgram@D3DXShader@@AAAJIPAII0@Z	0x420	0x82C595F8
d3dx9	CProgram.cpp	?SeparatePhases_Phases@CProgram@D3DXShader@@AAAIXZ	0x114	0x82C59A18
d3dx9	CProgram.cpp	?SeparatePhases_MoveTex@CProgram@D3DXShader@@AAAHI@Z	0x1A8	0x82C59B30
d3dx9	CProgram.cpp	?ReorderInstructions_MarkParents@CProgram@D3DXShader@@AAAXPAVCInstruction@2@PAII@Z	0x8C	0x82C59CD8
d3dx9	CProgram.cpp	?ReorderInstructions_ComputeDependency@CProgram@D3DXShader@@AAAXPAVCInstruction@2@PAIPAHI@Z	0xDC	0x82C59D68
d3dx9	CProgram.cpp	?ReorderInstructions@CProgram@D3DXShader@@AAAJIPAI0@Z	0x260	0x82C59E48
d3dx9	CProgram.cpp	?CompactLiterals_Negate@CProgram@D3DXShader@@AAAIIII@Z	0x8C	0x82C5A0A8
d3dx9	CProgram.cpp	?CompactLiterals_Allocate@CProgram@D3DXShader@@AAAIPAIIIIH@Z	0x11C	0x82C5A138
d3dx9	CProgram.cpp	?CompactLiterals_Remap@CProgram@D3DXShader@@AAAJPAI0I@Z	0x1B8	0x82C5A258
d3dx9	CProgram.cpp	?CompactLiterals@CProgram@D3DXShader@@AAAJPAI00@Z	0x514	0x82C5A410
d3dx9	CProgram.cpp	?CanVectorize_CanRead@CProgram@D3DXShader@@AAAHIPAVCInstruction@2@II@Z	0xA0	0x82C5A928
d3dx9	CProgram.cpp	?CanVectorize_IsSameRegister@CProgram@D3DXShader@@AAAHII@Z	0x68	0x82C5A9C8
d3dx9	CProgram.cpp	?CanVectorize_TraceMulAdd@CProgram@D3DXShader@@AAAIIPAN0@Z	0x1EC	0x82C5AA30
d3dx9	CProgram.cpp	?CombinePools@CProgram@D3DXShader@@AAAJIKK@Z	0x1D8	0x82C5AC20
d3dx9	CProgram.cpp	?MutuallyExclusive@CProgram@D3DXShader@@AAAHIHIH@Z	0xF0	0x82C5ADF8
d3dx9	CProgram.cpp	?CompactPool_Map@CProgram@D3DXShader@@AAAIPAU_D3DXCP_DATA@2@III@Z	0x13C	0x82C5AEE8
d3dx9	CProgram.cpp	?SwizzleParameter@CProgram@D3DXShader@@AAAJPAI0IH@Z	0x138	0x82C5B028
d3dx9	CProgram.cpp	?ReadWriteInfo_ReadInfo@CProgram@D3DXShader@@AAAXII@Z	0xA0	0x82C5B160
d3dx9	CProgram.cpp	?ReadWriteInfo_WriteInfo@CProgram@D3DXShader@@AAAXII@Z	0x7C	0x82C5B200
d3dx9	CProgram.cpp	?ReadWriteInfo_CommitOrigin@CProgram@D3DXShader@@AAAJXZ	0x144	0x82C5B280
d3dx9	CProgram.cpp	?ParentChildInfo_ParentInfo@CProgram@D3DXShader@@AAAXIIH@Z	0xE4	0x82C5B3C8
d3dx9	CProgram.cpp	?IdentityRemap@CProgram@D3DXShader@@IAAJXZ	0x3C	0x82C5B4B0
d3dx9	CProgram.cpp	?CompareDuplicateInstructions@D3DXShader@@YAHIIPBX@Z	0x224	0x82C5B4F0
d3dx9	CProgram.cpp	?InstructionIsSubset@D3DXShader@@YAHIIPBX@Z	0x240	0x82C5B718
d3dx9	CProgram.cpp	?CompareDuplicateInstructionsStable@D3DXShader@@YAHIIPBX@Z	0x84	0x82C5B958
d3dx9	CProgram.cpp	??1CProgram@D3DXShader@@UAA@XZ	0x68	0x82C5B9E0
d3dx9	CProgram.cpp	?SetName@CProgram@D3DXShader@@QAAJPBD@Z	0x90	0x82C5BA48
d3dx9	CProgram.cpp	?RemoveDeadCode_Reference@CProgram@D3DXShader@@AAAXII@Z	0xA4	0x82C5BAD8
d3dx9	CProgram.cpp	?CompactInstructions@CProgram@D3DXShader@@IAAJXZ	0xB4	0x82C5BB80
d3dx9	CProgram.cpp	?StripVarying@CProgram@D3DXShader@@AAAJXZ	0x2D8	0x82C5BC38
d3dx9	CProgram.cpp	?StripUniform@CProgram@D3DXShader@@AAAJXZ	0x200	0x82C5BF10
d3dx9	CProgram.cpp	?InputsAreVRegisters@CProgram@D3DXShader@@QAAHPAVCInstruction@2@@Z	0x180	0x82C5C110
d3dx9	CProgram.cpp	?MergePredicates@CProgram@D3DXShader@@AAAJPAVCArgument@2@0@Z	0x1B8	0x82C5C290
d3dx9	CProgram.cpp	?MergeArguments@CProgram@D3DXShader@@AAAJII@Z	0xA8	0x82C5C448
d3dx9	CProgram.cpp	?SimplifyBinary@CProgram@D3DXShader@@AAAJPAVCInstruction@2@III@Z	0x140C	0x82C5C4F0
d3dx9	CProgram.cpp	?SimplifyTernary@CProgram@D3DXShader@@AAAJPAVCInstruction@2@IIII@Z	0x790	0x82C5D900
d3dx9	CProgram.cpp	?SimplifyDotProduct@CProgram@D3DXShader@@AAAJPAVCInstruction@2@H@Z	0x76C	0x82C5E090
d3dx9	CProgram.cpp	?VectorizeLeft_IsConflicting@CProgram@D3DXShader@@AAAHPAVCInstruction@2@II@Z	0xC4	0x82C5E800
d3dx9	CProgram.cpp	?VectorizeLeft_PerComponent@CProgram@D3DXShader@@AAAJPAVCInstruction@2@@Z	0x560	0x82C5E8C8
d3dx9	CProgram.cpp	?VectorizeLeft_Special@CProgram@D3DXShader@@AAAJPAVCInstruction@2@@Z	0x220	0x82C5EE28
d3dx9	CProgram.cpp	?VectorizeLeft_UpdateLinks@CProgram@D3DXShader@@AAAJPAVCInstruction@2@@Z	0x16C	0x82C5F048
d3dx9	CProgram.cpp	?PropagateMovs@CProgram@D3DXShader@@IAAJXZ	0x25C	0x82C5F1B8
d3dx9	CProgram.cpp	?CompactPool_Score@CProgram@D3DXShader@@AAAIPAU_D3DXCP_DATA@2@IIHPAII@Z	0x39C	0x82C5F418
d3dx9	CProgram.cpp	?CompactPool_ReadCount@CProgram@D3DXShader@@AAAXPAU_D3DXCP_DATA@2@II@Z	0x1F4	0x82C5F7B8
d3dx9	CProgram.cpp	?CompactPool_End@CProgram@D3DXShader@@IAAJPAU_D3DXCP_DATA@2@@Z	0x108	0x82C5F9B0
d3dx9	CProgram.cpp	?ReadWriteInfo@CProgram@D3DXShader@@IAAJXZ	0x4C8	0x82C5FAB8
d3dx9	CProgram.cpp	?ParentChildInfo@CProgram@D3DXShader@@IAAJXZ	0x3C0	0x82C5FF80
d3dx9	CProgram.cpp	?RemapArguments@CProgram@D3DXShader@@IAAJXZ	0x19C	0x82C60340
d3dx9	CProgram.cpp	merged_82C604E0	0x44	0x82C604E0
d3dx9	CProgram.cpp	??_GCProgram@D3DXShader@@UAAPAXI@Z	0x50	0x82C60528
d3dx9	CProgram.cpp	?Initialize@CProgram@D3DXShader@@QAAJPAVCNode@2@PAVCTErrors@2@KK@Z	0x2FC	0x82C60578
d3dx9	CProgram.cpp	?Initialize@CProgram@D3DXShader@@QAAJPAV12@KK@Z	0x128	0x82C60878
d3dx9	CProgram.cpp	?DeadLinkRemove@CProgram@D3DXShader@@AAAJXZ	0x270	0x82C609A0
d3dx9	CProgram.cpp	?DelayOutputs@CProgram@D3DXShader@@IAAJXZ	0x378	0x82C60C10
d3dx9	CProgram.cpp	?RemoveDeadCode@CProgram@D3DXShader@@IAAJXZ	0x6FC	0x82C60F88
d3dx9	CProgram.cpp	?RemoveDuplicateArguments@CProgram@D3DXShader@@IAAJXZ	0x2A4	0x82C61688
d3dx9	CProgram.cpp	?SquishInstructions@CProgram@D3DXShader@@IAAJXZ	0x664	0x82C61930
d3dx9	CProgram.cpp	?RemoveDuplicateInstructions@CProgram@D3DXShader@@IAAJH@Z	0x520	0x82C61F98
d3dx9	CProgram.cpp	?MergeInstructions@CProgram@D3DXShader@@IAAJXZ	0x5F4	0x82C624B8
d3dx9	CProgram.cpp	?SimplifyPredicates@CProgram@D3DXShader@@IAAJXZ	0x948	0x82C62AB0
d3dx9	CProgram.cpp	?PropagatePredicates@CProgram@D3DXShader@@IAAJXZ	0x8D4	0x82C633F8
d3dx9	CProgram.cpp	?CompactOutputs@CProgram@D3DXShader@@IAAJXZ	0x400	0x82C63CD0
d3dx9	CProgram.cpp	?CompactArguments@CProgram@D3DXShader@@IAAJXZ	0x1E4	0x82C640D0
d3dx9	CProgram.cpp	?MarkVarying@CProgram@D3DXShader@@AAAJXZ	0x3EC	0x82C642B8
d3dx9	CProgram.cpp	?VectorizeLeft@CProgram@D3DXShader@@IAAJXZ	0x374	0x82C646A8
d3dx9	CProgram.cpp	?PropagateSwizzles@CProgram@D3DXShader@@IAAJXZ	0x1EC0	0x82C64A20
d3dx9	CProgram.cpp	?SplitRegisters@CProgram@D3DXShader@@IAAJH@Z	0x350	0x82C668E0
d3dx9	CProgram.cpp	?VectorizeLiterals@CProgram@D3DXShader@@IAAJXZ	0x864	0x82C66C30
d3dx9	CProgram.cpp	?ReorderInstructions@CProgram@D3DXShader@@IAAJXZ	0x4B0	0x82C67498
d3dx9	CProgram.cpp	?SwizzleRegisters@CProgram@D3DXShader@@IAAJXZ	0x2D0	0x82C67948
d3dx9	CProgram.cpp	?CompactPool_Begin@CProgram@D3DXShader@@IAAJPAU_D3DXCP_DATA@2@II@Z	0x950	0x82C67C18
d3dx9	CProgram.cpp	?GetArgumentName@CProgram@D3DXShader@@MAAXPAVCArgument@2@PADI@Z	0xE4	0x82C68568
d3dx9	CProgram.cpp	?Error@CProgram@D3DXShader@@IAAJPAVCNode@2@IPBDZZ	0xBC	0x82C68650
d3dx9	CProgram.cpp	?Warning@CProgram@D3DXShader@@IAAJPAVCNode@2@IPBDZZ	0xB4	0x82C68710
d3dx9	CProgram.cpp	?Validate@CProgram@D3DXShader@@IAAJXZ	0x52C	0x82C687C8
d3dx9	CProgram.cpp	?Split@CProgram@D3DXShader@@IAAJXZ	0x6C4	0x82C68CF8
d3dx9	CProgram.cpp	?Link@CProgram@D3DXShader@@IAAJXZ	0x8C	0x82C693C0
d3dx9	CProgram.cpp	?ReorderBinary@CProgram@D3DXShader@@IAAJXZ	0x1EB0	0x82C69450
d3dx9	CProgram.cpp	?SimplifyAddresses@CProgram@D3DXShader@@IAAJXZ	0x4C0	0x82C6B300
d3dx9	CProgram.cpp	?SimplifyUnary@CProgram@D3DXShader@@AAAJPAVCInstruction@2@II@Z	0x834	0x82C6B7C0
d3dx9	CProgram.cpp	?CanVectorize@CProgram@D3DXShader@@AAAHPAII00PAVCInstruction@2@II@Z	0x15B0	0x82C6BFF8
d3dx9	CProgram.cpp	?CompactPool_Read@CProgram@D3DXShader@@AAAJPAU_D3DXCP_DATA@2@IHII@Z	0x3F8	0x82C6D5A8
d3dx9	CProgram.cpp	?CompactPool_Write@CProgram@D3DXShader@@AAAJPAU_D3DXCP_DATA@2@I@Z	0x50	0x82C6D9A0
d3dx9	CProgram.cpp	?CompactPool_Process@CProgram@D3DXShader@@IAAJPAU_D3DXCP_DATA@2@H@Z	0x980	0x82C6D9F0
d3dx9	CProgram.cpp	?SimplifyInstructions@CProgram@D3DXShader@@IAAJXZ	0x1224	0x82C6E370
d3dx9	CProgram.cpp	?VectorizeRight@CProgram@D3DXShader@@IAAJXZ	0x8A8	0x82C6F598
d3dx9	CProgram.cpp	?CombineInstructions@CProgram@D3DXShader@@IAAJXZ	0x115C	0x82C6FE40
d3dx9	CProgram.cpp	?SeparatePhases@CProgram@D3DXShader@@IAAJXZ	0x2B4	0x82C70FA0
d3dx9	CProgram.cpp	?CompactRegisters@CProgram@D3DXShader@@IAAJXZ	0x48C	0x82C71258
d3dx9	CProgram.cpp	?Optimize@CProgram@D3DXShader@@IAAJXZ	0x42C	0x82C716E8
d3dx9	CProgram.cpp	?Vectorize@CProgram@D3DXShader@@IAAJXZ	0x230	0x82C71B18
d3dx9	CProgram.cpp	?GenerateCode@CProgram@D3DXShader@@UAAJPAPAUID3DXBuffer@@@Z	0x74	0x82C71D48
d3dx9	CParse.cpp	??0CParse@D3DXShader@@QAA@XZ	0x1C	0x82C71DC0
d3dx9	CParse.cpp	?AddDeclTree@CParse@D3DXShader@@IAAJPAVCNodeScope@2@PAVCNode@2@@Z	0x1D4	0x82C71DE0
d3dx9	CParse.cpp	?CanCastObject@D3DXShader@@YAHW4_D3DCOMPONENT_TYPE@1@0@Z	0x80	0x82C71FB8
d3dx9	CParse.cpp	?FindDecls@CParse@D3DXShader@@IAAPAVCNode@2@PAUD3DXTOKEN@2@PAVCNodeScope@2@@Z	0x70	0x82C72038
d3dx9	CParse.cpp	?IsCast@CParse@D3DXShader@@IAAHW4_D3DCOMPONENT_TYPE@2@0@Z	0x110	0x82C720A8
d3dx9	CParse.cpp	?AddCBuffer@CParse@D3DXShader@@IAAPAVCNode@2@PAV32@0@Z	0x60	0x82C721B8
d3dx9	CParse.cpp	?IsTypeEqual@CParse@D3DXShader@@IAAHPAVCNode@2@0@Z	0x144	0x82C72218
d3dx9	CParse.cpp	?GetComponentType@CParse@D3DXShader@@IAAJPAVCNode@2@0PAW4_D3DCOMPONENT_TYPE@2@@Z	0x250	0x82C72360
d3dx9	CParse.cpp	?EvalType@CParse@D3DXShader@@IAAIPAVCNode@2@PAU_D3DVALUE@2@@Z	0x19C	0x82C725B0
d3dx9	CParse.cpp	?CastToFloat@CParse@D3DXShader@@IAAJPANPAU_D3DVALUE@2@PAUD3DXTOKEN@2@@Z	0x80	0x82C72750
d3dx9	CParse.cpp	?IsPartiallyLiteral@CParse@D3DXShader@@IAAHPAVCNode@2@@Z	0xE0	0x82C727D0
d3dx9	CParse.cpp	?IsFullyLiteral@CParse@D3DXShader@@IAAHPAVCNode@2@H@Z	0x1DC	0x82C728B0
d3dx9	CParse.cpp	?AsmDecl@CParse@D3DXShader@@IAAPAVCNode@2@XZ	0x44	0x82C72A90
d3dx9	CParse.cpp	?ScoreFunctionDecl@CParse@D3DXShader@@IAAIPAVCNodeFunction@2@PAVCNode@2@1K@Z	0x17C	0x82C72AD8
d3dx9	CParse.cpp	?Attribute@CParse@D3DXShader@@IAAPAVCNode@2@PAV32@0@Z	0x9C	0x82C72C58
d3dx9	CParse.cpp	?Cast@CParse@D3DXShader@@IAAJPAU_D3DVALUE@2@0PAUD3DXTOKEN@2@@Z	0x1D8	0x82C72CF8
d3dx9	CParse.cpp	?CastToUint@CParse@D3DXShader@@IAAJPAIPAU_D3DVALUE@2@PAUD3DXTOKEN@2@@Z	0x7C	0x82C72ED0
d3dx9	CParse.cpp	?CastToValue@CParse@D3DXShader@@IAAJPAU_D3DVALUE@2@NPAUD3DXTOKEN@2@@Z	0x94	0x82C72F50
d3dx9	CParse.cpp	?Stmt@CParse@D3DXShader@@IAAPAVCNode@2@PAV32@@Z	0xC0	0x82C72FE8
d3dx9	CParse.cpp	?BreakStmt@CParse@D3DXShader@@IAAPAVCNode@2@XZ	0x104	0x82C730A8
d3dx9	CParse.cpp	?ContinueStmt@CParse@D3DXShader@@IAAPAVCNode@2@XZ	0x104	0x82C731B0
d3dx9	CParse.cpp	?StopStmt@CParse@D3DXShader@@IAAPAVCNode@2@XZ	0x104	0x82C732B8
d3dx9	CParse.cpp	?DiscardStmt@CParse@D3DXShader@@IAAPAVCNode@2@XZ	0xF8	0x82C733C0
d3dx9	CParse.cpp	?CaseStmt@CParse@D3DXShader@@IAAPAVCNode@2@PAV32@0@Z	0xF8	0x82C734B8
d3dx9	CParse.cpp	?VError@CParse@D3DXShader@@IAAXPBDPAD@Z	0x20C	0x82C735B0
d3dx9	CParse.cpp	?Error@CParse@D3DXShader@@IAAXPAUD3DXTOKEN@2@IPBDZZ	0x7C	0x82C737C0
d3dx9	CParse.cpp	?Warning@CParse@D3DXShader@@IAAXPAUD3DXTOKEN@2@IPBDZZ	0x74	0x82C73840
d3dx9	CParse.cpp	?FatalError@CParse@D3DXShader@@IAAXPAUD3DXTOKEN@2@IPBDZZ	0x80	0x82C738B8
d3dx9	CParse.cpp	?NonNull@CParse@D3DXShader@@IAAPAVCNode@2@PAV32@@Z	0x68	0x82C73938
d3dx9	CParse.cpp	?PushScope@CParse@D3DXShader@@IAAJW4_D3DSCOPE_TYPE@2@PBD@Z	0x16C	0x82C739A0
d3dx9	CParse.cpp	?PopScope@CParse@D3DXShader@@IAAJXZ	0xF4	0x82C73B10
d3dx9	CParse.cpp	?AddDecl@CParse@D3DXShader@@IAAJPAVCNode@2@H@Z	0x1E4	0x82C73C08
d3dx9	CParse.cpp	?CBufferDecl@CParse@D3DXShader@@IAAPAVCNode@2@W4_D3DDECL_TYPE@2@PAV32@111@Z	0x128	0x82C73DF0
d3dx9	CParse.cpp	?NamespaceDecl@CParse@D3DXShader@@IAAPAVCNode@2@PAV32@00@Z	0xBC	0x82C73F18
d3dx9	CParse.cpp	?PushCBuffer@CParse@D3DXShader@@IAAJPAVCNode@2@@Z	0x90	0x82C73FD8
d3dx9	CParse.cpp	?MakeTypeConst@CParse@D3DXShader@@IAAJPAVCNode@2@H@Z	0xE8	0x82C74068
d3dx9	CParse.cpp	?IsConst@CParse@D3DXShader@@IAAHPAVCNode@2@@Z	0xCC	0x82C74150
d3dx9	CParse.cpp	?IsNumeric@CParse@D3DXShader@@IAAHPAVCNode@2@@Z	0xD0	0x82C74220
d3dx9	CParse.cpp	?TypeSize@CParse@D3DXShader@@IAAIPAVCNode@2@@Z	0xE8	0x82C742F0
d3dx9	CParse.cpp	?PrintType@CParse@D3DXShader@@IAAIPADIPAVCNode@2@@Z	0x420	0x82C743D8
d3dx9	CParse.cpp	?GetSubType@CParse@D3DXShader@@IAAJPAVCNode@2@IPAVCNodeType@2@@Z	0x138	0x82C747F8
d3dx9	CParse.cpp	?ObjectExpr@CParse@D3DXShader@@IAAPAVCNode@2@PAV32@@Z	0x7C	0x82C74930
d3dx9	CParse.cpp	?EvalIntrinsic@CParse@D3DXShader@@IAAJPAVCNode@2@PAU_D3DVALUE@2@@Z	0x1584	0x82C749B0
d3dx9	CParse.cpp	?ComputeExprSize@CParse@D3DXShader@@IAAXPAVCNode@2@@Z	0x84	0x82C75F38
d3dx9	CParse.cpp	?CombineUintId@CParse@D3DXShader@@IAAPAVCNode@2@PAV32@0@Z	0x148	0x82C75FC0
d3dx9	CParse.cpp	?CombineStrings@CParse@D3DXShader@@IAAPAVCNode@2@PAV32@0@Z	0x130	0x82C76108
d3dx9	CParse.cpp	?Static_Error@CParse@D3DXShader@@SAXPAXPBDZZ	0x50	0x82C76238
d3dx9	CParse.cpp	?Error@CParse@D3DXShader@@IAAXPBDZZ	0x4C	0x82C76288
d3dx9	CParse.cpp	?FindIntrinsic@CParse@D3DXShader@@IAAJPBUD3DINTRINSIC@2@IPAVCNodeType@2@PAUD3DXTOKEN@2@PAVCNode@2@PAPAV62@4@Z	0xB48	0x82C762D8
d3dx9	CParse.cpp	?ScoreCast@CParse@D3DXShader@@IAAIPAVCNode@2@0@Z	0x16C	0x82C76E20
d3dx9	CParse.cpp	?ApplyUsage@CParse@D3DXShader@@IAAJPAVCNode@2@0@Z	0xEC	0x82C76F90
d3dx9	CParse.cpp	?CombineUsages@CParse@D3DXShader@@IAAJPAVCNode@2@0@Z	0x1E4	0x82C77080
d3dx9	CParse.cpp	?IsSupportedCast@CParse@D3DXShader@@IAAHPAVCNode@2@0H@Z	0x44C	0x82C77268
d3dx9	CParse.cpp	?ErrorUnsupportedCast@CParse@D3DXShader@@IAAXPAUD3DXTOKEN@2@PBDPAVCNode@2@2H@Z	0x430	0x82C776B8
d3dx9	CParse.cpp	?BinaryType@CParse@D3DXShader@@IAAJPAVCNode@2@0PAPAV32@11@Z	0x1A0	0x82C77AE8
d3dx9	CParse.cpp	?ScalarExpr@CParse@D3DXShader@@IAAPAVCNode@2@W4_D3DCOMPONENT_TYPE@2@INPAUD3DXTOKEN@2@@Z	0x1B4	0x82C77C88
d3dx9	CParse.cpp	?ScalarExpr@CParse@D3DXShader@@IAAPAVCNode@2@PAV32@@Z	0xC8	0x82C77E40
d3dx9	CParse.cpp	?StringExpr@CParse@D3DXShader@@IAAPAVCNode@2@PAV32@@Z	0x14C	0x82C77F08
d3dx9	CParse.cpp	?NullExpr@CParse@D3DXShader@@IAAPAVCNode@2@PAUD3DXTOKEN@2@@Z	0x124	0x82C78058
d3dx9	CParse.cpp	?InitExpr@CParse@D3DXShader@@IAAPAVCNode@2@PAV32@0@Z	0x150	0x82C78180
d3dx9	CParse.cpp	?OffsetExpr@CParse@D3DXShader@@IAAPAVCNode@2@PAV32@0@Z	0x584	0x82C782D0
d3dx9	CParse.cpp	?AsmExpr@CParse@D3DXShader@@IAAPAVCNode@2@PAV32@@Z	0x1C0	0x82C78858
d3dx9	CParse.cpp	?SamplerExpr@CParse@D3DXShader@@IAAPAVCNode@2@PAV32@@Z	0x140	0x82C78A18
d3dx9	CParse.cpp	?StateblockExpr@CParse@D3DXShader@@IAAPAVCNode@2@PAV32@@Z	0x140	0x82C78B58
d3dx9	CParse.cpp	?Eval@CParse@D3DXShader@@IAAJPAVCNode@2@PAU_D3DVALUE@2@@Z	0x868	0x82C78C98
d3dx9	CParse.cpp	?ScoreFunctionCall@CParse@D3DXShader@@IAAIPAVCNodeFunction@2@PAVCNode@2@1K@Z	0x24C	0x82C79500
d3dx9	CParse.cpp	?PushUsageType@CParse@D3DXShader@@IAAJPAVCNode@2@@Z	0xB4	0x82C79750
d3dx9	CParse.cpp	?Eval@CParse@D3DXShader@@IAAPAVCNode@2@PAV32@@Z	0x1A0	0x82C79808
d3dx9	CParse.cpp	?EvalUint@CParse@D3DXShader@@IAAJPAVCNode@2@PAI@Z	0xA4	0x82C799A8
d3dx9	CParse.cpp	?CaseCondExpr@CParse@D3DXShader@@IAAPAVCNode@2@PAV32@@Z	0xFC	0x82C79A50
d3dx9	CParse.cpp	?FindCompatibleDecl@CParse@D3DXShader@@IAAJPAVCNode@2@W4_D3DDECL_TYPE@2@PAUD3DXTOKEN@2@00PAVCNodeScope@2@KPAI4PAPAVCNodeDecl@2@@Z	0x214	0x82C79B50
d3dx9	CParse.cpp	?FindDeclsNamespace@CParse@D3DXShader@@IAAJPAVCNode@2@W4_D3DDECL_TYPE@2@PAUD3DXTOKEN@2@00KPBDPAI4PAPAVCNodeDecl@2@@Z	0x210	0x82C79D68
d3dx9	CParse.cpp	?FindDecl@CParse@D3DXShader@@IAAJW4_D3DDECL_TYPE@2@PAUD3DXTOKEN@2@PAVCNode@2@2PAVCNodeScope@2@KPAPAV52@4@Z	0xA88	0x82C79F78
d3dx9	CParse.cpp	?TypeDecl@CParse@D3DXShader@@IAAPAVCNode@2@PAV32@0@Z	0x23C	0x82C7AA00
d3dx9	CParse.cpp	?StructDecl@CParse@D3DXShader@@IAAPAVCNode@2@PAV32@0@Z	0x74	0x82C7AC40
d3dx9	CParse.cpp	?VectorType@CParse@D3DXShader@@IAAPAVCNode@2@PAV32@0@Z	0xB8	0x82C7ACB8
d3dx9	CParse.cpp	?MatrixType@CParse@D3DXShader@@IAAPAVCNode@2@PAV32@00@Z	0xE8	0x82C7AD70
d3dx9	CParse.cpp	?TypeDim@CParse@D3DXShader@@IAAPAVCNode@2@PAV32@0@Z	0xD4	0x82C7AE58
d3dx9	CParse.cpp	?VariableExpr@CParse@D3DXShader@@IAAPAVCNode@2@PAV32@0@Z	0x248	0x82C7AF30
d3dx9	CParse.cpp	?CastExpr@CParse@D3DXShader@@IAAPAVCNode@2@PAV32@0HH@Z	0x318	0x82C7B178
d3dx9	CParse.cpp	?ConditionalExpr@CParse@D3DXShader@@IAAPAVCNode@2@PAV32@00@Z	0x614	0x82C7B490
d3dx9	CParse.cpp	?ArrayExpr@CParse@D3DXShader@@IAAPAVCNode@2@PAV32@0@Z	0x2C8	0x82C7BAA8
d3dx9	CParse.cpp	?Expr@CParse@D3DXShader@@IAAPAVCNode@2@W4_D3DEXPR_OP@2@PAV32@1HH@Z	0x8BC	0x82C7BD70
d3dx9	CParse.cpp	?ReturnStmt@CParse@D3DXShader@@IAAPAVCNode@2@PAV32@@Z	0x15C	0x82C7C630
d3dx9	CParse.cpp	?IfStmt@CParse@D3DXShader@@IAAPAVCNode@2@PAV32@000@Z	0x26C	0x82C7C790
d3dx9	CParse.cpp	?SwitchStmt@CParse@D3DXShader@@IAAPAVCNode@2@PAV32@00@Z	0x1F4	0x82C7CA00
d3dx9	CParse.cpp	?ForStmt@CParse@D3DXShader@@IAAPAVCNode@2@PAV32@0000@Z	0x218	0x82C7CBF8
d3dx9	CParse.cpp	?Token@CParse@D3DXShader@@IAAHXZ	0x26CC	0x82C7CE10
d3dx9	CParse.cpp	?VariableDecl@CParse@D3DXShader@@IAAPAVCNode@2@PAV32@000@Z	0xDE0	0x82C7F4E0
d3dx9	CParse.cpp	?FunctionDecl@CParse@D3DXShader@@IAAPAVCNode@2@PAV32@000@Z	0x6D4	0x82C802C0
d3dx9	CParse.cpp	?FunctionExpr@CParse@D3DXShader@@IAAPAVCNode@2@PAV32@0H@Z	0x64C	0x82C80998
d3dx9	CParse.cpp	?MethodExpr@CParse@D3DXShader@@IAAPAVCNode@2@PAV32@00@Z	0x614	0x82C80FE8
d3dx9	CParse.cpp	?CompileExpr@CParse@D3DXShader@@IAAPAVCNode@2@PAV32@00IH@Z	0x280	0x82C81600
d3dx9	CParse.cpp	?Static_AsmFindDeclCallback@CParse@D3DXShader@@KAJPAXPAUD3DXTOKEN@2@KPAPAVCNode@2@@Z	0x44	0x82C81880
d3dx9	CParse.cpp	?AsmBlock@CParse@D3DXShader@@IAAPAVCNode@2@H@Z	0x210	0x82C818C8
d3dx9	CParse.cpp	?Production@CParse@D3DXShader@@IAAXII@Z	0x24F4	0x82C81AD8
d3dx9	CParse.cpp	?d3dxshader_parse@CParseYaccStruct@D3DXShader@@QAAHXZ	0x15B8	0x82C83FD0
d3dx9	CParse.cpp	?ParseEx@CParse@D3DXShader@@QAAJPAVCPreProcessor@2@KPAPAVCNode@2@PAU_D3DXSHADER_COMPILE_PARAMETERSA@@@Z	0x194	0x82C85588
d3dx9	CPSProgram.cpp	??0CPSProgram@D3DXShader@@QAA@HH@Z	0x70	0x82C85720
d3dx9	CPSProgram.cpp	?GenerateCode@CPSProgram@D3DXShader@@UAAJPAPAUID3DXBuffer@@@Z	0x5C	0x82C85790
d3dx9	CPSProgram.cpp	?InitCaps@CPSProgram@D3DXShader@@MAAJXZ	0x170	0x82C857F0
d3dx9	CPSProgram.cpp	?Translate@CPSProgram@D3DXShader@@MAAJXZ	0x5A0	0x82C85960
d3dx9	CPSProgram.cpp	?PatternMatch@CPSProgram@D3DXShader@@MAAJXZ	0x254	0x82C85F00
d3dx9	CPSProgram.cpp	?DestMask@CPSProgram@D3DXShader@@MAAJPAIIPAKH@Z	0x1CC	0x82C86158
d3dx9	CPSProgram.cpp	?ValidateOutput@CPSProgram@D3DXShader@@MAAJXZ	0x304	0x82C86328
d3dx9	CPSProgram.cpp	?PSEmitGE@CPSProgram@D3DXShader@@IAAJXZ	0x138	0x82C86630
d3dx9	CPSProgram.cpp	?PSEmitLT@CPSProgram@D3DXShader@@IAAJXZ	0x138	0x82C86768
d3dx9	CPSProgram.cpp	?PSEmitMax@CPSProgram@D3DXShader@@IAAJXZ	0x1BC	0x82C868A0
d3dx9	CPSProgram.cpp	?PSEmitMin@CPSProgram@D3DXShader@@IAAJXZ	0x1BC	0x82C86A60
d3dx9	CPSProgram.cpp	merged_82C86C20	0x34	0x82C86C20
d3dx9	CPSProgram.cpp	merged_82C86C58	0x64	0x82C86C58
d3dx9	CPSProgram.cpp	merged_82C86CC0	0x11C	0x82C86CC0
d3dx9	CPSProgram.cpp	?EmitDCL@CPSProgram@D3DXShader@@MAAJPAVCArgument@2@PAK@Z	0x2A8	0x82C86DE0
d3dx9	CPSProgram.cpp	?FindInput@CPSProgram@D3DXShader@@MAAJPAVCArgument@2@AAK1@Z	0xAC	0x82C87088
d3dx9	CPSProgram.cpp	?FindOutput@CPSProgram@D3DXShader@@MAAJPAVCArgument@2@AAK1PAH@Z	0xC0	0x82C87138
d3dx9	CPSProgram.cpp	?IsValidSwizzle@D3DXShader@@YAHPAI0@Z	0x84	0x82C871F8
d3dx9	CPSProgram.cpp	?RemapInput@CPSProgram@D3DXShader@@IAAJAAPAVCInstruction@2@II@Z	0x260	0x82C87280
d3dx9	CPSProgram.cpp	?RemapOutputMov@CPSProgram@D3DXShader@@IAAJAAPAVCInstruction@2@I@Z	0x1A0	0x82C874E0
d3dx9	CPSProgram.cpp	?Unswizzle@CPSProgram@D3DXShader@@IAAJXZ	0xEE8	0x82C87680
d3dx9	CPSProgram.cpp	?SrcSwizzle@CPSProgram@D3DXShader@@MAAJPAIIKPAK@Z	0x274	0x82C88568
d3dx9	CPSProgram.cpp	merged_82C887E0	0x5C	0x82C887E0
d3dx9	CPSProgram.cpp	?Constrain@CPSProgram@D3DXShader@@MAAJXZ	0xBC	0x82C88840
d3dx9	CPSProgram.cpp	?IsDPNoSwizzle@CPSProgram@D3DXShader@@MAAHPAVCInstruction@2@@Z	0x114	0x82C88900
d3dx9	CPSProgram.cpp	?EmitInstructions@CPSProgram@D3DXShader@@MAAJXZ	0xA84	0x82C88A18
d3dx9	CPSProgram.cpp	?ViolatesPortConstraints@CPSProgram@D3DXShader@@MAAHPAVCInstruction@2@PAI@Z	0x244	0x82C894A0
d3dx9	CPSLegacyProgram.cpp	?IsTextureInst@D3DXShader@@YAHI@Z	0x54	0x82C896E8
d3dx9	CPSLegacyProgram.cpp	??0CPSLegacyProgram@D3DXShader@@QAA@H@Z	0x80	0x82C89740
d3dx9	CPSLegacyProgram.cpp	?InitCaps@CPSLegacyProgram@D3DXShader@@MAAJXZ	0xF8	0x82C897C0
d3dx9	CPSLegacyProgram.cpp	?ValidateTexSat@CPSLegacyProgram@D3DXShader@@IAAJXZ	0x114	0x82C898B8
d3dx9	CPSLegacyProgram.cpp	?MatchTexldPR@CPSLegacyProgram@D3DXShader@@IAAJXZ	0x1FC	0x82C899D0
d3dx9	CPSLegacyProgram.cpp	?CleanUpClip@CPSLegacyProgram@D3DXShader@@IAAJXZ	0x2F8	0x82C89BD0
d3dx9	CPSLegacyProgram.cpp	?MatchClip@CPSLegacyProgram@D3DXShader@@IAAJXZ	0xB8	0x82C89EC8
d3dx9	CPSLegacyProgram.cpp	?FixSatTex@CPSLegacyProgram@D3DXShader@@IAAJXZ	0x168	0x82C89F80
d3dx9	CPSLegacyProgram.cpp	?FixNeg@CPSLegacyProgram@D3DXShader@@IAAJXZ	0x258	0x82C8A0E8
d3dx9	CPSLegacyProgram.cpp	?PackOutput@CPSLegacyProgram@D3DXShader@@IAAJXZ	0x330	0x82C8A340
d3dx9	CPSLegacyProgram.cpp	?MovConsts@CPSLegacyProgram@D3DXShader@@IAAJXZ	0x238	0x82C8A670
d3dx9	CPSLegacyProgram.cpp	?CheckDegenShader@CPSLegacyProgram@D3DXShader@@IAAJXZ	0x264	0x82C8A8A8
d3dx9	CPSLegacyProgram.cpp	?IsValidSwizzle@D3DXShader@@YAHPAI0I@Z	0xA0	0x82C8AB10
d3dx9	CPSLegacyProgram.cpp	?HasWriteMask@CPSLegacyProgram@D3DXShader@@IAAHPAVCInstruction@2@@Z	0xC8	0x82C8ABB0
d3dx9	CPSLegacyProgram.cpp	?EmmulateReplicate@CPSLegacyProgram@D3DXShader@@IAAJXZ	0x600	0x82C8AC78
d3dx9	CPSLegacyProgram.cpp	?FixPortConstraintsAndFixCMP@CPSLegacyProgram@D3DXShader@@IAAJXZ	0x6B4	0x82C8B278
d3dx9	CPSLegacyProgram.cpp	?DeSwizzle@CPSLegacyProgram@D3DXShader@@IAAJXZ	0x714	0x82C8B930
d3dx9	CPSLegacyProgram.cpp	?MatchTexReflect@CPSLegacyProgram@D3DXShader@@IAAJH@Z	0x534	0x82C8C048
d3dx9	CPSLegacyProgram.cpp	?ValidateInstructions@CPSLegacyProgram@D3DXShader@@IAAJXZ	0x2C4	0x82C8C580
d3dx9	CPSLegacyProgram.cpp	?MatchCMP@CPSLegacyProgram@D3DXShader@@IAAJXZ	0x3F0	0x82C8C848
d3dx9	CPSLegacyProgram.cpp	?MatchComplexAdd@CPSLegacyProgram@D3DXShader@@IAAJXZ	0x2D0	0x82C8CC38
d3dx9	CPSLegacyProgram.cpp	?AddChild@D3DXShader@@YAJPAVCInstruction@1@I@Z	0x90	0x82C8CF08
d3dx9	CPSLegacyProgram.cpp	?LegacyChildParentInfo@CPSLegacyProgram@D3DXShader@@IAAJPAPAVCInstruction@2@I@Z	0x1EC	0x82C8CF98
d3dx9	CPSLegacyProgram.cpp	?RemapInput@CPSLegacyProgram@D3DXShader@@IAAJPAPAVCInstruction@2@IIIIPAI@Z	0x1CC	0x82C8D188
d3dx9	CPSLegacyProgram.cpp	?RemapInputTex@CPSLegacyProgram@D3DXShader@@IAAJPAPAVCInstruction@2@IIIIPAI@Z	0x198	0x82C8D358
d3dx9	CPSLegacyProgram.cpp	?PullOut@CPSLegacyProgram@D3DXShader@@IAAJPAIIPAPAVCInstruction@2@0@Z	0x290	0x82C8D4F0
d3dx9	CPSLegacyProgram.cpp	?TexturePullOut@CPSLegacyProgram@D3DXShader@@IAAJPAPAVCInstruction@2@PAI0I0I@Z	0x9C4	0x82C8D780
d3dx9	CPSLegacyProgram.cpp	?RegReassign@CPSLegacyProgram@D3DXShader@@IAAIPAPAVCInstruction@2@IIIPAVCArgument@2@AAH@Z	0xB8	0x82C8E148
d3dx9	CPSLegacyProgram.cpp	?Restore@CPSLegacyProgram@D3DXShader@@IAAJXZ	0xCC	0x82C8E200
d3dx9	CPSLegacyProgram.cpp	?CreateTexLoads@CPSLegacyProgram@D3DXShader@@IAAJXZ	0x66C	0x82C8E2D0
d3dx9	CPSLegacyProgram.cpp	?SetupDependency@CPSLegacyProgram@D3DXShader@@IAAJXZ	0xDC	0x82C8E940
d3dx9	CPSLegacyProgram.cpp	?EnumerateCombos@CPSLegacyProgram@D3DXShader@@IAAIXZ	0xAC	0x82C8EA20
d3dx9	CPSLegacyProgram.cpp	?CheckDependents@CPSLegacyProgram@D3DXShader@@IAAHPAVCInstruction@2@I@Z	0xC0	0x82C8EAD0
d3dx9	CPSLegacyProgram.cpp	?TrivialReject@CPSLegacyProgram@D3DXShader@@IAAHXZ	0x14C	0x82C8EB90
d3dx9	CPSLegacyProgram.cpp	?AssignSampler@CPSLegacyProgram@D3DXShader@@IAAHPAPAVCInstruction@2@PAI0II@Z	0x24C	0x82C8ECE0
d3dx9	CPSLegacyProgram.cpp	?InitialCluster@CPSLegacyProgram@D3DXShader@@IAAHKH@Z	0x4B4	0x82C8EF30
d3dx9	CPSLegacyProgram.cpp	?AddPhaseLinkage@CPSLegacyProgram@D3DXShader@@IAAJPAI@Z	0x9DC	0x82C8F3E8
d3dx9	CPSLegacyProgram.cpp	?ViolatesPhaseLinkage@CPSLegacyProgram@D3DXShader@@IAAHXZ	0x16C	0x82C8FDC8
d3dx9	CPSLegacyProgram.cpp	?IsDependentOnPhase2@CPSLegacyProgram@D3DXShader@@IAAHPAVCInstruction@2@@Z	0x80	0x82C8FF38
d3dx9	CPSLegacyProgram.cpp	?FindConsumerWriters@CPSLegacyProgram@D3DXShader@@IAAJPAPAVCInstruction@2@IPAI1@Z	0x15C	0x82C8FFB8
d3dx9	CPSLegacyProgram.cpp	?FindConsumers@CPSLegacyProgram@D3DXShader@@IAAJPAPAVCInstruction@2@IIPAII1AAI@Z	0x1B4	0x82C90118
d3dx9	CPSLegacyProgram.cpp	?FixUpOrigins@CPSLegacyProgram@D3DXShader@@IAAJXZ	0x68	0x82C902D0
d3dx9	CPSLegacyProgram.cpp	?AnalizeArgUse@CPSLegacyProgram@D3DXShader@@IAAJPAPAVCInstruction@2@IIPAIIAAIAAH3@Z	0x1B0	0x82C90338
d3dx9	CPSLegacyProgram.cpp	?RemapConstants@CPSLegacyProgram@D3DXShader@@IAAJXZ	0x6C0	0x82C904E8
d3dx9	CPSLegacyProgram.cpp	?NoTexClobber@CPSLegacyProgram@D3DXShader@@IAAJIPAPAVCInstruction@2@IPAII@Z	0x230	0x82C90BA8
d3dx9	CPSLegacyProgram.cpp	?UpPropZ@CPSLegacyProgram@D3DXShader@@IAAJPAPAVCInstruction@2@II@Z	0x460	0x82C90DD8
d3dx9	CPSLegacyProgram.cpp	?InitZs@CPSLegacyProgram@D3DXShader@@IAAJXZ	0xD4	0x82C91238
d3dx9	CPSLegacyProgram.cpp	?AllocateRegisters@CPSLegacyProgram@D3DXShader@@IAAJHH@Z	0x1378	0x82C91310
d3dx9	CPSLegacyProgram.cpp	?InstSearch@CPSLegacyProgram@D3DXShader@@IAAPAVCInstruction@2@PAPAV32@IPAIIH@Z	0x144	0x82C92688
d3dx9	CPSLegacyProgram.cpp	?FindTex@CPSLegacyProgram@D3DXShader@@IAAJPAPAVCInstruction@2@IPAV32@PAI20HH@Z	0x1D4	0x82C927D0
d3dx9	CPSLegacyProgram.cpp	?MatchDep@CPSLegacyProgram@D3DXShader@@IAAJPAPAVCInstruction@2@I0@Z	0x5EC	0x82C929A8
d3dx9	CPSLegacyProgram.cpp	?Match3xM@CPSLegacyProgram@D3DXShader@@IAAJPAPAVCInstruction@2@I0I@Z	0x7A8	0x82C92F98
d3dx9	CPSLegacyProgram.cpp	?ValidateOutput@CPSLegacyProgram@D3DXShader@@MAAJXZ	0x218	0x82C93740
d3dx9	CPSLegacyProgram.cpp	?EmitDP4@CPSLegacyProgram@D3DXShader@@IAAJXZ	0x1DC	0x82C93958
d3dx9	CPSLegacyProgram.cpp	?EmitSpecialTex@CPSLegacyProgram@D3DXShader@@IAAJK@Z	0x20C	0x82C93B38
d3dx9	CPSLegacyProgram.cpp	?EmitTEXLDPR@CPSLegacyProgram@D3DXShader@@IAAJXZ	0x168	0x82C93D48
d3dx9	CPSLegacyProgram.cpp	?EmitTEXLDPT@CPSLegacyProgram@D3DXShader@@IAAJXZ	0x164	0x82C93EB0
d3dx9	CPSLegacyProgram.cpp	?EmitTEXLDD@CPSLegacyProgram@D3DXShader@@IAAJXZ	0x1D0	0x82C94018
d3dx9	CPSLegacyProgram.cpp	?EmitTEXCRD@CPSLegacyProgram@D3DXShader@@IAAJXZ	0x214	0x82C941E8
d3dx9	CPSLegacyProgram.cpp	?CoIssue@CPSLegacyProgram@D3DXShader@@MAAKK@Z	0x1C	0x82C94400
d3dx9	CPSLegacyProgram.cpp	?EmitVersion@CPSLegacyProgram@D3DXShader@@MAAJXZ	0x48	0x82C94420
d3dx9	CPSLegacyProgram.cpp	?EmitDCL@CPSLegacyProgram@D3DXShader@@MAAJPAVCArgument@2@PAK@Z	0x5C	0x82C94468
d3dx9	CPSLegacyProgram.cpp	?FindInput@CPSLegacyProgram@D3DXShader@@MAAJPAVCArgument@2@AAK1@Z	0x58	0x82C944C8
d3dx9	CPSLegacyProgram.cpp	?FindOutput@CPSLegacyProgram@D3DXShader@@MAAJPAVCArgument@2@AAK1PAH@Z	0x6C	0x82C94520
d3dx9	CPSLegacyProgram.cpp	?MarkCoIssues@CPSLegacyProgram@D3DXShader@@IAAJPAPAVCInstruction@2@IIPAI@Z	0x374	0x82C94590
d3dx9	CPSLegacyProgram.cpp	?SrcSwizzle@CPSLegacyProgram@D3DXShader@@MAAJPAIIKPAK@Z	0x26C	0x82C94908
d3dx9	CPSLegacyProgram.cpp	??1CPSLegacyProgram@D3DXShader@@UAA@XZ	0x138	0x82C94B78
d3dx9	CPSLegacyProgram.cpp	?GenerateCode@CPSLegacyProgram@D3DXShader@@UAAJPAPAUID3DXBuffer@@@Z	0x6C	0x82C94CB0
d3dx9	CPSLegacyProgram.cpp	?Translate@CPSLegacyProgram@D3DXShader@@MAAJXZ	0x128	0x82C94D20
d3dx9	CPSLegacyProgram.cpp	?EmmulateWriteMasksX@CPSLegacyProgram@D3DXShader@@IAAJXZ	0xBBC	0x82C94E48
d3dx9	CPSLegacyProgram.cpp	?MatchOutputModifier@CPSLegacyProgram@D3DXShader@@IAAJXZ	0x6F4	0x82C95A08
d3dx9	CPSLegacyProgram.cpp	?GroupTexLoads@CPSLegacyProgram@D3DXShader@@IAAJXZ	0x6F0	0x82C96100
d3dx9	CPSLegacyProgram.cpp	?Save@CPSLegacyProgram@D3DXShader@@IAAJXZ	0x160	0x82C967F0
d3dx9	CPSLegacyProgram.cpp	?GreedyPullUp@CPSLegacyProgram@D3DXShader@@IAAJXZ	0x5B4	0x82C96950
d3dx9	CPSLegacyProgram.cpp	?MatchPhase1@CPSLegacyProgram@D3DXShader@@IAAJXZ	0x324	0x82C96F08
d3dx9	CPSLegacyProgram.cpp	?EmitPhase@CPSLegacyProgram@D3DXShader@@IAAJPAPAVCInstruction@2@I@Z	0x480	0x82C97230
d3dx9	CPSLegacyProgram.cpp	?EmitInstructions@CPSLegacyProgram@D3DXShader@@MAAJXZ	0x98	0x82C976B0
d3dx9	CPSLegacyProgram.cpp	merged_82C97748	0x84	0x82C97748
d3dx9	CPSLegacyProgram.cpp	?ViolatesPortConstraints@CPSLegacyProgram@D3DXShader@@MAAHPAVCInstruction@2@PAI@Z	0x2D8	0x82C977D0
d3dx9	CPSLegacyProgram.cpp	?ViolatesPortConstraintsCoIssue@CPSLegacyProgram@D3DXShader@@MAAHPAVCInstruction@2@0@Z	0x248	0x82C97AA8
d3dx9	CPSLegacyProgram.cpp	merged_82C97CF0	0x50	0x82C97CF0
d3dx9	CPSLegacyProgram.cpp	?PatternMatch@CPSLegacyProgram@D3DXShader@@MAAJXZ	0xDC4	0x82C97D40
d3dx9	CPSLegacyProgram.cpp	?IndexSemantic@CPSLegacyProgram@D3DXShader@@UAAJPAVCArgument@2@H@Z	0x590	0x82C98B08
d3dx9	CVSProgram.cpp	??0CVSProgram@D3DXShader@@QAA@HH@Z	0x68	0x82C99098
d3dx9	CVSProgram.cpp	?InitCaps@CVSProgram@D3DXShader@@MAAJXZ	0x1EC	0x82C99100
d3dx9	CVSProgram.cpp	?ValidateOutput@CVSProgram@D3DXShader@@MAAJXZ	0x1E8	0x82C992F0
d3dx9	CVSProgram.cpp	?FindOutput@CVSProgram@D3DXShader@@MAAJPAVCArgument@2@AAK1PAH@Z	0x14C	0x82C994D8
d3dx9	CVSProgram.cpp	?FindInput@CVSProgram@D3DXShader@@MAAJPAVCArgument@2@AAK1@Z	0x7C	0x82C99628
d3dx9	CVSProgram.cpp	?GenerateCode@CVSProgram@D3DXShader@@UAAJPAPAUID3DXBuffer@@@Z	0x1C	0x82C996A8
d3dx9	CVSProgram.cpp	?Translate@CVSProgram@D3DXShader@@MAAJXZ	0x748	0x82C996C8
d3dx9	CVSProgram.cpp	merged_82C99E10	0x70	0x82C99E10
d3dx9	CVSProgram.cpp	?EmitSize@CVSProgram@D3DXShader@@MAAJXZ	0x40	0x82C99E80
d3dx9	CVSProgram.cpp	?VSMatchDOT@CVSProgram@D3DXShader@@IAAJXZ	0x4D0	0x82C99EC0
d3dx9	CVSProgram.cpp	?VSEmitFRC@CVSProgram@D3DXShader@@IAAJXZ	0x3FC	0x82C9A390
d3dx9	CVSProgram.cpp	?VSEmitEXP@CVSProgram@D3DXShader@@IAAJXZ	0x340	0x82C9A790
d3dx9	CVSProgram.cpp	?VSEmitLOG@CVSProgram@D3DXShader@@IAAJXZ	0x300	0x82C9AAD0
d3dx9	CVSProgram.cpp	merged_82C9ADD0	0x190	0x82C9ADD0
d3dx9	CVSProgram.cpp	merged_82C9AF60	0xC8	0x82C9AF60
d3dx9	CVSProgram.cpp	merged_82C9B028	0x5C	0x82C9B028
d3dx9	CVSProgram.cpp	?VSMatchDST@CVSProgram@D3DXShader@@IAAJXZ	0x910	0x82C9B088
d3dx9	CVSProgram.cpp	?PatternMatch@CVSProgram@D3DXShader@@MAAJXZ	0x388	0x82C9B998
d3dx9	CVSProgram.cpp	?ViolatesPortConstraints@CVSProgram@D3DXShader@@MAAHPAVCInstruction@2@PAI@Z	0x258	0x82C9BD20
d3dx9	CVSProgram.cpp	merged_82C9BF78	0x90	0x82C9BF78
d3dx9	CVSProgram.cpp	?EmitInstructions@CVSProgram@D3DXShader@@MAAJXZ	0x5CC	0x82C9C008
d3dx9	CVSProgram.cpp	?EmitDCL@CVSProgram@D3DXShader@@MAAJPAVCArgument@2@PAK@Z	0x448	0x82C9C5D8
d3dx9	CFXLProgram.cpp	??0CFXLProgram@D3DXShader@@QAA@H@Z	0x54	0x82C9CA20
d3dx9	CFXLProgram.cpp	?InitCaps@CFXLProgram@D3DXShader@@MAAJXZ	0x84	0x82C9CA78
d3dx9	CFXLProgram.cpp	?EmitPool@CFXLProgram@D3DXShader@@QAAJPAVCArgument@2@@Z	0x124	0x82C9CB00
d3dx9	CFXLProgram.cpp	?EmitDouble@CFXLProgram@D3DXShader@@QAAJN@Z	0x60	0x82C9CC28
d3dx9	CFXLProgram.cpp	?EmitDoubleSwapped@CFXLProgram@D3DXShader@@QAAJN@Z	0x78	0x82C9CC88
d3dx9	CFXLProgram.cpp	merged_82C9CD00	0x5C	0x82C9CD00
d3dx9	CFXLProgram.cpp	?EmitAddress@CFXLProgram@D3DXShader@@QAAJIK@Z	0x98	0x82C9CD60
d3dx9	CFXLProgram.cpp	?GenerateCode@CFXLProgram@D3DXShader@@UAAJPAPAUID3DXBuffer@@@Z	0xF68	0x82C9CDF8
d3dx9	CFXLProgram.cpp	?IndexSemantic@CFXLProgram@D3DXShader@@UAAJPAVCArgument@2@H@Z	0x288	0x82C9DD60
d3dx9	deflate.cpp	?flush_pending@D3DX@@YAXPAUz_stream_s@1@@Z	0xBC	0x82C9DFE8
d3dx9	deflate.cpp	merged_82C9E0A8	0x1B4	0x82C9E0A8
d3dx9	deflate.cpp	?fill_window@D3DX@@YAXPAUinternal_state@1@@Z	0x20C	0x82C9E260
d3dx9	deflate.cpp	?deflate_stored@D3DX@@YA?AW4block_state@1@PAUinternal_state@1@H@Z	0x1CC	0x82C9E470
d3dx9	deflate.cpp	?deflate_fast@D3DX@@YA?AW4block_state@1@PAUinternal_state@1@H@Z	0x418	0x82C9E640
d3dx9	deflate.cpp	?deflate_slow@D3DX@@YA?AW4block_state@1@PAUinternal_state@1@H@Z	0x528	0x82C9EA58
d3dx9	CNodeUasm.cpp	??0CNodeUAsmInstruction@D3DXShader@@QAA@XZ	0x98	0x82C9EF80
d3dx9	CNodeUasm.cpp	??0CNodeUAsmInstruction@D3DXShader@@QAA@PBUD3DXTOKEN@1@KKKKK@Z	0xDC	0x82C9F018
d3dx9	CNodeUasm.cpp	?SetDest@CNodeUAsmInstruction@D3DXShader@@QAAXPAVCNode@2@@Z	0x20	0x82C9F0F8
d3dx9	CNodeUasm.cpp	?Copy@CNodeUAsmInstruction@D3DXShader@@UAAPAV12@XZ	0x174	0x82C9F118
d3dx9	CNodeUasm.cpp	??0CNodeUAsmRegister@D3DXShader@@QAA@XZ	0x80	0x82C9F290
d3dx9	CNodeUasm.cpp	??0CNodeUAsmRegister@D3DXShader@@QAA@PBUD3DXTOKEN@1@KKKHPAVCNode@1@@Z	0x90	0x82C9F310
d3dx9	CNodeUasm.cpp	?Copy@CNodeUAsmRegister@D3DXShader@@UAAPAV12@XZ	0x108	0x82C9F3A0
d3dx9	CNodeUasm.cpp	??0CNodeUAsmBlock@D3DXShader@@QAA@PAVCNode@1@@Z	0x50	0x82C9F4A8
d3dx9	CNodeUasm.cpp	?Copy@CNodeUAsmBlock@D3DXShader@@UAAPAV12@XZ	0x48	0x82C9F4F8
d3dx9	CNodeUasm.cpp	merged_82C9F540	0x10	0x82C9F540
d3dx9	CNodeUasm.cpp	merged_82C9F550	0x10	0x82C9F550
d3dx9	CNodeUasm.cpp	merged_82C9F560	0x10	0x82C9F560
d3dx9	CPool.cpp	?Initialize@CPool@D3DXShader@@QAAJPBDKII@Z	0x54	0x82C9F570
d3dx9	CPool.cpp	?Initialize@CPool@D3DXShader@@QAAJPAV12@@Z	0x88	0x82C9F5C8
d3dx9	CTransform.cpp	?Read@CTReorderInstructions@D3DXShader@@IAAXII@Z	0xA0	0x82C9F650
d3dx9	CTransform.cpp	?Write@CTReorderInstructions@D3DXShader@@IAAXII@Z	0x8C	0x82C9F6F0
d3dx9	CTransform.cpp	?CompareLoad@CTReorderInstructions@D3DXShader@@KAHIIPBX@Z	0x6C	0x82C9F780
d3dx9	CTransform.cpp	?RemoveDuplicates@CTReorderInstructions@D3DXShader@@IAAXPAI0@Z	0x9C	0x82C9F7F0
d3dx9	CTransform.cpp	?RecalculateLoad@CTReorderInstructions@D3DXShader@@IAAXPAI0@Z	0x16C	0x82C9F890
d3dx9	CTransform.cpp	?Bubble@CTReorderInstructions@D3DXShader@@IAAJI@Z	0x7AC	0x82C9FA00
d3dx9	CTransform.cpp	?Reduce@CTReorderInstructions@D3DXShader@@IAAJXZ	0xCC	0x82CA01B0
d3dx9	CTransform.cpp	?Apply@CTReorderInstructions@D3DXShader@@UAAJH@Z	0x61C	0x82CA0280
d3dx9	effecthll.cpp	?FindFXApi@CParse@D3DXShader@@IAAJPAVCNode@2@0_N1PAPAUSFxApiCall@2@@Z	0x148	0x82CA08A0
d3dx9	effecthll.cpp	?CompileFlagExpr@CParse@D3DXShader@@IAAJPAVCNode@2@PAI@Z	0x11C	0x82CA09E8
d3dx9	effecthll.cpp	?StateBlockFunctionCall@CParse@D3DXShader@@IAAPAVCNode@2@PAPAV32@@Z	0xF4	0x82CA0B08
d3dx9	effecthll.cpp	?EffectsApiCall@CParse@D3DXShader@@IAAJPAVCNode@2@0PAPAV32@@Z	0x1C4	0x82CA0C00
d3dx9	trees.cpp	merged_82CA0DC8	0xEC	0x82CA0DC8
d3dx9	trees.cpp	merged_82CA0EB8	0x128	0x82CA0EB8
d3dx9	trees.cpp	?send_all_trees@D3DX@@YAXPAUinternal_state@1@HHH@Z	0x2B0	0x82CA0FE0
d3dx9	trees.cpp	?compress_block@D3DX@@YAXPAUinternal_state@1@PAUct_data_s@1@1@Z	0x42C	0x82CA1290
d3dx9	trees.cpp	?build_tree@D3DX@@YAXPAUinternal_state@1@PAUtree_desc_s@1@@Z	0x2D0	0x82CA16C0
d3dx9	trees.cpp	merged_82CA1990	0x188	0x82CA1990
d3dx9	trees.cpp	?_tr_flush_block@D3DX@@YAXPAUinternal_state@1@PADKH@Z	0x378	0x82CA1B18
xgraphics	header.cpp	XGSetVertexBufferHeader	0x94	0x82CA1E90
xgraphics	header.cpp	?SetBaseTextureHeader@XGRAPHICS@@YAIIIIIKW4_D3DFORMAT@@W4MIPPACKINGTYPE@D3D@@HHIIIW4_D3DRESOURCETYPE@@PAUD3DBaseTexture@@PAI4@Z	0x208	0x82CA1F28
xgraphics	header.cpp	XGSetTextureHeader	0x6C	0x82CA2130
xgraphics	header.cpp	XGSetTextureHeaderEx	0x74	0x82CA21A0
xgraphics	header.cpp	XGSetLineTextureHeader	0x68	0x82CA2218
xgraphics	header.cpp	XGSetLineTextureHeaderEx	0x70	0x82CA2280
xgraphics	header.cpp	XGSetArrayTextureHeaderEx	0x64	0x82CA22F0
xgraphics	header.cpp	XGOffsetBaseTextureAddress	0x68	0x82CA2358
xgraphics	header.cpp	XGOffsetResourceAddress	0xD4	0x82CA23C0
xgraphics	desc.cpp	?GetSurfaceLayout@@YAXPAI0PAH1PAUD3DBaseTexture@@I@Z	0x27C	0x82CA2498
xgraphics	desc.cpp	?GetTextureDesc@@YAXPAUD3DBaseTexture@@IPAU_XGTEXTURE_DESC@@@Z	0x42C	0x82CA2718
xgraphics	desc.cpp	XGGetTextureDesc	0x4	0x82CA2B48
xgraphics	desc.cpp	XGGetMipTailDesc	0x304	0x82CA2B50
xgraphics	desc.cpp	XGGetMipTailBaseLevel	0x5C	0x82CA2E58
xgraphics	desc.cpp	?GetMipTailLevelOffsetCoords@XGRAPHICS@@YAIIIIIKHHPAU_XGPOINT3D@@@Z	0x1B8	0x82CA2EB8
xgraphics	desc.cpp	?Get2DTiledExtents@XGRAPHICS@@YAXIPAUtagRECT@@IPAI1@Z	0x10C	0x82CA3070
xgraphics	desc.cpp	?Get3DTiledExtents@XGRAPHICS@@YAXIIPAU_D3DBOX@@IPAI1@Z	0x18C	0x82CA3180
xgraphics	desc.cpp	XGGetMipTailLevelOffset	0x24	0x82CA3310
xgraphics	desc.cpp	XGGetBlockDimensions	0x60	0x82CA3338
xgraphics	desc.cpp	XGGetTextureLayout	0x924	0x82CA3398
xgraphics	surface.cpp	?CopyMemoryCachedDst@XGRAPHICS@@YAXPAXPBXI@Z	0x22C	0x82CA3CC0
xgraphics	surface.cpp	?TileSurface@XGRAPHICS@@YAXPAXIIPBUtagPOINT@@PBXIPBUtagRECT@@I@Z	0x3D0	0x82CA3EF0
xgraphics	surface.cpp	?UntileSurface@XGRAPHICS@@YAXPAXIPBUtagPOINT@@PBXIIPBUtagRECT@@I@Z	0x3D0	0x82CA42C0
xgraphics	surface.cpp	XGAddress2DTiledExtent	0x110	0x82CA4690
xgraphics	surface.cpp	XGTileSurface	0x4	0x82CA47A0
xgraphics	surface.cpp	XGTileTextureLevel	0x254	0x82CA47A8
xgraphics	surface.cpp	XGUntileSurface	0x4	0x82CA4A00
xgraphics	surface.cpp	XGUntileTextureLevel	0x25C	0x82CA4A08
xgraphics	xtc.cpp	XGCompressSurface	0x8B4	0x82CA4C68
xgraphics	shadercost.cpp	??0CShaderCost@XGRAPHICS@@QAA@HTGPU_PROGRAMCONTROL@@TGPU_CONTEXTMISC@@PBKK22PBTGPUFETCH_CONSTANT@@KPBT_UCODE_VSINPUTDECLARATION@@@Z	0x108	0x82CA5520
xgraphics	shadercost.cpp	?Get@CShaderCost@XGRAPHICS@@QAAXPAU_XGIDEALSHADERCOST@@@Z	0x584	0x82CA5628
xgraphics	shadercost.cpp	?EnumerateLiteralsShaderCostCallback@XGRAPHICS@@YAJPAXKKKPBX@Z	0xBC	0x82CA5BB0
xgraphics	shadercost.cpp	?EnumerateConstantTableShaderCostCallback@XGRAPHICS@@YAJPAXPBDKW4_D3DXREGISTER_SET@@KPBX@Z	0xEC	0x82CA5C70
xgraphics	shadercost.cpp	?ShaderCostCallback@XGRAPHICS@@YAJKKPATGPUSHADER_INSTRUCTION@@PAX@Z	0x62C	0x82CA5D60
xgraphics	shadercost.cpp	?Calculate@CShaderCost@XGRAPHICS@@QAAXXZ	0x68	0x82CA6390
xgraphics	shadercost.cpp	?EnumerateConstantTableDefaults@XGRAPHICS@@YAJPBXPAXKP6AJ1PBDKW4_D3DXREGISTER_SET@@K0@Z@Z	0x1C8	0x82CA63F8
xgraphics	shadercost.cpp	XGEstimateIdealShaderCost	0x134	0x82CA65C0
xgraphics	volume.cpp	XGAddress3DTiledOffset	0xF0	0x82CA66F8
xgraphics	volume.cpp	?TileVolume@XGRAPHICS@@YAXPAXIIIPBU_XGPOINT3D@@PBXIIPBU_D3DBOX@@I@Z	0x48C	0x82CA67E8
xgraphics	volume.cpp	?UntileVolume@XGRAPHICS@@YAXPAXIIPBU_XGPOINT3D@@PBXIIIPBU_D3DBOX@@I@Z	0x48C	0x82CA6C78
xgraphics	volume.cpp	XGAddress3DTiledExtent	0x148	0x82CA7108
xgraphics	volume.cpp	XGTileVolume	0x38	0x82CA7250
xgraphics	volume.cpp	XGUntileVolume	0x38	0x82CA7288
xgraphics	convert.cpp	?GetSwizzleVectorDst@@YA?AU__vector4@@W4_D3DFORMAT@@@Z	0x94	0x82CA72C0
xgraphics	convert.cpp	?ConvertGammaToLinear@D3D@@YA?AU__vector4@@U2@@Z	0xAC	0x82CA7358
xgraphics	convert.cpp	?LoadTexel8@@YA?AU__vector4@@PBXPBUTexelDesc@@@Z	0x4C	0x82CA7408
xgraphics	convert.cpp	?LoadTexel16@@YA?AU__vector4@@PBXPBUTexelDesc@@@Z	0x7C	0x82CA7458
xgraphics	convert.cpp	?LoadTexel16_16F@@YA?AU__vector4@@PBXPBUTexelDesc@@@Z	0x9C	0x82CA74D8
xgraphics	convert.cpp	?LoadTexel32@@YA?AU__vector4@@PBXPBUTexelDesc@@@Z	0x7C	0x82CA7578
xgraphics	convert.cpp	?LoadTexel32_16F@@YA?AU__vector4@@PBXPBUTexelDesc@@@Z	0xA0	0x82CA75F8
xgraphics	convert.cpp	?LoadTexelBlock_DXT_RGB@@YAXPBXPAU__vector4@@@Z	0x194	0x82CA7698
xgraphics	convert.cpp	?LoadTexelBlock_DXT_RGRG@@YAXPBXPAU__vector4@@@Z	0x154	0x82CA7830
xgraphics	convert.cpp	?LoadTexelBlock_DXT_A3@@YAXPBXPAU__vector4@@@Z	0x158	0x82CA7988
xgraphics	convert.cpp	?LoadTexelBlock_DXT_A3_1111@@YAXPBXPAU__vector4@@@Z	0x140	0x82CA7AE0
xgraphics	convert.cpp	?DivideDXTTexelBlockAlpha@@YAXPAU__vector4@@@Z	0x80	0x82CA7C20
xgraphics	convert.cpp	?LoadTexelBlock_YUV@@YAXPBXPAU__vector4@@U1@@Z	0xCC	0x82CA7CA0
xgraphics	convert.cpp	?LoadTexelBlock_DXT1@@YAXPBXPAU__vector4@@@Z	0x4	0x82CA7D70
xgraphics	convert.cpp	?LoadTexelBlock_DXT2@@YAXPBXPAU__vector4@@@Z	0x50	0x82CA7D78
xgraphics	convert.cpp	?LoadTexelBlock_DXT3@@YAXPBXPAU__vector4@@@Z	0x48	0x82CA7DC8
xgraphics	convert.cpp	?LoadTexelBlock_DXT3A@@YAXPBXPAU__vector4@@@Z	0x48	0x82CA7E10
xgraphics	convert.cpp	?LoadTexelBlock_DXT3A_AS_1111@@YAXPBXPAU__vector4@@@Z	0x4	0x82CA7E58
xgraphics	convert.cpp	?LoadTexelBlock_CTX1@@YAXPBXPAU__vector4@@@Z	0x4	0x82CA7E60
xgraphics	convert.cpp	?LoadTexelBlock_UYVY@@YAXPBXPAU__vector4@@@Z	0x10	0x82CA7E68
xgraphics	convert.cpp	?LoadTexelBlock_YUY2@@YAXPBXPAU__vector4@@@Z	0x10	0x82CA7E78
xgraphics	convert.cpp	?LoadTexelBlock_R8G8_B8G8@@YAXPBXPAU__vector4@@@Z	0x74	0x82CA7E88
xgraphics	convert.cpp	?LoadTexelBlock_G8R8_G8B8@@YAXPBXPAU__vector4@@@Z	0x74	0x82CA7F00
xgraphics	convert.cpp	?StoreTexel8@@YAXPAXU__vector4@@PBUTexelDesc@@@Z	0x4C	0x82CA7F78
xgraphics	convert.cpp	?StoreTexel16@@YAXPAXU__vector4@@PBUTexelDesc@@@Z	0x80	0x82CA7FC8
xgraphics	convert.cpp	?StoreTexel16_16F@@YAXPAXU__vector4@@PBUTexelDesc@@@Z	0x98	0x82CA8048
xgraphics	convert.cpp	?StoreTexel32@@YAXPAXU__vector4@@PBUTexelDesc@@@Z	0x80	0x82CA80E0
xgraphics	convert.cpp	?StoreTexel32_16F@@YAXPAXU__vector4@@PBUTexelDesc@@@Z	0x98	0x82CA8160
xgraphics	convert.cpp	?StoreTexel@@YAXPAXU__vector4@@PBUTexelDesc@@P6AX012@Z111111@Z	0xA0	0x82CA81F8
xgraphics	convert.cpp	?GetThresholdVector@@YA?AU__vector4@@MPBUTexelDesc@@@Z	0x80	0x82CA8298
xgraphics	convert.cpp	?GetGammaSelectVector@@YA?AU__vector4@@PAK@Z	0x54	0x82CA8318
xgraphics	convert.cpp	?GetLoadTexelProc@@YAP6A?AU__vector4@@PBXPBUTexelDesc@@@Z1@Z	0x13C	0x82CA8370
xgraphics	convert.cpp	?GetStoreTexelProc@@YAP6AXPAXU__vector4@@PBUTexelDesc@@@Z2@Z	0x13C	0x82CA84B0
xgraphics	convert.cpp	?GetLoadTerms@@YAXPBUTexelDesc@@KPAKPAU__vector4@@2222@Z	0x2C4	0x82CA85F0
xgraphics	convert.cpp	?GetStoreTerms@@YAXPBUTexelDesc@@KPAKPAU__vector4@@22222@Z	0x350	0x82CA88B8
xgraphics	convert.cpp	?LoadTexelBlock_DXT_A5@@YAXPBXPAU__vector4@@I@Z	0x1C8	0x82CA8C08
xgraphics	convert.cpp	?LoadTexelBlock_DXT4@@YAXPBXPAU__vector4@@@Z	0x54	0x82CA8DD0
xgraphics	convert.cpp	?LoadTexelBlock_DXT5@@YAXPBXPAU__vector4@@@Z	0x4C	0x82CA8E28
xgraphics	convert.cpp	?LoadTexelBlock_DXT5A@@YAXPBXPAU__vector4@@@Z	0x4C	0x82CA8E78
xgraphics	convert.cpp	?LoadTexelBlock_DXN@@YAXPBXPAU__vector4@@@Z	0x68	0x82CA8EC8
xgraphics	convert.cpp	?GetLoadTexelBlockProc@@YAP6AXPBXPAU__vector4@@@ZKK@Z	0x140	0x82CA8F30
xgraphics	convert.cpp	XGCopySurface	0xB20	0x82CA9070
xgraphics	shaderpdbbuilder.cpp	?Indent@Stream@XGRAPHICS@@QAAXXZ	0x5C	0x82CA9B90
xgraphics	shaderpdbbuilder.cpp	?EndChildren@Stream@XGRAPHICS@@QAAXPBD@Z	0x70	0x82CA9BF0
xgraphics	shaderpdbbuilder.cpp	?EndChildrenBinary@Stream@XGRAPHICS@@QAAXPBD@Z	0x5C	0x82CA9C60
xgraphics	shaderpdbbuilder.cpp	?AddInstructionAddress@Stream@XGRAPHICS@@QAAXPBDKHK@Z	0x8C	0x82CA9CC0
xgraphics	shaderpdbbuilder.cpp	?AddValue@Stream@XGRAPHICS@@QAAXPBD0@Z	0xF8	0x82CA9D50
xgraphics	shaderpdbbuilder.cpp	?Append@CountingStream@XGRAPHICS@@UAAXPBD@Z	0x30	0x82CA9E48
xgraphics	shaderpdbbuilder.cpp	?Append@CountingStream@XGRAPHICS@@UAAXPBDK@Z	0x10	0x82CA9E78
xgraphics	shaderpdbbuilder.cpp	?Append_Xmlify@CountingStream@XGRAPHICS@@UAAXPBDK@Z	0x64	0x82CA9E88
xgraphics	shaderpdbbuilder.cpp	?VPrintf@CountingStream@XGRAPHICS@@UAAXPBDPAD@Z	0x60	0x82CA9EF0
xgraphics	shaderpdbbuilder.cpp	?Append@BufferStream@XGRAPHICS@@UAAXPBD@Z	0xA4	0x82CA9F50
xgraphics	shaderpdbbuilder.cpp	?Append@BufferStream@XGRAPHICS@@UAAXPBDK@Z	0x7C	0x82CA9FF8
xgraphics	shaderpdbbuilder.cpp	?Append_Xmlify@BufferStream@XGRAPHICS@@UAAXPBDK@Z	0x100	0x82CAA078
xgraphics	shaderpdbbuilder.cpp	?VPrintf@BufferStream@XGRAPHICS@@UAAXPBDPAD@Z	0x78	0x82CAA178
xgraphics	shaderpdbbuilder.cpp	merged_82CAA1F0	0x10	0x82CAA1F0
xgraphics	shaderpdbbuilder.cpp	merged_82CAA200	0x10	0x82CAA200
xgraphics	shaderpdbbuilder.cpp	XShaderPDBBuilder_Finish	0x20	0x82CAA210
xgraphics	shaderpdbbuilder.cpp	merged_82CAA230	0x10	0x82CAA230
xgraphics	shaderpdbbuilder.cpp	XShaderPDBBuilder_EndPass	0x10	0x82CAA240
xgraphics	shaderpdbbuilder.cpp	XShaderPDBBuilder_SetAssertionsDisabled	0xC	0x82CAA250
xgraphics	shaderpdbbuilder.cpp	XShaderPDBBuilder_SetDebugPrintDisabled	0xC	0x82CAA260
xgraphics	shaderpdbbuilder.cpp	merged_82CAA270	0x8C	0x82CAA270
xgraphics	shaderpdbbuilder.cpp	merged_82CAA300	0x8C	0x82CAA300
xgraphics	shaderpdbbuilder.cpp	merged_82CAA390	0x8C	0x82CAA390
xgraphics	shaderpdbbuilder.cpp	?ensure2@?$FastVector@UFuncEntryExitInfo@XGRAPHICS@@@XGRAPHICS@@QAAXKAAJ@Z	0x8C	0x82CAA420
xgraphics	shaderpdbbuilder.cpp	?ensure2@?$FastVector@ULiteralBool@XGRAPHICS@@@XGRAPHICS@@QAAXKAAJ@Z	0x8C	0x82CAA4B0
xgraphics	shaderpdbbuilder.cpp	merged_82CAA540	0x8C	0x82CAA540
xgraphics	shaderpdbbuilder.cpp	merged_82CAA5D0	0x8C	0x82CAA5D0
xgraphics	shaderpdbbuilder.cpp	?ensure2@?$FastVector@UFile@XGRAPHICS@@@XGRAPHICS@@QAAXKAAJ@Z	0x8C	0x82CAA660
xgraphics	shaderpdbbuilder.cpp	?ensure2@?$FastVector@UPDBShader@XGRAPHICS@@@XGRAPHICS@@QAAXKAAJ@Z	0x8C	0x82CAA6F0
xgraphics	shaderpdbbuilder.cpp	?ensure2@?$FastVector@D@XGRAPHICS@@QAAXKAAJ@Z	0x88	0x82CAA780
xgraphics	shaderpdbbuilder.cpp	?ensure2@?$FastVector@UArgument@XGRAPHICS@@@XGRAPHICS@@QAAXKAAJ@Z	0x8C	0x82CAA808
xgraphics	shaderpdbbuilder.cpp	?EndTag@Stream@XGRAPHICS@@QAAXXZ	0x4C	0x82CAA898
xgraphics	shaderpdbbuilder.cpp	?StartChildren@Stream@XGRAPHICS@@QAAXXZ	0x58	0x82CAA8E8
xgraphics	shaderpdbbuilder.cpp	?Initialize@ShaderPDBBuilder@XGRAPHICS@@QAAXPBDK@Z	0xB4	0x82CAA940
xgraphics	shaderpdbbuilder.cpp	?AddConstantTable@ShaderPDBBuilder@XGRAPHICS@@QAAXPBU_D3DXSHADER_CONSTANTTABLE@@K@Z	0x78	0x82CAA9F8
xgraphics	shaderpdbbuilder.cpp	?WriteFiles@ShaderPDBBuilder@XGRAPHICS@@AAAXPAVStream@2@@Z	0x190	0x82CAAA70
xgraphics	shaderpdbbuilder.cpp	?WriteSourceMap@ShaderPDBBuilder@XGRAPHICS@@AAAXPAVStream@2@PAV?$FastVector@UStatement@XGRAPHICS@@@2@K@Z	0x158	0x82CAAC00
xgraphics	shaderpdbbuilder.cpp	?WriteVariableDebugInfo@ShaderPDBBuilder@XGRAPHICS@@AAAXPAVStream@2@PAV?$FastVector@UVariableDebugInfo@XGRAPHICS@@@2@K@Z	0x1E0	0x82CAAD58
xgraphics	shaderpdbbuilder.cpp	?WriteScopeInfo@ShaderPDBBuilder@XGRAPHICS@@AAAXPAVStream@2@PAV?$FastVector@UScopeInfo@XGRAPHICS@@@2@@Z	0x10C	0x82CAAF38
xgraphics	shaderpdbbuilder.cpp	?WriteFuncEntryExitInfo@ShaderPDBBuilder@XGRAPHICS@@AAAXPAVStream@2@PAV?$FastVector@UFuncEntryExitInfo@XGRAPHICS@@@2@K@Z	0x15C	0x82CAB048
xgraphics	shaderpdbbuilder.cpp	?WriteVfetchInfo@ShaderPDBBuilder@XGRAPHICS@@AAAXPAVStream@2@PAV?$FastVector@UVfetchInfo@XGRAPHICS@@@2@K@Z	0x1CC	0x82CAB1A8
xgraphics	shaderpdbbuilder.cpp	?WriteInterpolatorInfo@ShaderPDBBuilder@XGRAPHICS@@AAAXPAVStream@2@PAV?$FastVector@UInterpolatorInfo@XGRAPHICS@@@2@@Z	0x1A8	0x82CAB378
xgraphics	shaderpdbbuilder.cpp	?WriteLiterals@ShaderPDBBuilder@XGRAPHICS@@AAAXPAVStream@2@PAV?$FastVector@ULiteralBool@XGRAPHICS@@@2@PAV?$FastVector@ULiteralInt@XGRAPHICS@@@2@PAV?$FastVector@ULiteralFloat@XGRAPHICS@@@2@@Z	0x344	0x82CAB520
xgraphics	shaderpdbbuilder.cpp	?WriteAsserts@ShaderPDBBuilder@XGRAPHICS@@AAAXPAVStream@2@PAV?$FastVector@UAssertInfo@XGRAPHICS@@@2@@Z	0x280	0x82CAB868
xgraphics	shaderpdbbuilder.cpp	?WriteDebugPrints@ShaderPDBBuilder@XGRAPHICS@@AAAXPAVStream@2@PAV?$FastVector@UDebugPrintInfo@XGRAPHICS@@@2@@Z	0x400	0x82CABAE8
xgraphics	shaderpdbbuilder.cpp	?WriteTypeInfo@ShaderPDBBuilder@XGRAPHICS@@AAAXPAVStream@2@PAU_D3DXSHADER_CONSTANTTABLE@@PAU_D3DXSHADER_TYPEINFO@@PBD@Z	0x188	0x82CABEE8
xgraphics	shaderpdbbuilder.cpp	?WriteConstant@ShaderPDBBuilder@XGRAPHICS@@AAAXPAVStream@2@PAU_D3DXSHADER_CONSTANTTABLE@@PAU_D3DXSHADER_CONSTANTINFO@@@Z	0xE8	0x82CAC070
xgraphics	shaderpdbbuilder.cpp	?WriteConstantTable@ShaderPDBBuilder@XGRAPHICS@@AAAXPAVStream@2@PAUPDBShader@2@@Z	0xAC	0x82CAC158
xgraphics	shaderpdbbuilder.cpp	XShaderPDBBuilder_Initialize	0x4	0x82CAC208
xgraphics	shaderpdbbuilder.cpp	XShaderPDBBuilder_AddConstantTable	0x4	0x82CAC210
xgraphics	shaderpdbbuilder.cpp	?CreatePDBHint@ShaderPDBBuilder@XGRAPHICS@@QAAXPBDK@Z	0x304	0x82CAC218
xgraphics	shaderpdbbuilder.cpp	?WriteTool@ShaderPDBBuilder@XGRAPHICS@@AAAXPAVStream@2@@Z	0x230	0x82CAC520
xgraphics	shaderpdbbuilder.cpp	?WriteVariableInfo@ShaderPDBBuilder@XGRAPHICS@@AAAXPAVStream@2@PAV?$FastVector@UVariableInfo@XGRAPHICS@@@2@PAVCCommentBlock@D3DXShader@@@Z	0x1D0	0x82CAC750
xgraphics	shaderpdbbuilder.cpp	?WriteFuncInfo@ShaderPDBBuilder@XGRAPHICS@@AAAXPAVStream@2@PAV?$FastVector@UFuncInfo@XGRAPHICS@@@2@@Z	0x1BC	0x82CAC920
xgraphics	shaderpdbbuilder.cpp	merged_82CACAE0	0x6C	0x82CACAE0
xgraphics	shaderpdbbuilder.cpp	?push_back@?$FastVector@UStatement@XGRAPHICS@@@XGRAPHICS@@QAAXABUStatement@2@AAJ@Z	0x74	0x82CACB50
xgraphics	shaderpdbbuilder.cpp	?push_back@?$FastVector@UVariableDebugInfo@XGRAPHICS@@@XGRAPHICS@@QAAXABUVariableDebugInfo@2@AAJ@Z	0x88	0x82CACBC8
xgraphics	shaderpdbbuilder.cpp	?push_back@?$FastVector@ULiteralBool@XGRAPHICS@@@XGRAPHICS@@QAAXABULiteralBool@2@AAJ@Z	0x78	0x82CACC50
xgraphics	shaderpdbbuilder.cpp	?push_back@?$FastVector@ULiteralInt@XGRAPHICS@@@XGRAPHICS@@QAAXABULiteralInt@2@AAJ@Z	0x88	0x82CACCC8
xgraphics	shaderpdbbuilder.cpp	?push_back@?$FastVector@ULiteralFloat@XGRAPHICS@@@XGRAPHICS@@QAAXABULiteralFloat@2@AAJ@Z	0x84	0x82CACD50
xgraphics	shaderpdbbuilder.cpp	?push_back@?$FastVector@UFile@XGRAPHICS@@@XGRAPHICS@@QAAXABUFile@2@AAJ@Z	0x74	0x82CACDD8
xgraphics	shaderpdbbuilder.cpp	?push_back@?$FastVector@UArgument@XGRAPHICS@@@XGRAPHICS@@QAAXABUArgument@2@AAJ@Z	0x74	0x82CACE50
xgraphics	shaderpdbbuilder.cpp	??0ShaderPDBBuilder@XGRAPHICS@@QAA@XZ	0x100	0x82CACEC8
xgraphics	shaderpdbbuilder.cpp	?AddRef@ShaderPDBBuilder@XGRAPHICS@@UAAKXZ	0x14	0x82CACFC8
xgraphics	shaderpdbbuilder.cpp	?EndPass@ShaderPDBBuilder@XGRAPHICS@@UAAXK@Z	0x18	0x82CACFE0
xgraphics	shaderpdbbuilder.cpp	merged_82CACFF8	0x50	0x82CACFF8
xgraphics	shaderpdbbuilder.cpp	merged_82CAD048	0x8C	0x82CAD048
xgraphics	shaderpdbbuilder.cpp	??1ShaderPDBBuilder@XGRAPHICS@@QAA@XZ	0x250	0x82CAD0D8
xgraphics	shaderpdbbuilder.cpp	?RemapVariableRegisters@ShaderPDBBuilder@XGRAPHICS@@UAAXPAK@Z	0x68	0x82CAD328
xgraphics	shaderpdbbuilder.cpp	?Release@ShaderPDBBuilder@XGRAPHICS@@UAAKXZ	0x50	0x82CAD390
xgraphics	shaderpdbbuilder.cpp	merged_82CAD3E0	0x78	0x82CAD3E0
xgraphics	shaderpdbbuilder.cpp	?CreatePDBHint@ShaderPDBBuilder@XGRAPHICS@@QAAXXZ	0x70	0x82CAD458
xgraphics	shaderpdbbuilder.cpp	?GetPDBHint@ShaderPDBBuilder@XGRAPHICS@@QAAXPAUXShaderPDBHint@@@Z	0x74	0x82CAD4C8
xgraphics	shaderpdbbuilder.cpp	?AddArgument@ShaderPDBBuilder@XGRAPHICS@@QAAXPBD0@Z	0x5C	0x82CAD540
xgraphics	shaderpdbbuilder.cpp	?AddCommonArguments@ShaderPDBBuilder@XGRAPHICS@@QAAXKKKKKKKKK@Z	0x224	0x82CAD5A0
xgraphics	shaderpdbbuilder.cpp	?AddCommonArguments@ShaderPDBBuilder@XGRAPHICS@@QAAXKPAU_D3DXSHADER_COMPILE_PARAMETERSA@@@Z	0xD0	0x82CAD7C8
xgraphics	shaderpdbbuilder.cpp	?AddHLSLSpecificArguments@ShaderPDBBuilder@XGRAPHICS@@QAAXKKKKKKK@Z	0x348	0x82CAD898
xgraphics	shaderpdbbuilder.cpp	?AddHLSLArguments@ShaderPDBBuilder@XGRAPHICS@@QAAXKPAU_D3DXSHADER_COMPILE_PARAMETERSA@@@Z	0xA8	0x82CADBE0
xgraphics	shaderpdbbuilder.cpp	?SetVariableCount@ShaderPDBBuilder@XGRAPHICS@@QAAJK@Z	0x5C	0x82CADC88
xgraphics	shaderpdbbuilder.cpp	?AddVfetch@ShaderPDBBuilder@XGRAPHICS@@UAAXKKKKH@Z	0x84	0x82CADCE8
xgraphics	shaderpdbbuilder.cpp	?AddInterpolator@ShaderPDBBuilder@XGRAPHICS@@UAAXKKK@Z	0x68	0x82CADD70
xgraphics	shaderpdbbuilder.cpp	?EnumerateLiteralsCallback@ShaderPDBBuilder@XGRAPHICS@@QAAJKKKPBX@Z	0x134	0x82CADDD8
xgraphics	shaderpdbbuilder.cpp	?AddVariableDebugInfo@ShaderPDBBuilder@XGRAPHICS@@QAAXKKDKHHHK@Z	0x9C	0x82CADF10
xgraphics	shaderpdbbuilder.cpp	?SetFunctionCount@ShaderPDBBuilder@XGRAPHICS@@QAAJK@Z	0x5C	0x82CADFB0
xgraphics	shaderpdbbuilder.cpp	?SetFunctionEntryExitCount@ShaderPDBBuilder@XGRAPHICS@@QAAJK@Z	0x5C	0x82CAE010
xgraphics	shaderpdbbuilder.cpp	?AddFunctionEntry@ShaderPDBBuilder@XGRAPHICS@@QAAXKKHK@Z	0xAC	0x82CAE070
xgraphics	shaderpdbbuilder.cpp	?AddFunctionExit@ShaderPDBBuilder@XGRAPHICS@@QAAXKKHK@Z	0xA8	0x82CAE120
xgraphics	shaderpdbbuilder.cpp	?SetLexicalScopeCount@ShaderPDBBuilder@XGRAPHICS@@QAAJK@Z	0x5C	0x82CAE1C8
xgraphics	shaderpdbbuilder.cpp	?AddLexicalScope@ShaderPDBBuilder@XGRAPHICS@@QAAXKK@Z	0x90	0x82CAE228
xgraphics	shaderpdbbuilder.cpp	?SetAssertCount@ShaderPDBBuilder@XGRAPHICS@@QAAJK@Z	0x5C	0x82CAE2B8
xgraphics	shaderpdbbuilder.cpp	?SetDebugPrintCount@ShaderPDBBuilder@XGRAPHICS@@QAAJK@Z	0x5C	0x82CAE318
xgraphics	shaderpdbbuilder.cpp	?SetDebugPrintInfo@ShaderPDBBuilder@XGRAPHICS@@QAAXKPBDK@Z	0x90	0x82CAE378
xgraphics	shaderpdbbuilder.cpp	?SetDebugPrintArgumentCount@ShaderPDBBuilder@XGRAPHICS@@QAAJKK@Z	0xB8	0x82CAE408
xgraphics	shaderpdbbuilder.cpp	?SetDebugPrintArgumentType@ShaderPDBBuilder@XGRAPHICS@@QAAXKKW4_D3DCOMPONENT_TYPE@D3DXShader@@KK@Z	0xEC	0x82CAE4C0
xgraphics	shaderpdbbuilder.cpp	?SetDebugPrintArgumentRegisterCount@ShaderPDBBuilder@XGRAPHICS@@QAAJKKK@Z	0x10C	0x82CAE5B0
xgraphics	shaderpdbbuilder.cpp	?SetDebugPrintArgumentRegister@ShaderPDBBuilder@XGRAPHICS@@QAAXKKKK@Z	0x128	0x82CAE6C0
xgraphics	shaderpdbbuilder.cpp	?Lookup@ShaderPDBBuilder@XGRAPHICS@@AAAJPBDPAK@Z	0x184	0x82CAE7E8
xgraphics	shaderpdbbuilder.cpp	?WriteShaders@ShaderPDBBuilder@XGRAPHICS@@AAAXPAVStream@2@@Z	0x358	0x82CAE970
xgraphics	shaderpdbbuilder.cpp	?Intern@ShaderPDBBuilder@XGRAPHICS@@AAAIPBD@Z	0xA4	0x82CAECC8
xgraphics	shaderpdbbuilder.cpp	XCreatePDBBuilder	0x3C	0x82CAED70
xgraphics	shaderpdbbuilder.cpp	XShaderPDBBuilder_GetPDBHint	0x4	0x82CAEDB0
xgraphics	shaderpdbbuilder.cpp	XShaderPDBBuilder_AddHLSLArgumentsA	0x4	0x82CAEDB8
xgraphics	shaderpdbbuilder.cpp	XShaderPDBBuilder_SetVariableCount	0x4	0x82CAEDC0
xgraphics	shaderpdbbuilder.cpp	XShaderPDBBuilder_AddVariableDebugInfo	0x28	0x82CAEDC8
xgraphics	shaderpdbbuilder.cpp	XShaderPDBBuilder_SetFunctionCount	0x4	0x82CAEDF0
xgraphics	shaderpdbbuilder.cpp	XShaderPDBBuilder_SetFunctionEntryExitCount	0x4	0x82CAEDF8
xgraphics	shaderpdbbuilder.cpp	XShaderPDBBuilder_AddFunctionEntry	0x4	0x82CAEE00
xgraphics	shaderpdbbuilder.cpp	XShaderPDBBuilder_AddFunctionExit	0x4	0x82CAEE08
xgraphics	shaderpdbbuilder.cpp	XShaderPDBBuilder_SetLexicalScopeCount	0x4	0x82CAEE10
xgraphics	shaderpdbbuilder.cpp	XShaderPDBBuilder_AddLexicalScope	0x4	0x82CAEE18
xgraphics	shaderpdbbuilder.cpp	XShaderPDBBuilder_EnumerateLiteralsCallback	0x4	0x82CAEE20
xgraphics	shaderpdbbuilder.cpp	XShaderPDBBuilder_SetAssertCount	0x4	0x82CAEE28
xgraphics	shaderpdbbuilder.cpp	XShaderPDBBuilder_SetDebugPrintCount	0x4	0x82CAEE30
xgraphics	shaderpdbbuilder.cpp	XShaderPDBBuilder_SetDebugPrintInfo	0x4	0x82CAEE38
xgraphics	shaderpdbbuilder.cpp	XShaderPDBBuilder_SetDebugPrintArgumentCount	0x4	0x82CAEE40
xgraphics	shaderpdbbuilder.cpp	XShaderPDBBuilder_SetDebugPrintArgumentType	0x4	0x82CAEE48
xgraphics	shaderpdbbuilder.cpp	XShaderPDBBuilder_SetDebugPrintArgumentRegisterCount	0x4	0x82CAEE50
xgraphics	shaderpdbbuilder.cpp	XShaderPDBBuilder_SetDebugPrintArgumentRegister	0x4	0x82CAEE58
xgraphics	shaderpdbbuilder.cpp	?InitializeNewShader@ShaderPDBBuilder@XGRAPHICS@@QAAPAUPDBShader@2@PBDK@Z	0x2A4	0x82CAEE60
xgraphics	shaderpdbbuilder.cpp	?BeginPass@ShaderPDBBuilder@XGRAPHICS@@UAAXH@Z	0xA0	0x82CAF108
xgraphics	shaderpdbbuilder.cpp	?BeginShader@ShaderPDBBuilder@XGRAPHICS@@QAAXPBDK@Z	0x130	0x82CAF1A8
xgraphics	shaderpdbbuilder.cpp	?AddSourceMapping@ShaderPDBBuilder@XGRAPHICS@@QAAXHKPBDKKH@Z	0x80	0x82CAF2D8
xgraphics	shaderpdbbuilder.cpp	?AddDefine@ShaderPDBBuilder@XGRAPHICS@@QAAXPBD0@Z	0x70	0x82CAF358
xgraphics	shaderpdbbuilder.cpp	?AddSourceFile@ShaderPDBBuilder@XGRAPHICS@@QAAJPBD0K@Z	0x9C	0x82CAF3C8
xgraphics	shaderpdbbuilder.cpp	?AddVariableInfo@ShaderPDBBuilder@XGRAPHICS@@QAAXKPAVCNodeDecl@D3DXShader@@PAVCNode@4@PAVCNodeVariable@4@KK@Z	0xD4	0x82CAF468
xgraphics	shaderpdbbuilder.cpp	?AddFunctionInfo@ShaderPDBBuilder@XGRAPHICS@@QAAJKPAVCNodeDecl@D3DXShader@@@Z	0xE8	0x82CAF540
xgraphics	shaderpdbbuilder.cpp	?SetAssertInfo@ShaderPDBBuilder@XGRAPHICS@@QAAXKKKPBDK0K@Z	0xE0	0x82CAF628
xgraphics	shaderpdbbuilder.cpp	?WritePDB@ShaderPDBBuilder@XGRAPHICS@@AAAXPAVStream@2@@Z	0xE0	0x82CAF708
xgraphics	shaderpdbbuilder.cpp	XShaderPDBBuilder_BeginShader	0x4	0x82CAF7E8
xgraphics	shaderpdbbuilder.cpp	XShaderPDBBuilder_AddSourceMapping	0x4	0x82CAF7F0
xgraphics	shaderpdbbuilder.cpp	XShaderPDBBuilder_AddSourceFile	0x4	0x82CAF7F8
xgraphics	shaderpdbbuilder.cpp	XShaderPDBBuilder_AddDefine	0x4	0x82CAF800
xgraphics	shaderpdbbuilder.cpp	XShaderPDBBuilder_AddVariableInfo	0x4	0x82CAF808
xgraphics	shaderpdbbuilder.cpp	XShaderPDBBuilder_AddFunctionInfo	0x4	0x82CAF810
xgraphics	shaderpdbbuilder.cpp	XShaderPDBBuilder_SetAssertInfo	0x4	0x82CAF818
xgraphics	shaderpdbbuilder.cpp	?GetPDBSize@ShaderPDBBuilder@XGRAPHICS@@QAAKXZ	0xA0	0x82CAF820
xgraphics	shaderpdbbuilder.cpp	?GetPDB@ShaderPDBBuilder@XGRAPHICS@@QAAJPAXKPAK@Z	0xBC	0x82CAF8C0
xgraphics	shaderpdbbuilder.cpp	XShaderPDBBuilder_GetPDBSize	0x4	0x82CAF980
xgraphics	shaderpdbbuilder.cpp	XShaderPDBBuilder_GetPDB	0x4	0x82CAF988
xgraphics	r500assembler.cpp	?MyClientAllocSysMem@XGRAPHICS@@YAPAXPAXI@Z	0x8	0x82CAF990
xgraphics	r500assembler.cpp	?MyClientFreeSysMem@XGRAPHICS@@YA?AW4_E_SSM_RETURNCODE@1@PAX0@Z	0x28	0x82CAF998
xgraphics	r500assembler.cpp	?MyClientAllocVidMem@XGRAPHICS@@YA?AW4_E_SSM_RETURNCODE@1@PAXIW4_E_SSM_VIDMEMHEAP@1@PAU_SSM_VIDMEM@1@@Z	0x24	0x82CAF9C0
xgraphics	r500assembler.cpp	?MyClientQueryRegistry@XGRAPHICS@@YAIPAXPADPAI@Z	0x58	0x82CAF9E8
xgraphics	r500assembler.cpp	?MyClientAssert@XGRAPHICS@@YAXPAX@Z	0x8	0x82CAFA40
xgraphics	r500assembler.cpp	?MyClientErrorMessage@XGRAPHICS@@YAXPAXIIPAD@Z	0x10	0x82CAFA48
xgraphics	r500assembler.cpp	?CreateILMgmt@XGRAPHICS@@YAJPAU_R400ILSTORE@1@@Z	0x4C	0x82CAFA58
xgraphics	r500assembler.cpp	?ConvertR500TypeAndIndexToD3DTypeAndIndex@XGRAPHICS@@YAXKKKKAAK0@Z	0x120	0x82CAFAA8
xgraphics	r500assembler.cpp	?SetUsed@ConstantTableBitVector@XGRAPHICS@@QAAXK@Z	0x68	0x82CAFBC8
xgraphics	r500assembler.cpp	?IsUsed@ConstantTableBitVector@XGRAPHICS@@QAA_NK@Z	0x6C	0x82CAFC30
xgraphics	r500assembler.cpp	?FindHighestUnused@ConstantTableBitVector@XGRAPHICS@@QAAHH@Z	0x5C	0x82CAFCA0
xgraphics	r500assembler.cpp	?RecordConstantDescription@ConstantRenumberingTable@XGRAPHICS@@QAAXPAU_D3DXCONSTANT_DESC@@@Z	0x50	0x82CAFD00
xgraphics	r500assembler.cpp	?RecordConstant@ConstantRenumberingTable@XGRAPHICS@@QAAXPBU_D3DXCONSTANT_DESC@@PBU_D3DXSHADER_CONSTANTTABLE@@PBU_D3DXSHADER_CONSTANTINFO@@PBU_D3DXSHADER_TYPEINFO@@@Z	0x238	0x82CAFD50
xgraphics	r500assembler.cpp	?BuildConstantDescription@ConstantRenumberingTable@XGRAPHICS@@QAAXPAU_D3DXCONSTANT_DESC@@PBU_D3DXSHADER_CONSTANTTABLE@@PBU_D3DXSHADER_CONSTANTINFO@@PBU_D3DXSHADER_TYPEINFO@@@Z	0x70	0x82CAFF88
xgraphics	r500assembler.cpp	?RecordConstantTableEntries@ConstantRenumberingTable@XGRAPHICS@@QAAXPAUID3DXConstantTable@@@Z	0xAC	0x82CAFFF8
xgraphics	r500assembler.cpp	?Renumber@ConstantRenumberingTable@XGRAPHICS@@QAAKK@Z	0xA0	0x82CB00A8
xgraphics	r500assembler.cpp	?RenumberCompilerLiteralsVisitor@XGRAPHICS@@YAXPAX_N11K0@Z	0x128	0x82CB0148
xgraphics	r500assembler.cpp	?ShouldSerialize@FixSerializationContext@XGRAPHICS@@QAA_N_N00PATGPUSHADER_INSTRUCTION@@@Z	0xD4	0x82CB0270
xgraphics	r500assembler.cpp	?ThreadSafeSSMPrecompileShader@XGRAPHICS@@YI?AW4_E_SSM_RETURNCODE@1@IPAX@Z	0x1B0	0x82CB0348
xgraphics	r500assembler.cpp	?R500ShaderConstantValueCallback@XGRAPHICS@@YAJPAXKI0I@Z	0x70	0x82CB04F8
xgraphics	r500assembler.cpp	?BuildConstantDescription@XGRAPHICS@@YAXPAU_D3DXCONSTANT_DESC@@PBU_D3DXSHADER_CONSTANTTABLE@@PBU_D3DXSHADER_CONSTANTINFO@@PBU_D3DXSHADER_TYPEINFO@@@Z	0x70	0x82CB0568
xgraphics	r500assembler.cpp	?CountConstantRegisters@XGRAPHICS@@YAIPBU_D3DXCONSTANT_DESC@@PBU_D3DXSHADER_CONSTANTTABLE@@PBU_D3DXSHADER_TYPEINFO@@@Z	0x114	0x82CB05D8
xgraphics	r500assembler.cpp	?AL_Destroy@@YAXPAU_ATILIST@@@Z	0x60	0x82CB06F0
xgraphics	r500assembler.cpp	?AS_SetStateI@XGRAPHICS@@YAXPAU_ABSTRACT_STATE@1@W4_E_AS_STATE@1@I@Z	0xF0	0x82CB0750
xgraphics	r500assembler.cpp	?AS_SetArrayStateI@XGRAPHICS@@YAXPAU_ABSTRACT_STATE@1@W4_E_AS_ARRAY_STATE@1@II@Z	0xC0	0x82CB0840
xgraphics	r500assembler.cpp	?DeleteILMgmt@XGRAPHICS@@YAJPAU_R400ILSTORE@1@@Z	0x58	0x82CB0900
xgraphics	r500assembler.cpp	?ForEachInstruction@XGRAPHICS@@YAXPAXKP6AX0_N11K0@Z011@Z	0x25C	0x82CB0958
xgraphics	r500assembler.cpp	?ProcessStateList@XGRAPHICS@@YAJPAU_CS_COMPILED_SHADER@1@PAUXMicrocodeBuilder@@PATGPU_PROGRAMCONTROL@@PATGPU_CONTEXTMISC@@_N@Z	0x1D4	0x82CB0BB8
xgraphics	r500assembler.cpp	?Initialize@ConstantRenumberingTable@XGRAPHICS@@QAAJPBKKPAUID3DXConstantTable@@PAU_CS_COMPILED_SHADER@2@_N@Z	0x22C	0x82CB0D90
xgraphics	r500assembler.cpp	?CreateCompilerConstantDeclarations@ConstantRenumberingTable@XGRAPHICS@@QAAJPAPAKPAK@Z	0xDC	0x82CB0FC0
xgraphics	r500assembler.cpp	?SetInterpolatorInfo@XGRAPHICS@@YAXPAU_CS_COMPILED_SHADER@1@PAUXMicrocodeBuilder@@H@Z	0x170	0x82CB10A0
xgraphics	r500assembler.cpp	?CopyMicrocodeVisitor@XGRAPHICS@@YAXPAX_N11K0@Z	0x188	0x82CB1210
xgraphics	r500assembler.cpp	?CopyMicrocodeIntoBuilder@XGRAPHICS@@YAXPAKKPAT_UCODE_VSINPUTDECLARATION@@TGPU_PROGRAMCONTROL@@TGPU_CONTEXTMISC@@PAUXMicrocodeBuilder@@PAUSamplerDimensionTable@1@@Z	0x15C	0x82CB1398
xgraphics	r500assembler.cpp	?RenumberCompilerLiterals@XGRAPHICS@@YAJPBKKPAKKPAUID3DXConstantTable@@PAUXMicrocodeBuilder@@PAU_CS_COMPILED_SHADER@1@H@Z	0x110	0x82CB14F8
xgraphics	r500assembler.cpp	?ParseDefsAndDecls@XGRAPHICS@@YAJPBKKHPAUXMicrocodeBuilder@@PAUSamplerDimensionTable@1@@Z	0x2BC	0x82CB1608
xgraphics	r500assembler.cpp	?MyBuildMicrocodeCommon@XGRAPHICS@@YAJPBKKPAUID3DXConstantTable@@PAU_CS_COMPILED_SHADER@1@PAPAUXMicrocodeBuilder@@HPAT_UCODE_VSINPUTDECLARATION@@PAU_UCODE_DEBUGGER_PARAMETERS@@@Z	0x20C	0x82CB18C8
xgraphics	r500assembler.cpp	?Mark@FixSerializationContext@XGRAPHICS@@QAAXK@Z	0xCC	0x82CB1AD8
xgraphics	r500assembler.cpp	?OutputLine@R500ValidatorOutputCallbackContext@XGRAPHICS@@QAAJXZ	0x6C	0x82CB1BA8
xgraphics	r500assembler.cpp	?ValidatorOutput@R500ValidatorOutputCallbackContext@XGRAPHICS@@QAAJPBDK@Z	0x70	0x82CB1C18
xgraphics	r500assembler.cpp	?ValidatorOutputCallback@XGRAPHICS@@YAJPAXPBDK@Z	0x4	0x82CB1C88
xgraphics	r500assembler.cpp	?Printf@OutStream@XGRAPHICS@@QAAJPBDZZ	0x134	0x82CB1C90
xgraphics	r500assembler.cpp	?Callback@FixSerializationContext@XGRAPHICS@@QAAXPAX_N11K@Z	0xEC	0x82CB1DC8
xgraphics	r500assembler.cpp	?OutStreamCallback@XGRAPHICS@@YAJPAXPBDK@Z	0x50	0x82CB1EB8
xgraphics	r500assembler.cpp	?PrintFloat@XGRAPHICS@@YAXPAVOutStream@1@M@Z	0xC8	0x82CB1F08
xgraphics	r500assembler.cpp	?PrintConstantDescription@XGRAPHICS@@YAXPAVOutStream@1@PBDPAU_D3DXCONSTANT_DESC@@@Z	0x3A4	0x82CB1FD0
xgraphics	r500assembler.cpp	?PrintConstant@XGRAPHICS@@YAXPAVOutStream@1@PBD11PBU_D3DXCONSTANT_DESC@@PBU_D3DXSHADER_CONSTANTTABLE@@PBU_D3DXSHADER_CONSTANTINFO@@PBU_D3DXSHADER_TYPEINFO@@@Z	0x2F4	0x82CB2378
xgraphics	r500assembler.cpp	?DumpConstantTable@XGRAPHICS@@YAJPAVOutStream@1@W4UCODESHADERTYPE@@PBU_UCODE_HEADER@@K@Z	0xB4	0x82CB2670
xgraphics	r500assembler.cpp	?PrintRTF@OutStream@XGRAPHICS@@QAAXPBD@Z	0x54	0x82CB2728
xgraphics	r500assembler.cpp	?Fix@FixSerializationContext@XGRAPHICS@@QAAXXZ	0x60	0x82CB2780
xgraphics	r500assembler.cpp	?R500DoPixelShader@XGRAPHICS@@YAJPBKKPAKK1KPAXP6AX2HKPBD@ZPAUID3DXConstantTable@@PAU_UCODE_DEBUGGER_PARAMETERS@@@Z	0x354	0x82CB27E0
xgraphics	r500assembler.cpp	?R500DoVertexShader@XGRAPHICS@@YAJPBKKPAKK1KPAXP6AX2HKPBD@ZPAUID3DXConstantTable@@PAU_UCODE_DEBUGGER_PARAMETERS@@@Z	0x614	0x82CB2B38
xgraphics	r500assembler.cpp	?R500D3DShaderTokensToMicrocode@XGRAPHICS@@YAJPBKKPAKK1KPAXP6AX2HKPBD@ZPAUID3DXConstantTable@@PAU_UCODE_DEBUGGER_PARAMETERS@@@Z	0x9C	0x82CB3150
xgraphics	r500assembler.cpp	?DisassembleR500MicrocodeCommon@XGRAPHICS@@YAJKHKPBU_UCODE_R500UCODE_COMMON@@PAVOutStream@1@PBXKPAPBX@Z	0x124	0x82CB31F0
xgraphics	r500assembler.cpp	?DisassembleDebuggerHint@XGRAPHICS@@YAJPBU_UCODE_R500_DEBUGGER_HINT_HEADER@@PAVOutStream@1@@Z	0xEC	0x82CB3318
xgraphics	r500assembler.cpp	?DisassembleR500PSMicrocode@XGRAPHICS@@YAJPBU_UCODE_R500PSUCODE@@PAVOutStream@1@PBXKK@Z	0x280	0x82CB3408
xgraphics	r500assembler.cpp	?DisassembleR500VSMicrocode@XGRAPHICS@@YAJPBU_UCODE_R500VSUCODE@@PAVOutStream@1@PBXKK@Z	0x428	0x82CB3688
xgraphics	r500assembler.cpp	?DisassembleR500Microcode@XGRAPHICS@@YAJKW4UCODESHADERTYPE@@PBU_UCODE_HEADER@@KPBXKPAVOutStream@1@K@Z	0xA8	0x82CB3AB0
xgraphics	r500assembler.cpp	?ConvertShaderToMicrocodeImp@XGRAPHICS@@YAJPBKKPAKK1KPAXP6AX2HKPBD@ZPAUID3DXConstantTable@@PAU_UCODE_DEBUGGER_PARAMETERS@@@Z	0xFC	0x82CB3B60
xgraphics	r500assembler.cpp	XConvertShaderToMicrocode	0x1B8	0x82CB3C60
xgraphics	r500assembler.cpp	?DumpTimingEstimate@XGRAPHICS@@YAJPAXW4UCODESHADERTYPE@@KPAVOutStream@1@@Z	0x688	0x82CB3E18
xgraphics	r500assembler.cpp	?PrintOpcode@OutStream@XGRAPHICS@@QAAXPBD@Z	0x64	0x82CB44A0
xgraphics	r500assembler.cpp	?DisassembleProgramControl@XGRAPHICS@@YAXPAVOutStream@1@HHHTGPU_PROGRAMCONTROL@@TGPU_CONTEXTMISC@@PA_N@Z	0x360	0x82CB4508
xgraphics	r500assembler.cpp	?DisassembleR500MicrocodePreamble@XGRAPHICS@@YAJKW4UCODESHADERTYPE@@PBU_UCODE_HEADER@@KPAVOutStream@1@@Z	0xE4	0x82CB4868
xgraphics	r500assembler.cpp	?DisassembleR500MicrocodePassPreamble@XGRAPHICS@@YAJKW4UCODESHADERTYPE@@PBU_UCODE_HEADER@@KPAVOutStream@1@K@Z	0x6D4	0x82CB4950
xgraphics	r500assembler.cpp	?DumpDefinitionTable_EnumerateLiteralsCallback@XGRAPHICS@@YAJPAXKKKPBX@Z	0x138	0x82CB5028
xgraphics	r500assembler.cpp	?DumpCommonPassTables@XGRAPHICS@@YAJPAVOutStream@1@W4UCODESHADERTYPE@@PBU_UCODE_HEADER@@KPBXK@Z	0xAC	0x82CB5160
xgraphics	r500assembler.cpp	?DisassembleMicrocode@XGRAPHICS@@YAJPBKKKP6AJPAXPBDK@Z1PBX@Z	0x338	0x82CB5210
xgraphics	r500assembler.cpp	XDisassembleMicrocodeShader	0x8	0x82CB5548
xgraphics	endian.cpp	?EndianSwapData@@YAXPAXPBXW4XGENDIANTYPE@@@Z	0x154	0x82CB5550
xgraphics	endian.cpp	XGEndianSwapData	0x4	0x82CB56A8
xgraphics	endian.cpp	?EndianSwapMemoryDivergentVectorAligned@@YAXPAXPBXW4XGENDIANTYPE@@HI@Z	0x2A8	0x82CB56B0
xgraphics	endian.cpp	?EndianSwapMemoryInPlaceVectorAligned@@YAXPAXW4XGENDIANTYPE@@HI@Z	0x274	0x82CB5958
xgraphics	endian.cpp	XGEndianSwapMemory	0x184	0x82CB5BD0
xgraphics	endian.cpp	?EndianSwapTexture@@YAXPAXIIPBXIIIIIW4_D3DFORMAT@@K@Z	0x280	0x82CB5D58
xgraphics	endian.cpp	XGEndianSwapSurface	0x54	0x82CB5FD8
xgraphics	main.cpp	?InitCompilerEntryPoint@D3DXShader@@YAXKPAUCompilerEntryPointState@1@@Z	0x40	0x82CB6030
xgraphics	main.cpp	?BeginCompilerEntryPoint@Compiler@D3DXShader@@SAJPAUCompilerEntryPointState@2@PAXP6AX1HPAVCNode@2@KPBD@Z@Z	0x84	0x82CB6070
xgraphics	main.cpp	?HandleShaderEntryPointException@D3DXShader@@YAJPAPAUID3DXBuffer@@PAPAUID3DXConstantTable@@@Z	0x38	0x82CB60F8
xgraphics	main.cpp	?CompileToMicrocodeErrorCallbackAdapter@D3DXShader@@YAXPAXHPAVCNode@1@KPBD@Z	0x5C	0x82CB6130
xgraphics	main.cpp	?GetMessageFormatString@D3DXShader@@YAPBDW4ErrorCode@1@@Z	0x44	0x82CB6190
xgraphics	main.cpp	?FormatErrorMessage@Compiler@D3DXShader@@QAAXPADKW4ErrorCode@2@0@Z	0x5C	0x82CB61D8
xgraphics	main.cpp	?PopDisabledTransformation@Compiler@D3DXShader@@AAAXXZ	0x18	0x82CB6238
xgraphics	main.cpp	?RestartCompiler@Compiler@D3DXShader@@QAAXXZ	0x1C	0x82CB6250
xgraphics	main.cpp	?RemoveAutoZ@Compiler@D3DXShader@@AAAJPAPAUID3DXBuffer@@KP6AJPAXPBDK@Z1@Z	0x1A8	0x82CB6270
xgraphics	main.cpp	?FatalErrorWorker@Compiler@D3DXShader@@AAAXW4ErrorCode@2@PAD@Z	0xB4	0x82CB6418
xgraphics	main.cpp	?Warning@Compiler@D3DXShader@@QAAXW4ErrorCode@2@ZZ	0x90	0x82CB64D0
xgraphics	main.cpp	?FreeInContext@CompilerHeap@D3DXShader@@SAXPAX0K@Z	0x5C	0x82CB6560
xgraphics	main.cpp	?FatalError@Compiler@D3DXShader@@QAAXW4ErrorCode@2@ZZ	0x3C	0x82CB65C0
xgraphics	main.cpp	?HandleFetchOptionsErrorCallback@Compiler@D3DXShader@@CAXPAXPBDZZ	0x60	0x82CB6600
xgraphics	main.cpp	??_GCCompilerHeapCommentBlock@D3DXShader@@QAAPAXI@Z	0x58	0x82CB6660
xgraphics	main.cpp	?FreeHeapAllocations@CompilerHeap@D3DXShader@@AAAXXZ	0x6C	0x82CB66B8
xgraphics	main.cpp	?Destruct@CompilerHeap@D3DXShader@@QAAXXZ	0x5C	0x82CB6728
xgraphics	main.cpp	?FreeEverything@CompilerHeap@D3DXShader@@QAAXXZ	0x78	0x82CB6788
xgraphics	main.cpp	?GetPhysicalMemory@CompilerHeap@D3DXShader@@AAAPAUPhysicalMemoryChunk@12@XZ	0x54	0x82CB6800
xgraphics	main.cpp	?Destruct@Compiler@D3DXShader@@QAAXJ@Z	0xEC	0x82CB6860
xgraphics	main.cpp	?CompileCommon@Compiler@D3DXShader@@QAAXKKPAPAUID3DXBuffer@@PAPAUID3DXConstantTable@@PAU_D3DXSHADER_COMPILE_PARAMETERSA@@@Z	0x38C	0x82CB6950
xgraphics	main.cpp	?RestartCompilerEntryPoint@Compiler@D3DXShader@@SAJPAUCompilerEntryPointState@2@@Z	0xD8	0x82CB6CE0
xgraphics	main.cpp	?EndCompilerEntryPoint@Compiler@D3DXShader@@SAJPAUCompilerEntryPointState@2@J@Z	0x90	0x82CB6DC0
xgraphics	main.cpp	?Init@Compiler@D3DXShader@@QAAXPAXP6AX0HPAVCNode@2@KPBD@Z@Z	0xE0	0x82CB6E50
xgraphics	main.cpp	?CompileHLSL@Compiler@D3DXShader@@QAAXKKHPAVCNode@2@PBD00PAPAUID3DXBuffer@@PAPAUID3DXConstantTable@@PAU_D3DXSHADER_COMPILE_PARAMETERSA@@@Z	0x1E8	0x82CB6F30
xgraphics	main.cpp	?CompileASM@Compiler@D3DXShader@@QAAXPAVCNode@2@PAUID3DXBuffer@@KPAPAU4@PAU_D3DXSHADER_COMPILE_PARAMETERSA@@@Z	0x100	0x82CB7118
xgraphics	main.cpp	?CompileToMicrocode@D3DXShader@@YAJKKHPAVCNode@1@PBD00PAPAUID3DXBuffer@@PAPAUID3DXConstantTable@@PAXP6AX4H0K1@ZPAU_D3DXSHADER_COMPILE_PARAMETERSA@@@Z	0x154	0x82CB7220
xgraphics	main.cpp	?OptimizeMicrocode@D3DXShader@@YAJPAVCNode@1@PAUID3DXBuffer@@KPAPAU3@PAXP6AX3HKPBD@ZPAU_D3DXSHADER_COMPILE_PARAMETERSA@@@Z	0x154	0x82CB7380
xgraphics	xenoncompress.cpp	?MakePaletteDXN@@YAXPAGEE@Z	0x88	0x82CB74D8
xgraphics	xenoncompress.cpp	?FindBestEntryDXN@@YAHPAGM@Z	0x7C	0x82CB7560
xgraphics	xenoncompress.cpp	?FindBestEntryCTX1@@YAHQAY01GMM@Z	0xB8	0x82CB75E0
xgraphics	xenoncompress.cpp	?EncodeBlockDXN@@YAXPAEQAY03MHH@Z	0x290	0x82CB7698
xgraphics	xenoncompress.cpp	?EncodeSurfaceDXN@@YAXHHPBEHPAEHHH@Z	0x134	0x82CB7928
xgraphics	xenoncompress.cpp	?EncodeBlockCTX1@@YAXPAEQAY03M1HH@Z	0x618	0x82CB7A60
xgraphics	xenoncompress.cpp	?EncodeSurfaceCTX1@@YAXHHPBEHPAEHHH@Z	0x11C	0x82CB8078
xgraphics	cblt.cpp	merged_82CB8198	0x10	0x82CB8198
xgraphics	cblt.cpp	??1CBlt@XG_D3DXTex@@QAA@XZ	0x68	0x82CB81A8
xgraphics	cblt.cpp	?BltSame_DXTn@CBlt@XG_D3DXTex@@IAAJXZ	0x1B4	0x82CB8210
xgraphics	cblt.cpp	merged_82CB83C8	0xE0	0x82CB83C8
xgraphics	cblt.cpp	?init_BoxFilter2D_A8R8G8B8@XG_D3DXTex@@YAJPAI0IIII@Z	0x48	0x82CB84A8
xgraphics	cblt.cpp	?init_BoxFilter2D_X8R8G8B8@XG_D3DXTex@@YAJPAI0IIII@Z	0x48	0x82CB84F0
xgraphics	cblt.cpp	merged_82CB8538	0xFC	0x82CB8538
xgraphics	cblt.cpp	merged_82CB8638	0x104	0x82CB8638
xgraphics	cblt.cpp	merged_82CB8740	0xC8	0x82CB8740
xgraphics	cblt.cpp	?BltSame@CBlt@XG_D3DXTex@@IAAJXZ	0x190	0x82CB8808
xgraphics	cblt.cpp	?BltCopy@CBlt@XG_D3DXTex@@IAAJXZ	0x148	0x82CB8998
xgraphics	cblt.cpp	?BltNone@CBlt@XG_D3DXTex@@IAAJXZ	0x268	0x82CB8AE0
xgraphics	cblt.cpp	?BltPoint@CBlt@XG_D3DXTex@@IAAJXZ	0x238	0x82CB8D48
xgraphics	cblt.cpp	?BltBox2D@CBlt@XG_D3DXTex@@IAAJXZ	0x4F0	0x82CB8F80
xgraphics	cblt.cpp	?BltBox3D@CBlt@XG_D3DXTex@@IAAJXZ	0x4D4	0x82CB9470
xgraphics	cblt.cpp	?LF_SetupLinear@XG_D3DXTex@@YAPAEIIH@Z	0x124	0x82CB9948
xgraphics	cblt.cpp	?BltLinear2D@CBlt@XG_D3DXTex@@IAAJXZ	0x398	0x82CB9A70
xgraphics	cblt.cpp	?BltLinear3D@CBlt@XG_D3DXTex@@IAAJXZ	0x564	0x82CB9E08
xgraphics	cblt.cpp	?TF_SetupTriangle@XG_D3DXTex@@YAPAEIIH@Z	0x2F0	0x82CBA370
xgraphics	cblt.cpp	??_ETF_Row@XG_D3DXTex@@QAAPAXI@Z	0x80	0x82CBA660
xgraphics	cblt.cpp	?BltTriangle3D@CBlt@XG_D3DXTex@@IAAJXZ	0x7E8	0x82CBA6E0
xgraphics	cblt.cpp	?BltTriangle2D@CBlt@XG_D3DXTex@@IAAJXZ	0x734	0x82CBAEC8
xgraphics	cblt.cpp	?Blt@CBlt@XG_D3DXTex@@QAAJPAUD3DX_BLT@@0K@Z	0x1E0	0x82CBB600
xgraphics	utilities.cpp	?AllocZeroMemory@FastVectorBase@XGRAPHICS@@IAAPAXK@Z	0xC	0x82CBB7E0
xgraphics	utilities.cpp	?Free@FastVectorBase@XGRAPHICS@@IAAXPAX@Z	0xC	0x82CBB7F0
xgraphics	r400psilutil.cpp	?CalculateSrcMod@XGRAPHICS@@YAKK@Z	0x14C	0x82CBB800
xgraphics	r400psilutil.cpp	?ConvertPSDstRegToILReg@XGRAPHICS@@YAKKKPAU_R400IL_RECORDED_INFO@1@PAW4ILRegType@1@@Z	0xFC	0x82CBB950
xgraphics	r400psilutil.cpp	?FCUsingPedicateReg@XGRAPHICS@@YAXKW4ILOpCode@1@PAPAK@Z	0xF8	0x82CBBA50
xgraphics	r400psilutil.cpp	?XXSkipConvertToILFunc@XGRAPHICS@@YAXPAPAKKW4ILOpCode@1@PAU_R400IL_RECORDED_INFO@1@0@Z	0x54	0x82CBBB48
xgraphics	r400psilutil.cpp	?TEXDEPTHConvertToILFunc@XGRAPHICS@@YAXPAPAKKW4ILOpCode@1@PAU_R400IL_RECORDED_INFO@1@0@Z	0xA4	0x82CBBBA0
xgraphics	r400psilutil.cpp	?AL_GetEntry@@YAPAXPAU_ATILIST@@K@Z	0x64	0x82CBBC48
xgraphics	r400psilutil.cpp	?AL_IsEntryValid@@YAHPAU_ATILIST@@K@Z	0x50	0x82CBBCB0
xgraphics	r400psilutil.cpp	?AL_GrowArray@@YAHPAU_ATILIST@@K@Z	0xE8	0x82CBBD00
xgraphics	r400psilutil.cpp	?AL_GetNewEntry@@YAPAXPAU_ATILIST@@K@Z	0x98	0x82CBBDE8
xgraphics	r400psilutil.cpp	?ConvertPSSrcRegToILReg@XGRAPHICS@@YAKKPAU_R400IL_RECORDED_INFO@1@PAW4ILRegType@1@@Z	0x17C	0x82CBBE80
xgraphics	r400psilutil.cpp	?ProcessDSTToIL@XGRAPHICS@@YAXKPAU_R400IL_RECORDED_INFO@1@PAPAK@Z	0x11C	0x82CBC000
xgraphics	r400psilutil.cpp	?ProcessSRCToIL@XGRAPHICS@@YAXKKKPAU_R400IL_RECORDED_INFO@1@PAPAK@Z	0x178	0x82CBC120
xgraphics	r400psilutil.cpp	?InsertMovWithMask@XGRAPHICS@@YAXKKPAU_R400IL_RECORDED_INFO@1@PAPAK@Z	0xD8	0x82CBC298
xgraphics	r400psilutil.cpp	?AddCmpInstForPredicatedInst@XGRAPHICS@@YAXKKKPAU_R400IL_RECORDED_INFO@1@PAPAK@Z	0x1E0	0x82CBC370
xgraphics	r400psilutil.cpp	?SwizzleResult@XGRAPHICS@@YAXKKKPAU_R400IL_RECORDED_INFO@1@PAPAK@Z	0x14C	0x82CBC550
xgraphics	r400psilutil.cpp	?ALUConvertToILFunc@XGRAPHICS@@YAXPAPAKKW4ILOpCode@1@PAU_R400IL_RECORDED_INFO@1@0@Z	0x488	0x82CBC6A0
xgraphics	r400psilutil.cpp	?FCConvertToILFunc@XGRAPHICS@@YAXPAPAKKW4ILOpCode@1@PAU_R400IL_RECORDED_INFO@1@0@Z	0x4B4	0x82CBCB28
xgraphics	r400psilutil.cpp	?XX_CompConvertToILFunc@XGRAPHICS@@YAXPAPAKKW4ILOpCode@1@PAU_R400IL_RECORDED_INFO@1@0@Z	0x1CC	0x82CBCFE0
xgraphics	r400psilutil.cpp	?TEXCOORDConvertToILFunc@XGRAPHICS@@YAXPAPAKKW4ILOpCode@1@PAU_R400IL_RECORDED_INFO@1@0@Z	0x18C	0x82CBD1B0
xgraphics	r400psilutil.cpp	?TEXKILLConvertToILFunc@XGRAPHICS@@YAXPAPAKKW4ILOpCode@1@PAU_R400IL_RECORDED_INFO@1@0@Z	0x1F0	0x82CBD340
xgraphics	r400psilutil.cpp	?TEXLDConvertToILFunc@XGRAPHICS@@YAXPAPAKKW4ILOpCode@1@PAU_R400IL_RECORDED_INFO@1@0@Z	0x390	0x82CBD530
xgraphics	r400psilutil.cpp	?DX9_TEXLDConvertToILFunc@XGRAPHICS@@YAXPAPAKKW4ILOpCode@1@PAU_R400IL_RECORDED_INFO@1@0@Z	0x290	0x82CBD8C0
xgraphics	r400psilutil.cpp	?TEXBEMConvertToILFunc@XGRAPHICS@@YAXPAPAKKW4ILOpCode@1@PAU_R400IL_RECORDED_INFO@1@0@Z	0x3F8	0x82CBDB50
xgraphics	r400psilutil.cpp	?BEMConvertToILFunc@XGRAPHICS@@YAXPAPAKKW4ILOpCode@1@PAU_R400IL_RECORDED_INFO@1@0@Z	0x330	0x82CBDF48
xgraphics	r400psilutil.cpp	?TEXREG2XXConvertToILFunc@XGRAPHICS@@YAXPAPAKKW4ILOpCode@1@PAU_R400IL_RECORDED_INFO@1@0@Z	0x1E8	0x82CBE278
xgraphics	r400psilutil.cpp	?TEXM3x2PADConvertToILFunc@XGRAPHICS@@YAXPAPAKKW4ILOpCode@1@PAU_R400IL_RECORDED_INFO@1@0@Z	0xDC	0x82CBE460
xgraphics	r400psilutil.cpp	?TEXM3x3PADConvertToILFunc@XGRAPHICS@@YAXPAPAKKW4ILOpCode@1@PAU_R400IL_RECORDED_INFO@1@0@Z	0x160	0x82CBE540
xgraphics	r400psilutil.cpp	?TEXM3xXXConvertToILFunc@XGRAPHICS@@YAXPAPAKKW4ILOpCode@1@PAU_R400IL_RECORDED_INFO@1@0@Z	0x3B8	0x82CBE6A0
xgraphics	r400psilutil.cpp	?TEXALUConvertToILFunc@XGRAPHICS@@YAXPAPAKKW4ILOpCode@1@PAU_R400IL_RECORDED_INFO@1@0@Z	0x1B0	0x82CBEA58
xgraphics	r400psilutil.cpp	?CreateDXToILTable@XGRAPHICS@@YAXXZ	0x678	0x82CBEC08
xgraphics	r400psil.cpp	?DEFConvertToILFunc@XGRAPHICS@@YAXPAPAKKPAU_R400PSIL@1@0@Z	0xB0	0x82CBF280
xgraphics	r400psil.cpp	?DEFIConvertToILFunc@XGRAPHICS@@YAXPAPAKKPAU_R400PSIL@1@0@Z	0xB0	0x82CBF330
xgraphics	r400psil.cpp	?SetupRegDefault@XGRAPHICS@@YAXKPAW4ILImportComponent@1@0000@Z	0x60	0x82CBF3E0
xgraphics	r400psil.cpp	?SetupDCLPT@XGRAPHICS@@YAXKW4_D3DSAMPLER_TEXTURE_TYPE@@PAPAK@Z	0xA0	0x82CBF440
xgraphics	r400psil.cpp	?SetupDCLPIN@XGRAPHICS@@YAXKW4_D3DDECLUSAGE@@KHPAW4ILImportComponent@1@KPAU_R400PSIL@1@PAPAK@Z	0x1AC	0x82CBF4E0
xgraphics	r400psil.cpp	?SetupDCLPI@XGRAPHICS@@YAXKW4_D3DDECLUSAGE@@KHPAW4ILImportComponent@1@KPAU_R400PSIL@1@PAPAK@Z	0x13C	0x82CBF690
xgraphics	r400psil.cpp	?PSConvertDCLToILFunc@XGRAPHICS@@YAKPAPAKKPAU_R400PSIL@1@0PAXP6AX2HKPBD@Z@Z	0x238	0x82CBF7D0
xgraphics	r400psil.cpp	?ProcessFirstPassInfo@XGRAPHICS@@YAXKPAU_R400PSIL@1@PAPAK@Z	0x14C	0x82CBFA08
xgraphics	r400psil.cpp	?CollectPS1InstInfo@XGRAPHICS@@YAXKPAPAKPAU_R400PSIL@1@@Z	0x2DC	0x82CBFB58
xgraphics	r400psil.cpp	?FirstPassForPS1_XX@XGRAPHICS@@YAKPAKKPAU_R400PSIL@1@@Z	0xEC	0x82CBFE38
xgraphics	r400psil.cpp	?GrowILMemory@XGRAPHICS@@YAJPAU_R400ILSTORE@1@@Z	0x94	0x82CBFF28
xgraphics	r400psil.cpp	?HasNeededILMem@XGRAPHICS@@YAJPAPAKPAU_R400ILSTORE@1@@Z	0x8C	0x82CBFFC0
xgraphics	r400psil.cpp	?r400InsertEndMainILCode@XGRAPHICS@@YAKKPAPAKPAU_R400ILSTORE@1@PAU_R400PSIL@1@@Z	0x128	0x82CC0050
xgraphics	r400psil.cpp	?r400PS_TO_ILConversion@XGRAPHICS@@YAKPAKKPAU_R400PSIL@1@PAU_R400ILSTORE@1@W4_E_CENTER_CENTROID@1@PAXP6AX4HKPBD@Z@Z	0x3F4	0x82CC0178
xgraphics	bitfield.cpp	?bfx@XGRAPHICS@@YAKPBEKK@Z	0x54	0x82CC0570
xgraphics	bitfield.cpp	?bfi@XGRAPHICS@@YAXPAEKKJ@Z	0x9C	0x82CC05C8
xgraphics	ssmdebug.cpp	SSMDebugPrint	0x24C	0x82CC0668
xgraphics	ssmdebug.cpp	SSMDebugOpenAppendFile	0x54	0x82CC08B8
xgraphics	ssmdebug.cpp	SSMDebugCloseFile	0x34	0x82CC0910
xgraphics	ssmdebug.cpp	?SSMDebug_SetFuncs@XGRAPHICS@@YAXPAXP6AX0PAD11@ZP6APAX01I@ZP6AI00@ZP6AI001IPAI@Z6P6AX0@ZP6AX0II1@Z@Z	0x40	0x82CC0948
xgraphics	disasm.cpp	merged_82CC0988	0x58	0x82CC0988
xgraphics	disasm.cpp	?DoPrint2@Disassembler@XGRAPHICS@@AAAXPADZZ	0x60	0x82CC09E0
xgraphics	disasm.cpp	?UpdateOpcodeTables@Disassembler@XGRAPHICS@@AAAXXZ	0x81C	0x82CC0A40
xgraphics	disasm.cpp	?PrintOpcode@Disassembler@XGRAPHICS@@AAAXPAD@Z	0x70	0x82CC1260
xgraphics	disasm.cpp	?PrintCFOpcode@Disassembler@XGRAPHICS@@AAAXPAD@Z	0x70	0x82CC12D0
xgraphics	disasm.cpp	?PrintDestReg@Disassembler@XGRAPHICS@@AAAXHHHHHHH@Z	0x398	0x82CC1340
xgraphics	disasm.cpp	?PrintSourceReg@Disassembler@XGRAPHICS@@AAAXHHHHHHHH@Z	0x2BC	0x82CC16D8
xgraphics	disasm.cpp	?PrintInternalKonstantReg@Disassembler@XGRAPHICS@@AAAXHHH@Z	0x148	0x82CC1998
xgraphics	disasm.cpp	?PrintAluVector@Disassembler@XGRAPHICS@@AAAXPAUaluFormat@2@@Z	0x2D8	0x82CC1AE0
xgraphics	disasm.cpp	?PrintAluScalar@Disassembler@XGRAPHICS@@AAAXPAUaluFormat@2@@Z	0x19C	0x82CC1DB8
xgraphics	disasm.cpp	?StartLine@Disassembler@XGRAPHICS@@AAAXXZ	0x60	0x82CC1F58
xgraphics	disasm.cpp	?FindBranchTargets@Disassembler@XGRAPHICS@@AAAXPADI@Z	0xE8	0x82CC1FB8
xgraphics	disasm.cpp	?PrintFetch@Disassembler@XGRAPHICS@@AAAXPADH@Z	0x8E4	0x82CC20A0
xgraphics	disasm.cpp	?PrintInst@Disassembler@XGRAPHICS@@AAAXHPADHHH@Z	0x208	0x82CC2988
xgraphics	disasm.cpp	?doDisassembly@Disassembler@XGRAPHICS@@QAAPADPADII@Z	0xA70	0x82CC2B90
xgraphics	ssmcallbacks.cpp	?SSMCreateShader@XGRAPHICS@@YIIPAX0IW4_E_SSM_COMPILEMODE@1@I@Z	0xE4	0x82CC3600
xgraphics	ssmcallbacks.cpp	?SSMDeleteShader@XGRAPHICS@@YI?AW4_E_SSM_RETURNCODE@1@PAXI@Z	0x68	0x82CC36E8
xgraphics	ssmcallbacks.cpp	?AS_GetSSMOBJHandle@XGRAPHICS@@YAPAXPAU_ABSTRACT_STATE@1@@Z	0x54	0x82CC3750
xgraphics	ssmcallbacks.cpp	?SSMPrecompileShader@XGRAPHICS@@YI?AW4_E_SSM_RETURNCODE@1@IPAX@Z	0x228	0x82CC37A8
xgraphics	ssmcallbacks.cpp	?SSMCreateASObj@XGRAPHICS@@YIPAXPAXI@Z	0x98	0x82CC39D0
xgraphics	ssmcallbacks.cpp	?SSMDeleteASObj@XGRAPHICS@@YI?AW4_E_SSM_RETURNCODE@1@PAX@Z	0xB8	0x82CC3A68
xgraphics	linkedlist.cpp	?LST_CreateItem@XGRAPHICS@@YAPAXPAU_MEM_HEAD@1@@Z	0x74	0x82CC3B20
xgraphics	linkedlist.cpp	?LST_InsertAfterItem@XGRAPHICS@@YAXPAU_LIST_PRIM_ITEM@1@0@Z	0xE8	0x82CC3B98
xgraphics	linkedlist.cpp	?LST_InsertBeforeItem@XGRAPHICS@@YAXPAU_LIST_PRIM_ITEM@1@0@Z	0xE4	0x82CC3C80
xgraphics	linkedlist.cpp	?LST_RemoveItem@XGRAPHICS@@YAPAU_LIST_PRIM_ITEM@1@PAU21@@Z	0xA8	0x82CC3D68
xgraphics	linkedlist.cpp	?ULIST_CreateList@XGRAPHICS@@YAPAU_KEY_LIST@1@PAXP6APAX0I@ZP6A?AW4_E_SSM_RETURNCODE@1@00@ZI@Z	0x138	0x82CC3E10
xgraphics	linkedlist.cpp	?ULIST_DestroyList@XGRAPHICS@@YAXPAU_KEY_LIST@1@@Z	0x100	0x82CC3F48
xgraphics	linkedlist.cpp	?ULIST_InsertItem@XGRAPHICS@@YAXPAU_KEY_LIST@1@IPAX@Z	0xB4	0x82CC4048
xgraphics	linkedlist.cpp	?ULIST_Search@XGRAPHICS@@YAPAU_KEY_LIST_ITEM@1@PAU21@0I@Z	0xC8	0x82CC4100
xgraphics	linkedlist.cpp	?ULIST_GetItem@XGRAPHICS@@YAPAXPAU_KEY_LIST@1@I@Z	0xB0	0x82CC41C8
xgraphics	linkedlist.cpp	?ULIST_RemoveItem@XGRAPHICS@@YAPAXPAU_KEY_LIST@1@I@Z	0xF4	0x82CC4278
xgraphics	linkedlist.cpp	?OLIST_InitList@XGRAPHICS@@YAXPAU_KEY_LIST@1@PAU_MEM_HEAD@1@PAXP6APAX2I@ZP6A?AW4_E_SSM_RETURNCODE@1@22@Z@Z	0x144	0x82CC4370
xgraphics	linkedlist.cpp	?OLIST_DestroyList@XGRAPHICS@@YAXPAU_KEY_LIST@1@@Z	0x110	0x82CC44B8
xgraphics	linkedlist.cpp	?OLIST_InsertItem@XGRAPHICS@@YAXPAU_KEY_LIST@1@IPAX@Z	0x120	0x82CC45C8
xgraphics	linkedlist.cpp	?OLIST_Search@XGRAPHICS@@YAPAU_KEY_LIST_ITEM@1@PAU21@0I@Z	0xC8	0x82CC46E8
xgraphics	linkedlist.cpp	?OLIST_GetItem@XGRAPHICS@@YAPAXPAU_KEY_LIST@1@I@Z	0xB0	0x82CC47B0
xgraphics	linkedlist.cpp	?OLIST_GetNextItem@XGRAPHICS@@YAPAXPAU_KEY_LIST@1@@Z	0xB0	0x82CC4860
xgraphics	linkedlist.cpp	?OLIST_RemoveItem@XGRAPHICS@@YAPAXPAU_KEY_LIST@1@I@Z	0xF4	0x82CC4910
xgraphics	linkedlist.cpp	?OLIST_RemoveFirstItem@XGRAPHICS@@YAPAXPAU_KEY_LIST@1@@Z	0xD8	0x82CC4A08
xgraphics	linkedlist.cpp	?OLIST_GetNumItems@XGRAPHICS@@YAIPAU_KEY_LIST@1@@Z	0x54	0x82CC4AE0
xgraphics	linkedlist.cpp	?OLIST_CreateObjMemMgr@XGRAPHICS@@YAPAU_MEM_HEAD@1@PAXP6APAX0I@ZP6A?AW4_E_SSM_RETURNCODE@1@00@ZI@Z	0x70	0x82CC4B38
xgraphics	linkedlist.cpp	?OLIST_CreateItemMemMgr@XGRAPHICS@@YAPAU_MEM_HEAD@1@PAXP6APAX0I@ZP6A?AW4_E_SSM_RETURNCODE@1@00@ZI@Z	0x70	0x82CC4BA8
xgraphics	linkedlist.cpp	?OLIST_GetObjSize@XGRAPHICS@@YAIXZ	0x8	0x82CC4C18
xgraphics	linkedlist.cpp	?INTLIST_InitList@XGRAPHICS@@YAXPAU_INTEGER_LIST@1@PAU_MEM_HEAD@1@@Z	0x11C	0x82CC4C20
xgraphics	linkedlist.cpp	?INTLIST_DestroyList@XGRAPHICS@@YAXPAU_INTEGER_LIST@1@@Z	0x148	0x82CC4D40
xgraphics	linkedlist.cpp	?INTLIST_GetNumItems@XGRAPHICS@@YAIPAU_INTEGER_LIST@1@@Z	0x54	0x82CC4E88
xgraphics	linkedlist.cpp	?INTLIST_CreateObjMemMgr@XGRAPHICS@@YAPAU_MEM_HEAD@1@PAXP6APAX0I@ZP6A?AW4_E_SSM_RETURNCODE@1@00@ZI@Z	0x70	0x82CC4EE0
xgraphics	linkedlist.cpp	?INTLIST_CreateItemMemMgr@XGRAPHICS@@YAPAU_MEM_HEAD@1@PAXP6APAX0I@ZP6A?AW4_E_SSM_RETURNCODE@1@00@ZI@Z	0x70	0x82CC4F50
xgraphics	linkedlist.cpp	?OBJLIST_InitList@XGRAPHICS@@YAXPAU_OBJECT_LIST@1@PAU_MEM_HEAD@1@@Z	0x11C	0x82CC4FC0
xgraphics	linkedlist.cpp	?OBJLIST_DestroyList@XGRAPHICS@@YAXPAU_OBJECT_LIST@1@@Z	0x10C	0x82CC50E0
xgraphics	linkedlist.cpp	?OBJLIST_GetNumItems@XGRAPHICS@@YAIPAU_OBJECT_LIST@1@@Z	0x54	0x82CC51F0
xgraphics	linkedlist.cpp	?OBJLIST_PrependItem@XGRAPHICS@@YAXPAU_OBJECT_LIST@1@PAU_OBJECT_LIST_ITEM@1@@Z	0xC8	0x82CC5248
xgraphics	linkedlist.cpp	?OBJLIST_PrependNewItem@XGRAPHICS@@YAPAU_OBJECT_LIST_ITEM@1@PAU_OBJECT_LIST@1@PAX@Z	0x90	0x82CC5310
xgraphics	linkedlist.cpp	?OBJLIST_AppendItem@XGRAPHICS@@YAXPAU_OBJECT_LIST@1@PAU_OBJECT_LIST_ITEM@1@@Z	0xC8	0x82CC53A0
xgraphics	linkedlist.cpp	?OBJLIST_AppendNewItem@XGRAPHICS@@YAPAU_OBJECT_LIST_ITEM@1@PAU_OBJECT_LIST@1@PAX@Z	0x90	0x82CC5468
xgraphics	linkedlist.cpp	?OBJLIST_GetFirstItem@XGRAPHICS@@YAPAU_OBJECT_LIST_ITEM@1@PAU_OBJECT_LIST@1@@Z	0xA0	0x82CC54F8
xgraphics	linkedlist.cpp	?OBJLIST_RemoveFirstItem@XGRAPHICS@@YAPAU_OBJECT_LIST_ITEM@1@PAU_OBJECT_LIST@1@@Z	0xD8	0x82CC5598
xgraphics	linkedlist.cpp	?OBJLIST_RemoveLastItem@XGRAPHICS@@YAPAU_OBJECT_LIST_ITEM@1@PAU_OBJECT_LIST@1@@Z	0xD8	0x82CC5670
xgraphics	linkedlist.cpp	?OBJLIST_RemoveItem@XGRAPHICS@@YAPAU_OBJECT_LIST_ITEM@1@PAU_OBJECT_LIST@1@PAU21@@Z	0xB0	0x82CC5748
xgraphics	linkedlist.cpp	?OBJLIST_GetNextItem@XGRAPHICS@@YAPAU_OBJECT_LIST_ITEM@1@PAU_OBJECT_LIST@1@PAU21@@Z	0x74	0x82CC57F8
xgraphics	linkedlist.cpp	?OBJLIST_DestroyListItem@XGRAPHICS@@YAXPAU_OBJECT_LIST_ITEM@1@@Z	0x34	0x82CC5870
xgraphics	linkedlist.cpp	?OBJLIST_GetDataObject@XGRAPHICS@@YAPAXPAU_OBJECT_LIST_ITEM@1@@Z	0x54	0x82CC58A8
xgraphics	linkedlist.cpp	?OBJLIST_CreateObjMemMgr@XGRAPHICS@@YAPAU_MEM_HEAD@1@PAXP6APAX0I@ZP6A?AW4_E_SSM_RETURNCODE@1@00@ZI@Z	0x70	0x82CC5900
xgraphics	linkedlist.cpp	?OBJLIST_CreateItemMemMgr@XGRAPHICS@@YAPAU_MEM_HEAD@1@PAXP6APAX0I@ZP6A?AW4_E_SSM_RETURNCODE@1@00@ZI@Z	0x70	0x82CC5970
xgraphics	linkedlist.cpp	merged_82CC59E0	0x8	0x82CC59E0
xgraphics	linkedlist.cpp	?OBJLIST_CreateList@XGRAPHICS@@YAPAU_OBJECT_LIST@1@PAXP6APAX0I@ZP6A?AW4_E_SSM_RETURNCODE@1@00@ZI@Z	0x110	0x82CC59E8
xgraphics	compiledshader.cpp	?CS_Create@XGRAPHICS@@YAPAU_CS_COMPILED_SHADER@1@PAXP6APAX0I@ZP6A?AW4_E_SSM_RETURNCODE@1@00@ZPAU_SSM_REGISTRY@1@PAU_ORDERED_LIST_FACTORY@1@PAU_INTEGER_LIST_FACTORY@1@PAU_OBJECT_LIST_FACTORY@1@I@Z	0x1D8	0x82CC5AF8
xgraphics	compiledshader.cpp	?CS_Destroy@XGRAPHICS@@YAXPAU_CS_COMPILED_SHADER@1@@Z	0x1D4	0x82CC5CD0
xgraphics	compiledshader.cpp	?CS_AddRef@XGRAPHICS@@YAXPAU_CS_COMPILED_SHADER@1@@Z	0x5C	0x82CC5EA8
xgraphics	compiledshader.cpp	?CS_SetShaderType@XGRAPHICS@@YAXPAU_CS_COMPILED_SHADER@1@W4IL_Shader_Type@1@@Z	0xBC	0x82CC5F08
xgraphics	compiledshader.cpp	?AS_GetStateI@XGRAPHICS@@YAIPAU_ABSTRACT_STATE@1@W4_E_AS_STATE@1@@Z	0x70	0x82CC5FC8
xgraphics	compiledshader.cpp	?CS_GetShaderType@XGRAPHICS@@YAIPAU_CS_COMPILED_SHADER@1@PAW4IL_Shader_Type@1@@Z	0x24	0x82CC6038
xgraphics	compiledshader.cpp	?CS_SetShaderHandle@XGRAPHICS@@YAXPAU_CS_COMPILED_SHADER@1@I@Z	0x60	0x82CC6060
xgraphics	compiledshader.cpp	?CS_GetShaderHandle@XGRAPHICS@@YAIPAU_CS_COMPILED_SHADER@1@@Z	0x54	0x82CC60C0
xgraphics	compiledshader.cpp	?CS_SetInternalConstantAllocator@XGRAPHICS@@YAXPAU_CS_COMPILED_SHADER@1@PAU_IA_INTERNALCONST_ALLOCATOR@1@@Z	0x60	0x82CC6118
xgraphics	compiledshader.cpp	?CS_SetCode@XGRAPHICS@@YA?AW4_E_SSM_RETURNCODE@1@PAU_CS_COMPILED_SHADER@1@IPAX@Z	0x128	0x82CC6178
xgraphics	compiledshader.cpp	?CS_GetCode@XGRAPHICS@@YAPAU_CP_SHADERPROGRAM_BLOCK@1@PAU_CS_COMPILED_SHADER@1@@Z	0x54	0x82CC62A0
xgraphics	compiledshader.cpp	?AS_GetArrayStateI@XGRAPHICS@@YAIPAU_ABSTRACT_STATE@1@W4_E_AS_ARRAY_STATE@1@I@Z	0xAC	0x82CC62F8
xgraphics	compiledshader.cpp	?CS_GetInterpUsage@XGRAPHICS@@YA?AW4_E_SSM_RETURNCODE@1@PAU_CS_COMPILED_SHADER@1@IPAU_CS_INTERP_USAGE@1@@Z	0xB8	0x82CC63A8
xgraphics	compiledshader.cpp	?CS_GetPatchDescriptionList@XGRAPHICS@@YAPAU_OBJECT_LIST@1@PAU_CS_COMPILED_SHADER@1@@Z	0x54	0x82CC6460
xgraphics	compiledshader.cpp	?CS_SetR400State@XGRAPHICS@@YA?AW4_E_SSM_RETURNCODE@1@PAU_CS_COMPILED_SHADER@1@W4_E_R400_STATE@1@I@Z	0xF0	0x82CC64B8
xgraphics	compiledshader.cpp	?GetPatchDescrSize@XGRAPHICS@@YAIPAU_CS_GENERIC_PATCH_DESCRIPTION@1@@Z	0x58	0x82CC65A8
xgraphics	compiledshader.cpp	?CS_GetR400StateList@XGRAPHICS@@YAPAU_OBJECT_LIST@1@PAU_CS_COMPILED_SHADER@1@@Z	0x54	0x82CC6600
xgraphics	compiledshader.cpp	?CS_SetRequiredRenderState@XGRAPHICS@@YA?AW4_E_SSM_RETURNCODE@1@PAU_CS_COMPILED_SHADER@1@W4E_SSM_COMPILEWITH_QUERY@1@IW4_SSM_COMPILEWITH_RESULT@1@@Z	0xB8	0x82CC6658
xgraphics	compiledshader.cpp	?CS_SetRequiredArrayState@XGRAPHICS@@YA?AW4_E_SSM_RETURNCODE@1@PAU_CS_COMPILED_SHADER@1@W4_E_AS_ARRAY_STATE@1@II@Z	0xB8	0x82CC6710
xgraphics	compiledshader.cpp	?CS_GetRequiredRenderStateList@XGRAPHICS@@YAPAU_OBJECT_LIST@1@PAU_CS_COMPILED_SHADER@1@@Z	0x54	0x82CC67C8
xgraphics	compiledshader.cpp	?CS_ValidateRenderstate@XGRAPHICS@@YAIPAU_CS_COMPILED_SHADER@1@PAU_ABSTRACT_STATE@1@@Z	0x184	0x82CC6820
xgraphics	compiledshader.cpp	?CS_AllocFetchConst@XGRAPHICS@@YA?AW4_E_SSM_RETURNCODE@1@PAU_CS_COMPILED_SHADER@1@W4E_FETCH_TYPE@1@IPAI2@Z	0x9C	0x82CC69A8
xgraphics	compiledshader.cpp	?CS_FindOrAllocFetchConst@XGRAPHICS@@YA?AW4_E_SSM_RETURNCODE@1@PAU_CS_COMPILED_SHADER@1@PAU_ABSTRACT_STATE@1@W4E_FETCH_TYPE@1@IPAI3@Z	0x118	0x82CC6A48
xgraphics	compiledshader.cpp	?CS_GetFetchConstAlloc@XGRAPHICS@@YAPAU_FA_FETCHCONST_ALLOC@1@PAU_CS_COMPILED_SHADER@1@@Z	0x54	0x82CC6B60
xgraphics	compiledshader.cpp	?CS_AllocStaticScalarConst@XGRAPHICS@@YA?AW4_E_SSM_RETURNCODE@1@PAU_CS_COMPILED_SHADER@1@IW4E_IA_FLOAT_CHANNEL@1@M@Z	0x68	0x82CC6BB8
xgraphics	compiledshader.cpp	?CS_AllocQueryScalarConst@XGRAPHICS@@YA?AW4_E_SSM_RETURNCODE@1@PAU_CS_COMPILED_SHADER@1@IW4E_IA_FLOAT_CHANNEL@1@W4E_SSM_COMPILEGET_QUERY@1@H@Z	0x68	0x82CC6C20
xgraphics	compiledshader.cpp	?CS_AllocExportConst@XGRAPHICS@@YA?AW4_E_SSM_RETURNCODE@1@PAU_CS_COMPILED_SHADER@1@II@Z	0x58	0x82CC6C88
xgraphics	compiledshader.cpp	?CS_GetInternalConstBlock@XGRAPHICS@@YAPAU_IA_INTERNALCONST_BLOCK_HEADER@1@PAU_CS_COMPILED_SHADER@1@@Z	0x54	0x82CC6CE0
xgraphics	compiledshader.cpp	?CS_PostCompile@XGRAPHICS@@YA?AW4_E_SSM_RETURNCODE@1@PAU_CS_COMPILED_SHADER@1@@Z	0x88	0x82CC6D38
xgraphics	compiledshader.cpp	?CS_SetInterpUsage@XGRAPHICS@@YAXPAU_CS_COMPILED_SHADER@1@IW4_E_INTERP_USAGE@1@IT_CS_COMPONENT_SEL@1@W4_E_INTERP_SAMPLING@1@HPAH44@Z	0x318	0x82CC6DC0
xgraphics	compiledshader.cpp	?CS_SetPatchDescription@XGRAPHICS@@YA?AW4_E_SSM_RETURNCODE@1@PAU_CS_COMPILED_SHADER@1@PAU_CS_GENERIC_PATCH_DESCRIPTION@1@@Z	0xE4	0x82CC70D8
xgraphics	internalconstallocator.cpp	?IA_Create@XGRAPHICS@@YAPAU_IA_INTERNALCONST_ALLOCATOR@1@PAXP6APAX0I@ZP6A?AW4_E_SSM_RETURNCODE@1@00@ZPAU_SSM_REGISTRY@1@@Z	0x12C	0x82CC71C0
xgraphics	internalconstallocator.cpp	?IA_Init@XGRAPHICS@@YAXPAU_IA_INTERNALCONST_ALLOCATOR@1@@Z	0x3C	0x82CC72F0
xgraphics	internalconstallocator.cpp	?IA_AllocStaticScalarConst@XGRAPHICS@@YA?AW4_E_SSM_RETURNCODE@1@PAU_IA_INTERNALCONST_ALLOCATOR@1@IW4E_IA_FLOAT_CHANNEL@1@M@Z	0x68	0x82CC7330
xgraphics	internalconstallocator.cpp	?IA_AllocQueryScalarConst@XGRAPHICS@@YA?AW4_E_SSM_RETURNCODE@1@PAU_IA_INTERNALCONST_ALLOCATOR@1@IW4E_IA_FLOAT_CHANNEL@1@W4E_SSM_COMPILEGET_QUERY@1@H@Z	0x88	0x82CC7398
xgraphics	internalconstallocator.cpp	?IA_AllocExportConst@XGRAPHICS@@YA?AW4_E_SSM_RETURNCODE@1@PAU_IA_INTERNALCONST_ALLOCATOR@1@II@Z	0x24	0x82CC7420
xgraphics	internalconstallocator.cpp	?IA_CreatePackedBlock@XGRAPHICS@@YA?AW4_E_SSM_RETURNCODE@1@PAU_IA_INTERNALCONST_ALLOCATOR@1@PAPAU_IA_INTERNALCONST_BLOCK_HEADER@1@@Z	0x200	0x82CC7448
xgraphics	internalconstallocator.cpp	?IA_DestroyPackedBlock@XGRAPHICS@@YAXPAU_IA_INTERNALCONST_BLOCK_HEADER@1@@Z	0x20	0x82CC7648
xgraphics	internalconstallocator.cpp	?IA_GetFloatUsageBlock@XGRAPHICS@@YAIPAU_IA_INTERNALCONST_BLOCK_HEADER@1@PAPAU_IA_FLOATUSAGE_BLOCK@1@@Z	0x28	0x82CC7668
xgraphics	ssmdevice.cpp	?GetAsMapInfo@XGRAPHICS@@YAPAU__AS_STATE_MAP_INFO@1@PAX@Z	0x8	0x82CC7690
xgraphics	ssmdevice.cpp	?GetAsConstInfo@XGRAPHICS@@YAPAU_AS_CONST_INFO@1@PAX@Z	0x8	0x82CC7698
xgraphics	ssmdevice.cpp	merged_82CC76A0	0x8	0x82CC76A0
xgraphics	ssmdevice.cpp	?GetObjectListFactory@XGRAPHICS@@YAPAU_OBJECT_LIST_FACTORY@1@PAX@Z	0x8	0x82CC76A8
xgraphics	ssmdevice.cpp	?GetHwInfoLcc@XGRAPHICS@@YAPAU_HWINFO_LCC@1@PAX@Z	0x8	0x82CC76B0
xgraphics	ssmdevice.cpp	?IsRTSEnabled@XGRAPHICS@@YAIPAX@Z	0xC	0x82CC76B8
xgraphics	ssmdevice.cpp	?RegisterSSMObj@XGRAPHICS@@YAXPAX0@Z	0x1C	0x82CC76C8
xgraphics	ssmdevice.cpp	?UnRegisterSSMObj@XGRAPHICS@@YAXPAX0@Z	0x9C	0x82CC76E8
xgraphics	ssmdevice.cpp	?UnRegisterAndReleaseAllSSMObjects@XGRAPHICS@@YAXPAU_SSM_DEVINFO@1@@Z	0xC4	0x82CC7788
xgraphics	ssmdevice.cpp	?AF_Init@XGRAPHICS@@YA?AW4_E_SSM_RETURNCODE@1@PAU_SSM_ABSTRACTSTATE_FACTORY@1@@Z	0x88	0x82CC7850
xgraphics	ssmdevice.cpp	?SSMDeviceCreate@XGRAPHICS@@YIPAXPAU_SSM_SSMDEVICE2CLIENT_INTERFACE@1@I@Z	0x5D4	0x82CC78D8
xgraphics	ssmdevice.cpp	?SSMDeviceRelease@XGRAPHICS@@YI?AW4_E_SSM_RETURNCODE@1@PAX@Z	0x1E0	0x82CC7EB0
xgraphics	ssmobject.cpp	?SSMObjCreate@XGRAPHICS@@YIPAXPAXPAU_SSM_SSMOBJECT2CLIENT_INTERFACE@1@@Z	0x19C	0x82CC8090
xgraphics	ssmobject.cpp	?RegisterASObj@XGRAPHICS@@YAXPAU_SSM_OBJINFO@1@PAX@Z	0x1C	0x82CC8230
xgraphics	ssmobject.cpp	?UnRegisterASObj@XGRAPHICS@@YAXPAU_SSM_OBJINFO@1@PAX@Z	0xCC	0x82CC8250
xgraphics	ssmobject.cpp	?UnRegisterAndReleaseAllASObjects@XGRAPHICS@@YAXPAU_SSM_OBJINFO@1@@Z	0xB8	0x82CC8320
xgraphics	ssmobject.cpp	?SSMObjRelease@XGRAPHICS@@YI?AW4_E_SSM_RETURNCODE@1@PAX@Z	0xA0	0x82CC83D8
xgraphics	shaderstore.cpp	?DestroySSItem@XGRAPHICS@@YAXPAU_SS_SHADER_STORE@1@PAU_SS_SHADER_STORE_ITEM@1@@Z	0x10C	0x82CC8478
xgraphics	shaderstore.cpp	?RetrieveSSItem@XGRAPHICS@@YAPAU_SS_SHADER_STORE_ITEM@1@PAU_SS_SHADER_STORE@1@I@Z	0x68	0x82CC8588
xgraphics	shaderstore.cpp	?SS_Destroy@XGRAPHICS@@YA?AW4_E_SSM_RETURNCODE@1@PAU_SS_SHADER_STORE@1@@Z	0x124	0x82CC85F0
xgraphics	shaderstore.cpp	?SS_ReleaseIL@XGRAPHICS@@YA?AW4_E_SSM_RETURNCODE@1@PAU_SS_SHADER_STORE@1@IPAI@Z	0x13C	0x82CC8718
xgraphics	shaderstore.cpp	?SS_RetrieveIL@XGRAPHICS@@YAPBXPAU_SS_SHADER_STORE@1@I@Z	0x7C	0x82CC8858
xgraphics	shaderstore.cpp	?SS_StoreCS@XGRAPHICS@@YA?AW4_E_SSM_RETURNCODE@1@PAU_SS_SHADER_STORE@1@IPAU_CS_COMPILED_SHADER@1@@Z	0xE0	0x82CC88D8
xgraphics	shaderstore.cpp	?SS_RetrieveCS@XGRAPHICS@@YAPAU_OBJECT_LIST@1@PAU_SS_SHADER_STORE@1@I@Z	0x7C	0x82CC89B8
xgraphics	shaderstore.cpp	?CreateSSItem@XGRAPHICS@@YAPAU_SS_SHADER_STORE_ITEM@1@PAU_SS_SHADER_STORE@1@PAXI@Z	0x138	0x82CC8A38
xgraphics	shaderstore.cpp	?SS_Create@XGRAPHICS@@YAPAU_SS_SHADER_STORE@1@PAXP6APAX0I@ZP6A?AW4_E_SSM_RETURNCODE@1@00@ZPAU_ORDERED_LIST_FACTORY@1@I@Z	0x1AC	0x82CC8B70
xgraphics	shaderstore.cpp	?SS_StoreIL@XGRAPHICS@@YA?AW4_E_SSM_RETURNCODE@1@PAU_SS_SHADER_STORE@1@PAXIPAI@Z	0x120	0x82CC8D20
xgraphics	ssmstatecompiler.cpp	?CC_Destroy@XGRAPHICS@@YA?AW4_E_SSM_RETURNCODE@1@PAU_CC_STATE_COMPILER@1@@Z	0x110	0x82CC8E40
xgraphics	ssmstatecompiler.cpp	?NonRTS_CompileProgram@XGRAPHICS@@YA?AW4_E_SSM_RETURNCODE@1@PAU_CC_STATE_COMPILER@1@PAU_ABSTRACT_STATE@1@PAPAU_CP_COMPILED_PROGRAM@1@@Z	0x2C8	0x82CC8F50
xgraphics	ssmstatecompiler.cpp	?TranslateShader@XGRAPHICS@@YA?AW4_E_SSM_RETURNCODE@1@PAU_CC_STATE_COMPILER@1@PAU_ABSTRACT_STATE@1@I_NPAPAU_CS_COMPILED_SHADER@1@PAE@Z	0xF4	0x82CC9218
xgraphics	ssmstatecompiler.cpp	?RTS_CompileProgram@XGRAPHICS@@YA?AW4_E_SSM_RETURNCODE@1@PAU_CC_STATE_COMPILER@1@PAU_ABSTRACT_STATE@1@PAPAU_CP_COMPILED_PROGRAM@1@@Z	0x12C	0x82CC9310
xgraphics	ssmstatecompiler.cpp	?CC_CompileShader@XGRAPHICS@@YA?AW4_E_SSM_RETURNCODE@1@PAU_CC_STATE_COMPILER@1@IPAU_ABSTRACT_STATE@1@PAU_CS_COMPILED_SHADER@1@@Z	0x138	0x82CC9440
xgraphics	ssmstatecompiler.cpp	?CC_Create@XGRAPHICS@@YAPAU_CC_STATE_COMPILER@1@PAXP6APAX0I@ZP6A?AW4_E_SSM_RETURNCODE@1@00@ZPAU_PS_PROGRAM_STORE@1@PAU_SS_SHADER_STORE@1@PAU_SR_SHADER_RECYCLER@1@PAU_TS_TEXTURE_SERVER@1@PAU_SSM_REGISTRY@1@I@Z	0x314	0x82CC9578
xgraphics	r400vs.cpp	?r400VSConvertDst@XGRAPHICS@@YAPAKPAKKK0PAU_R400VSFUNC@1@@Z	0x2E0	0x82CC9890
xgraphics	r400vs.cpp	?r400VSGenDclv@XGRAPHICS@@YAKPAU_ATID3DCTX@@PAU_R400VSFUNC@1@@Z	0x108	0x82CC9B70
xgraphics	r400vs.cpp	?r400VSConvertDxSwizzle2ILSwizzle@XGRAPHICS@@YAKK@Z	0x68	0x82CC9C78
xgraphics	r400vs.cpp	?r400VSConvertDclOutput@XGRAPHICS@@YAPAKPAU_R400VSFUNC@1@KPAK1@Z	0x124	0x82CC9CE0
xgraphics	r400vs.cpp	?r400VSConvertSrc@XGRAPHICS@@YAPAKPAKKK0KKEK0@Z	0x404	0x82CC9E08
xgraphics	r400vs.cpp	?r400VSSetupPredicatedInst@XGRAPHICS@@YAPAKPAKKKKK0PAU_R400VSFUNC@1@@Z	0xEC	0x82CCA210
xgraphics	r400vs.cpp	?r400VSConvertFlowCntl@XGRAPHICS@@YAPAKPAU_R400VSFUNC@1@KPAK1111K@Z	0x964	0x82CCA300
xgraphics	r400vs.cpp	?r400VSConvertMacro@XGRAPHICS@@YAPAKPAU_R400VSFUNC@1@KPAK1111KH@Z	0x314	0x82CCAC68
xgraphics	r400vs.cpp	?r400VSConvertVtxTexture@XGRAPHICS@@YAPAKPAU_R400VSFUNC@1@KPAK1111KH@Z	0x2A4	0x82CCAF80
xgraphics	r400vs.cpp	?r400VSConvertShader@XGRAPHICS@@YAJPAU_ATID3DCTX@@PAKKKPAU_R400VSFUNC@1@11K@Z	0x730	0x82CCB228
xgraphics	emit.cpp	?SetsPredicate@Instruction@D3DXShader@@QAA_NXZ	0x4C	0x82CCB958
xgraphics	emit.cpp	?SetsAddress@Instruction@D3DXShader@@QAA_NXZ	0x40	0x82CCB9A8
xgraphics	emit.cpp	?IsPredicateStackOp@Instruction@D3DXShader@@QAA_NXZ	0x58	0x82CCB9E8
xgraphics	emit.cpp	?ShouldBeEncodedInExecBlock@Instruction@D3DXShader@@QAA_NXZ	0x60	0x82CCBA40
xgraphics	emit.cpp	?HasControlTransferInfo@Instruction@D3DXShader@@QAA_NXZ	0x48	0x82CCBAA0
xgraphics	emit.cpp	?GetWriteMaskRequired@Dependency@D3DXShader@@QAAIXZ	0x44	0x82CCBAE8
xgraphics	emit.cpp	?IsEquivalentVectorDependency@Dependency@D3DXShader@@QAA_NPAV12@@Z	0xC4	0x82CCBB30
xgraphics	emit.cpp	?GetPredicateRegisterControllingBlock@Block@D3DXShader@@QAAPAV12@XZ	0x44	0x82CCBBF8
xgraphics	emit.cpp	?GetSamplerRegisterBase@Compiler@D3DXShader@@QAAIXZ	0x4C	0x82CCBC40
xgraphics	emit.cpp	?NeedDebugPrintExports@Compiler@D3DXShader@@QAA_N_N@Z	0x48	0x82CCBC90
xgraphics	emit.cpp	?ComputeAllocSize@Instruction@D3DXShader@@SAKPAVCompiler@2@W4Opcode@2@II@Z	0x80	0x82CCBCD8
xgraphics	emit.cpp	?CompareGlobalVarNames@D3DXShader@@YAHPBX0@Z	0x48	0x82CCBD58
xgraphics	emit.cpp	?FindSourceLineForContext@Compiler@D3DXShader@@AAA_NKPAPBDPAI@Z	0x68	0x82CCBDA0
xgraphics	emit.cpp	?GetLexicalScopeID@Compiler@D3DXShader@@AAAKI@Z	0x48	0x82CCBE08
xgraphics	emit.cpp	?ShouldEmitVariableDeclaration@D3DXShader@@YA_NPAUVariable@1@@Z	0x44	0x82CCBE50
xgraphics	emit.cpp	?SlowAlloc@CompilerHeap@D3DXShader@@AAAPAXK@Z	0x104	0x82CCBE98
xgraphics	emit.cpp	?GetVFETCHInfo@Instruction@D3DXShader@@QAAPAUInstruction_VFETCH@2@PAVCompiler@2@@Z	0x48	0x82CCBFA0
xgraphics	emit.cpp	?GetControlTransferInfo@Instruction@D3DXShader@@QAAPAUInstruction_ControlTransfer@2@PAVCompiler@2@@Z	0x48	0x82CCBFE8
xgraphics	emit.cpp	?GetControlFlowPreference@Instruction@D3DXShader@@QAA?AW4ControlFlowPreference@2@PAVCompiler@2@@Z	0x5C	0x82CCC030
xgraphics	emit.cpp	?GetLoopStartInfo@Instruction@D3DXShader@@QAAPAUInstruction_LoopStart@2@PAVCompiler@2@@Z	0x44	0x82CCC090
xgraphics	emit.cpp	?IsTempRegisterDependency@Dependency@D3DXShader@@QAA_NXZ	0x54	0x82CCC0D8
xgraphics	emit.cpp	??2CCompilerHeapCommentBlock@D3DXShader@@SAPAXIPAVCompilerHeap@1@@Z	0x68	0x82CCC130
xgraphics	emit.cpp	?AllocSmallPhaseMem@Compiler@D3DXShader@@QAAPAXKW4CompilerHeapStructTypes@2@@Z	0x90	0x82CCC198
xgraphics	emit.cpp	?IsUselessInstruction@Instruction@D3DXShader@@QAA_NXZ	0xB0	0x82CCC228
xgraphics	emit.cpp	?SetSQRegistersForFirstInstr@Compiler@D3DXShader@@AAAXPAVInstruction@2@PATGPU_PROGRAMCONTROL@@PATGPU_CONTEXTMISC@@@Z	0xBC	0x82CCC2D8
xgraphics	emit.cpp	?CanPredicateExecBlock@Compiler@D3DXShader@@AAA_NK_NPAVInstruction@2@0@Z	0x8C	0x82CCC398
xgraphics	emit.cpp	?PredicateExecBlock@Compiler@D3DXShader@@AAAXK_N@Z	0x50	0x82CCC428
xgraphics	emit.cpp	?EnsureExecBlocksHaveSamePredicateState@Compiler@D3DXShader@@AAAXKK@Z	0xC4	0x82CCC478
xgraphics	emit.cpp	?FreeFunctionMem@Compiler@D3DXShader@@QAAXPAXKW4CompilerHeapStructTypes@2@@Z	0x58	0x82CCC540
xgraphics	emit.cpp	?FreeDeadCode@Compiler@D3DXShader@@QAAX_N@Z	0x7C	0x82CCC598
xgraphics	emit.cpp	?GetCoissuedScalarInstruction@Instruction@D3DXShader@@QAAPAV12@XZ	0xAC	0x82CCC618
xgraphics	emit.cpp	?GetAddress@Block@D3DXShader@@QAAKXZ	0x4C	0x82CCC6C8
xgraphics	emit.cpp	?FindMaxReg@Compiler@D3DXShader@@AAAIPAV?$DoubleLinkList@VInstruction@D3DXShader@@$0CE@@2@@Z	0x9C	0x82CCC718
xgraphics	emit.cpp	merged_82CCC7B8	0x54	0x82CCC7B8
xgraphics	emit.cpp	?GetHeapMemory@CompilerHeap@D3DXShader@@AAAPAXK@Z	0x74	0x82CCC810
xgraphics	emit.cpp	?AllocInContext@CompilerHeap@D3DXShader@@SAPAXPAXK@Z	0xAC	0x82CCC888
xgraphics	emit.cpp	?AllocPhaseMem@Compiler@D3DXShader@@QAAPAXKW4CompilerHeapStructTypes@2@@Z	0xA8	0x82CCC938
xgraphics	emit.cpp	?AllocAlignedPhaseMem@Compiler@D3DXShader@@QAAPAXKW4CompilerHeapStructTypes@2@@Z	0xB0	0x82CCC9E0
xgraphics	emit.cpp	?RemoveDeadIsolatedCode@Compiler@D3DXShader@@AAAXXZ	0x6DC	0x82CCCA90
xgraphics	emit.cpp	?ShouldIgnoreValidatorError@Compiler@D3DXShader@@AAA_NPBD@Z	0x174	0x82CCD170
xgraphics	emit.cpp	?AddPDBInfo@Compiler@D3DXShader@@AAAXHKPAUXShaderPDBBuilder@@PAVInstruction@2@@Z	0xFC	0x82CCD2E8
xgraphics	emit.cpp	?ResolveDebugInfoAddress@Compiler@D3DXShader@@AAAKPAUXShaderPDBBuilder@@PAVInstruction@2@KPAH@Z	0xDC	0x82CCD3E8
xgraphics	emit.cpp	?ValidatorOutputCallbackWorker@Compiler@D3DXShader@@AAAJPBDK@Z	0x1E0	0x82CCD4C8
xgraphics	emit.cpp	?ValidatorOutputCallback@Compiler@D3DXShader@@CAJPAXPBDK@Z	0x4	0x82CCD6A8
xgraphics	emit.cpp	?IsConstant@Dependency@D3DXShader@@QAA_NN@Z	0xF0	0x82CCD6B0
xgraphics	emit.cpp	?GuessFirstALUOrFetchInstruction@Compiler@D3DXShader@@AAAPAVInstruction@2@PAVBlock@2@_N@Z	0x274	0x82CCD7A0
xgraphics	emit.cpp	?EmitShader@Compiler@D3DXShader@@AAAPAVBlock@2@PAV32@HPAUEmitState@2@@Z	0x2918	0x82CCDA18
xgraphics	emit.cpp	?Emit@Compiler@D3DXShader@@AAAXKKPAPAUID3DXBuffer@@PAPAUID3DXConstantTable@@@Z	0x104C	0x82CD0330
xgraphics	litevalr500.cpp	?AddTodo@@YAJPAUTODO_LIST@@KKKPBUEXPECTED_END_STACK@@@Z	0x110	0x82CD1380
xgraphics	litevalr500.cpp	?AddTodo_Push@@YAJPAUTODO_LIST@@KKKPBUEXPECTED_END_STACK@@W4EXPECTED_END@@@Z	0xE0	0x82CD1490
xgraphics	litevalr500.cpp	?AddTodo_Change@@YAJPAUTODO_LIST@@KKKPBUEXPECTED_END_STACK@@W4EXPECTED_END@@@Z	0x144	0x82CD1570
xgraphics	litevalr500.cpp	?AddTodo_Pop@@YAJPAUTODO_LIST@@KKKPBUEXPECTED_END_STACK@@@Z	0xC4	0x82CD16B8
xgraphics	litevalr500.cpp	?ValidateTFetch@@YAJPBTGPUSHADER_INSTRUCTION@@HPBUR500StuffLite@@@Z	0x184	0x82CD1780
xgraphics	litevalr500.cpp	?ValidateVFetchFormat@@YAJPBTGPUSHADER_INSTRUCTION@@HPBUR500StuffLite@@@Z	0xE0	0x82CD1908
xgraphics	litevalr500.cpp	?ValidateVFetch@@YAJPBTGPUSHADER_INSTRUCTION@@HHPBUR500StuffLite@@@Z	0x104	0x82CD19E8
xgraphics	litevalr500.cpp	?ValidateALUOpcodes@@YAJPBTGPUSHADER_INSTRUCTION@@H_NPBUR500StuffLite@@PAUTODO_LIST@@@Z	0x120	0x82CD1AF0
xgraphics	litevalr500.cpp	?ValidateALUOutputs@@YAJPBTGPUSHADER_INSTRUCTION@@HPBUR500StuffLite@@PAUTODO_LIST@@@Z	0x16C	0x82CD1C10
xgraphics	litevalr500.cpp	?ValidateALUInputs@@YAJPBTGPUSHADER_INSTRUCTION@@HPBUR500StuffLite@@PBUTODO_LIST@@@Z	0x178	0x82CD1D80
xgraphics	litevalr500.cpp	?ValidateAluOrFetchInstruction@@YAJPBTGPUSHADER_INSTRUCTION@@H_N111PAUInstructionUsageLite@@PBUR500StuffLite@@PAUTODO_LIST@@@Z	0x1D8	0x82CD1EF8
xgraphics	litevalr500.cpp	?ValidateExecCommon@@YAJTGPUFLOW_INSTRUCTION@@PAUTODO_LIST@@PAUInstructionUsageLite@@PBT1@HPBUR500StuffLite@@@Z	0x150	0x82CD20D0
xgraphics	litevalr500.cpp	?ValidateLoopStart@@YAJTGPUFLOW_INSTRUCTION@@PAUTODO_LIST@@PBUInstructionUsageLite@@PBT1@H@Z	0x12C	0x82CD2220
xgraphics	litevalr500.cpp	?ValidateLoopEnd@@YAJTGPUFLOW_INSTRUCTION@@PAUTODO_LIST@@PBUInstructionUsageLite@@PBT1@H@Z	0x150	0x82CD2350
xgraphics	litevalr500.cpp	?ValidateCondCall@@YAJTGPUFLOW_INSTRUCTION@@PAUTODO_LIST@@PBUInstructionUsageLite@@PBT1@H@Z	0xF4	0x82CD24A0
xgraphics	litevalr500.cpp	?ValidateReturn@@YAJTGPUFLOW_INSTRUCTION@@PBUTODO_LIST@@PAUInstructionUsageLite@@@Z	0xB8	0x82CD2598
xgraphics	litevalr500.cpp	?ValidateCondJump@@YAJTGPUFLOW_INSTRUCTION@@PAUTODO_LIST@@PBUInstructionUsageLite@@PBT1@H@Z	0x128	0x82CD2650
xgraphics	litevalr500.cpp	?ValidateAlloc@@YAJTGPUFLOW_INSTRUCTION@@PAUTODO_LIST@@PBUInstructionUsageLite@@PBUR500StuffLite@@@Z	0x11C	0x82CD2778
xgraphics	litevalr500.cpp	?ParseControlFlowLite@@YAJPBTGPUFLOW_INSTRUCTION@@PAUTODO_LIST@@PAUInstructionUsageLite@@PBUR500StuffLite@@@Z	0x738	0x82CD2898
xgraphics	litevalr500.cpp	?ValidateString@@YAJPBXKKK@Z	0x54	0x82CD2FD0
xgraphics	litevalr500.cpp	?ValidateTypeInfo@@YAJPBU_D3DXSHADER_TYPEINFO@@PBU_D3DXSHADER_CONSTANTTABLE@@KPAU_PREV_TYPE_INFO@@@Z	0x120	0x82CD3028
xgraphics	litevalr500.cpp	?ValidateConstantInfo@@YAJPBU_D3DXSHADER_CONSTANTINFO@@PBU_D3DXSHADER_CONSTANTTABLE@@K@Z	0x11C	0x82CD3148
xgraphics	litevalr500.cpp	?ValidateConstantTable@@YAJPBU_UCODE_CONSTANT_TABLE@@PBUR500StuffLite@@@Z	0x108	0x82CD3268
xgraphics	litevalr500.cpp	?ValidateLiteralConstants@@YAJPBU_UCODE_DEFINITION_TABLE@@PBUR500StuffLite@@@Z	0x174	0x82CD3370
xgraphics	litevalr500.cpp	?ValidateVsInputDecls@@YAJPBT_UCODE_VSINPUTDECLARATION@@PBUR500StuffLite@@@Z	0xF8	0x82CD34E8
xgraphics	litevalr500.cpp	?ValidateVsOutputPatches@@YAJPBT_UCODE_VSOUTPUTPATCH@@PBUR500StuffLite@@@Z	0xE0	0x82CD35E0
xgraphics	litevalr500.cpp	?ValidateVsOutputDecls@@YAJPBT_UCODE_VSOUTPUTDECLARATION@@PBUR500StuffLite@@@Z	0x104	0x82CD36C0
xgraphics	litevalr500.cpp	?ValidateMicrocodeInstructions@@YAJPAUR500StuffLite@@@Z	0x1B4	0x82CD37C8
xgraphics	litevalr500.cpp	?XGValidateMicrocodeLite2@@YAJPAUR500StuffLite@@@Z	0x238	0x82CD3980
xgraphics	litevalr500.cpp	?GetR500UCodeInfo@@YAJPBXKHPAUR500StuffLite@@@Z	0x2C4	0x82CD3BB8
xgraphics	litevalr500.cpp	?ValidateMemoryRanges@@YAJPAUR500StuffLite@@0H@Z	0x2C4	0x82CD3E80
xgraphics	litevalr500.cpp	?XGValidateMicrocodeLite@@YAHPBKH@Z	0x16C	0x82CD4150
xgraphics	litevalr500.cpp	XGValidateVertexShaderMicrocodeLite	0x8	0x82CD42C0
xgraphics	litevalr500.cpp	XGValidatePixelShaderMicrocodeLite	0x8	0x82CD42C8
xgraphics	execopts.cpp	?AddSideEffect@Block@D3DXShader@@QAAXW4SideEffect@2@PAVInstruction@2@PAVCompiler@2@@Z	0x48	0x82CD42D0
xgraphics	execopts.cpp	?HasCompatiblePredicateState@Block@D3DXShader@@QAA_NPAV12@@Z	0x98	0x82CD4318
xgraphics	execopts.cpp	??0DataFlowPredecessorEnumerator@D3DXShader@@QAA@PAVBlock@1@_N@Z	0x4C	0x82CD43B0
xgraphics	execopts.cpp	?GetNextPredecessor@DataFlowPredecessorEnumerator@D3DXShader@@QAAPAVBlock@2@XZ	0xA4	0x82CD4400
xgraphics	execopts.cpp	?AllocSmallFunctionMem@Compiler@D3DXShader@@QAAPAXKW4CompilerHeapStructTypes@2@@Z	0x90	0x82CD44A8
xgraphics	execopts.cpp	?FindPredicateDep@Instruction@D3DXShader@@QAAPAVDependency@2@XZ	0x60	0x82CD4538
xgraphics	execopts.cpp	?ShouldRemoveFakeBranch@Compiler@D3DXShader@@AAA_NPAVInstruction@2@PAUInstruction_ControlTransfer@2@PAPAV32@@Z	0xF0	0x82CD4598
xgraphics	execopts.cpp	?IsConvertedToMicrocode@Instruction@D3DXShader@@QAA_NXZ	0xC4	0x82CD4688
xgraphics	execopts.cpp	?FreePhaseMem@Compiler@D3DXShader@@QAAXPAXKW4CompilerHeapStructTypes@2@@Z	0x58	0x82CD4750
xgraphics	execopts.cpp	?PlaceInstruction@Compiler@D3DXShader@@QAAXPAVInstruction@2@W4PlacementMethod@12@0@Z	0x8C	0x82CD47A8
xgraphics	execopts.cpp	?CreateUnlinkedBlock@Compiler@D3DXShader@@AAAPAVBlock@2@XZ	0xD4	0x82CD4838
xgraphics	execopts.cpp	?MakeInstr@Compiler@D3DXShader@@QAAPAVInstruction@2@W4PlacementMethod@12@PAV32@W4Opcode@2@II@Z	0x48	0x82CD4910
xgraphics	execopts.cpp	?GetExecPredecessor@Compiler@D3DXShader@@AAAPAVBlock@2@PAV32@@Z	0x2BC	0x82CD4958
xgraphics	execopts.cpp	?EnsureExecBoundary@Compiler@D3DXShader@@AAAPAVInstruction@2@PAVBlock@2@@Z	0xA8	0x82CD4C18
xgraphics	execopts.cpp	?EnsureExecBoundary@Compiler@D3DXShader@@AAAPAVInstruction@2@PAV32@@Z	0x174	0x82CD4CC0
xgraphics	execopts.cpp	?MarkAllocColorsExclusion@Compiler@D3DXShader@@AAAXPAVBlock@2@0@Z	0x1DC	0x82CD4E38
xgraphics	execopts.cpp	?OptimizeSQInstructions@Compiler@D3DXShader@@AAAXXZ	0x15DC	0x82CD5018
xgraphics	finalopts.cpp	?GetUnit@Instruction@D3DXShader@@QAA?AW4InstructionUnitType@2@XZ	0xA0	0x82CD65F8
xgraphics	finalopts.cpp	?GetSwizzledRegister@Dependency@D3DXShader@@QAAIXZ	0x4C	0x82CD6698
xgraphics	finalopts.cpp	?CanYield@MachineState@D3DXShader@@QAA_NPAVInstruction@2@@Z	0x118	0x82CD66E8
xgraphics	finalopts.cpp	?UpdateCurrentUnit@MachineState@D3DXShader@@QAA_NPAVInstruction@2@@Z	0x54	0x82CD6800
xgraphics	finalopts.cpp	??$FindSetBitInArray@_K@D3DXShader@@YAIPA_KIK@Z	0xA0	0x82CD6858
xgraphics	finalopts.cpp	?ReadsTempRegister@Instruction@D3DXShader@@QAA_NI@Z	0xC8	0x82CD68F8
xgraphics	finalopts.cpp	?WritesTempRegister@Instruction@D3DXShader@@QAA_NI@Z	0x94	0x82CD69C0
xgraphics	finalopts.cpp	?CanScheduleInstruction@MachineState@D3DXShader@@QAA_NPAVInstruction@2@@Z	0x180	0x82CD6A58
xgraphics	finalopts.cpp	merged_82CD6BD8	0xA8	0x82CD6BD8
xgraphics	finalopts.cpp	merged_82CD6C80	0xB0	0x82CD6C80
xgraphics	finalopts.cpp	?ReserveResources@MachineState@D3DXShader@@QAAXPAVDependency@2@PAVInstruction@2@1@Z	0x58	0x82CD6D30
xgraphics	finalopts.cpp	?SimulateBackwards@MachineState@D3DXShader@@QAAXPAVInstruction@2@@Z	0x88	0x82CD6D88
xgraphics	finalopts.cpp	merged_82CD6E10	0x74	0x82CD6E10
xgraphics	finalopts.cpp	merged_82CD6E88	0x68	0x82CD6E88
xgraphics	finalopts.cpp	?IsFinalSchedulingCandidate@Compiler@D3DXShader@@AAA_NPAVInstruction@2@@Z	0xE0	0x82CD6EF0
xgraphics	finalopts.cpp	?Init@?$_SpecialRegisterSet@VGeneralRegisterSet@D3DXShader@@@D3DXShader@@QAAXPAVCompiler@2@@Z	0x80	0x82CD6FD0
xgraphics	finalopts.cpp	?EnsureInUse@?$RegisterSet@V?$FixedSizeBitSet@_K$03@D3DXShader@@$1?PrintTempRegister@2@YAXPAVCompiler@2@I@Z$0EA@$03$1?ReportOutOfTempRegistersError@2@YAX0@Z@D3DXShader@@QAAXI@Z	0x60	0x82CD7050
xgraphics	finalopts.cpp	?EnsureFree@?$RegisterSet@V?$FixedSizeBitSet@_K$03@D3DXShader@@$1?PrintTempRegister@2@YAXPAVCompiler@2@I@Z$0EA@$03$1?ReportOutOfTempRegistersError@2@YAX0@Z@D3DXShader@@QAAXI@Z	0x84	0x82CD70B0
xgraphics	finalopts.cpp	?SimulateBackwards@FinalSchedulingSimulator@D3DXShader@@QAAXPAVInstruction@2@@Z	0xEC	0x82CD7138
xgraphics	finalopts.cpp	?ReserveBlockOutputRegisters@Compiler@D3DXShader@@AAAXPAVBlock@2@PAV?$_SpecialRegisterSet@VGeneralRegisterSet@D3DXShader@@@2@@Z	0x128	0x82CD7228
xgraphics	finalopts.cpp	?CoissueInBlock@Compiler@D3DXShader@@AAAXPAVBlock@2@_NPAV?$_SpecialRegisterSet@VGeneralRegisterSet@D3DXShader@@@2@@Z	0xB84	0x82CD7350
xgraphics	finalopts.cpp	?FinalScheduling@Compiler@D3DXShader@@AAAXXZ	0x188	0x82CD7ED8
xgraphics	optautoz.cpp	?InitOperand@Instruction@D3DXShader@@QAAPAVDependency@2@IPAV32@@Z	0x48	0x82CD8060
xgraphics	optautoz.cpp	?SetJumpTarget@Instruction@D3DXShader@@QAAXPAVBlock@2@PAVCompiler@2@@Z	0x54	0x82CD80A8
xgraphics	optautoz.cpp	?CreateSpecialOutput@Compiler@D3DXShader@@QAAPAVDependency@2@PAVInstruction@2@W4SpecialRegister@2@@Z	0x68	0x82CD8100
xgraphics	optautoz.cpp	?MarkAutoZPassInstructions@Compiler@D3DXShader@@AAAXXZ	0x284	0x82CD8168
xgraphics	optautoz.cpp	?CreateZPassShader@Compiler@D3DXShader@@AAAXXZ	0x27C	0x82CD83F0
xgraphics	regopt.cpp	?RestrictNumSetBitsInNibble@D3DXShader@@YAIII@Z	0x58	0x82CD8670
xgraphics	regopt.cpp	?IsOutputRegisterAssignedBeforeRegOpts@Instruction@D3DXShader@@QAA_NXZ	0x50	0x82CD86C8
xgraphics	regopt.cpp	?RenameSwizzle@Dependency@D3DXShader@@QAAXI@Z	0x48	0x82CD8718
xgraphics	regopt.cpp	?IsPerComponent@Instruction@D3DXShader@@QAA_NXZ	0x54	0x82CD8760
xgraphics	regopt.cpp	?RequiresReordering@Instruction@D3DXShader@@QAA_NXZ	0x5C	0x82CD87B8
xgraphics	regopt.cpp	?UpdateRAWSpecialRegisterHazards@MachineState@D3DXShader@@QAAXPAVInstruction@2@_N@Z	0x7C	0x82CD8818
xgraphics	regopt.cpp	?IsUnblocked@RegOptSimulator@D3DXShader@@SA_NPAVInstruction@2@@Z	0xA4	0x82CD8898
xgraphics	regopt.cpp	?ClearLocalRegisterAssignment@Compiler@D3DXShader@@QAAXPAVInstruction@2@@Z	0x15C	0x82CD8940
xgraphics	regopt.cpp	?Clone@Compiler@D3DXShader@@QAAPAVDependency@2@PAV32@PAVInstruction@2@@Z	0x74	0x82CD8AA0
xgraphics	regopt.cpp	?ComputeBlockOutputRegMask@Compiler@D3DXShader@@QAAIPAVBlock@2@PAVInstruction@2@@Z	0x130	0x82CD8B18
xgraphics	regopt.cpp	?ComputeRegisterEffectOnGroup@Compiler@D3DXShader@@QAAHPAVInstruction@2@IPAHIPA_N@Z	0x16C	0x82CD8C48
xgraphics	regopt.cpp	?CopyFrom@?$DynamicBitSet@I$1?AllocInContext@CompilerHeap@D3DXShader@@SAPAXPAXK@Z$1?FreeInContext@23@SAX00K@Z@D3DXShader@@QAAXPAV12@@Z	0x6C	0x82CD8DB8
xgraphics	regopt.cpp	?GetBitRange@?$DynamicBitSet@I$1?AllocInContext@CompilerHeap@D3DXShader@@SAPAXPAXK@Z$1?FreeInContext@23@SAX00K@Z@D3DXShader@@QAAIII@Z	0x90	0x82CD8E28
xgraphics	regopt.cpp	?AddBitMask@?$DynamicBitSet@I$1?AllocInContext@CompilerHeap@D3DXShader@@SAPAXPAXK@Z$1?FreeInContext@23@SAX00K@Z@D3DXShader@@QAAXIII@Z	0x70	0x82CD8EB8
xgraphics	regopt.cpp	?SubtractBitMask@?$DynamicBitSet@I$1?AllocInContext@CompilerHeap@D3DXShader@@SAPAXPAXK@Z$1?FreeInContext@23@SAX00K@Z@D3DXShader@@QAAXIII@Z	0x70	0x82CD8F28
xgraphics	regopt.cpp	?FindNibbleWithClearBit@?$DynamicBitSet@I$1?AllocInContext@CompilerHeap@D3DXShader@@SAPAXPAXK@Z$1?FreeInContext@23@SAX00K@Z@D3DXShader@@QAAIIPAI@Z	0xF4	0x82CD8F98
xgraphics	regopt.cpp	?FindLastNibbleWithClearBit@?$DynamicBitSet@I$1?AllocInContext@CompilerHeap@D3DXShader@@SAPAXPAXK@Z$1?FreeInContext@23@SAX00K@Z@D3DXShader@@QAAIIPAI@Z	0xC8	0x82CD9090
xgraphics	regopt.cpp	?ShouldBeInBody_BeforeScheduling@Instruction@D3DXShader@@QAA_NXZ	0xBC	0x82CD9158
xgraphics	regopt.cpp	?ShouldBeInBody_PossiblyAfterScheduling@Instruction@D3DXShader@@QAA_NXZ	0x60	0x82CD9218
xgraphics	regopt.cpp	?IsScheduledBefore@Instruction@D3DXShader@@QAA_NPAV12@@Z	0x84	0x82CD9278
xgraphics	regopt.cpp	merged_82CD9300	0x54	0x82CD9300
xgraphics	regopt.cpp	?Destruct@?$DynamicBitSet@I$1?AllocInContext@CompilerHeap@D3DXShader@@SAPAXPAXK@Z$1?FreeInContext@23@SAX00K@Z@D3DXShader@@QAAXXZ	0x50	0x82CD9358
xgraphics	regopt.cpp	?Find@?$RegisterSet@V?$DynamicBitSet@I$1?AllocInContext@CompilerHeap@D3DXShader@@SAPAXPAXK@Z$1?FreeInContext@23@SAX00K@Z@D3DXShader@@$1?PrintVirtualRegister@2@YAXPAVCompiler@2@I@Z$0EA@$03$1?ReportOutOfTempRegistersError@2@YAX0@Z@D3DXShader@@QAAIIIH@Z	0xE4	0x82CD93A8
xgraphics	regopt.cpp	?ClearAll@InfiniteLocalRegisterSet@D3DXShader@@QAAXXZ	0x7C	0x82CD9490
xgraphics	regopt.cpp	?MarkRegOwner@InfiniteLocalRegisterSet@D3DXShader@@AAAXIPAVInstruction@2@@Z	0xC4	0x82CD9510
xgraphics	regopt.cpp	?ClearLocalRegisterAssignments@Compiler@D3DXShader@@QAAXPAVBlock@2@_N@Z	0x98	0x82CD95D8
xgraphics	regopt.cpp	?RenumberBundles@Compiler@D3DXShader@@QAAXPAVBlock@2@_N@Z	0x16C	0x82CD9670
xgraphics	regopt.cpp	?AddGlobalOrderingDependencies@Compiler@D3DXShader@@QAAXPAVInstruction@2@@Z	0x254	0x82CD97E0
xgraphics	regopt.cpp	merged_82CD9A38	0x9C	0x82CD9A38
xgraphics	regopt.cpp	merged_82CD9AD8	0x74	0x82CD9AD8
xgraphics	regopt.cpp	?Insert@?$ArrayListEnumerator@PAVInstruction@D3DXShader@@$1?AllocInContext@CompilerHeap@2@SAPAXPAXK@Z$1?FreeInContext@42@SAX00K@Z@D3DXShader@@QAAXPAVInstruction@2@@Z	0x140	0x82CD9B50
xgraphics	regopt.cpp	?EnsureCapacity@?$DynamicBitSet@I$1?AllocInContext@CompilerHeap@D3DXShader@@SAPAXPAXK@Z$1?FreeInContext@23@SAX00K@Z@D3DXShader@@QAAXI@Z	0xB0	0x82CD9C90
xgraphics	regopt.cpp	?Reserve@?$RegisterSet@V?$DynamicBitSet@I$1?AllocInContext@CompilerHeap@D3DXShader@@SAPAXPAXK@Z$1?FreeInContext@23@SAX00K@Z@D3DXShader@@$1?PrintVirtualRegister@2@YAXPAVCompiler@2@I@Z$0EA@$03$1?ReportOutOfTempRegistersError@2@YAX0@Z@D3DXShader@@QAAXI@Z	0x6C	0x82CD9D40
xgraphics	regopt.cpp	?Alloc@?$RegisterSet@V?$DynamicBitSet@I$1?AllocInContext@CompilerHeap@D3DXShader@@SAPAXPAXK@Z$1?FreeInContext@23@SAX00K@Z@D3DXShader@@$1?PrintVirtualRegister@2@YAXPAVCompiler@2@I@Z$0EA@$03$1?ReportOutOfTempRegistersError@2@YAX0@Z@D3DXShader@@QAAII_N@Z	0x140	0x82CD9DB0
xgraphics	regopt.cpp	?Free@InfiniteLocalRegisterSet@D3DXShader@@QAAXI@Z	0x58	0x82CD9EF0
xgraphics	regopt.cpp	?CheckGlobalConflicts@Compiler@D3DXShader@@QAAIPAVInstruction@2@PAVBlock@2@PAVInfiniteLocalRegisterSet@2@@Z	0xEC	0x82CD9F48
xgraphics	regopt.cpp	?CreateRegOptSolutionStep@Compiler@D3DXShader@@AAAPAURegOptSolutionStep@2@XZ	0x70	0x82CDA038
xgraphics	regopt.cpp	?FreeSolutionStep@Compiler@D3DXShader@@AAAXPAURegOptSolutionStep@2@@Z	0x5C	0x82CDA0A8
xgraphics	regopt.cpp	?ComputeRegOptSolutionHash@Compiler@D3DXShader@@AAAXPAURegOptSolutionStep@2@@Z	0xC4	0x82CDA108
xgraphics	regopt.cpp	?RecordFailedSolution@Compiler@D3DXShader@@AAA_NPAURegOptSolutionStep@2@PAVBlock@2@@Z	0x100	0x82CDA1D0
xgraphics	regopt.cpp	?FindFailedSolution@Compiler@D3DXShader@@AAA_NPAURegOptSolutionStep@2@@Z	0x210	0x82CDA2D0
xgraphics	regopt.cpp	?Init@?$RegisterSet@V?$DynamicBitSet@I$1?AllocInContext@CompilerHeap@D3DXShader@@SAPAXPAXK@Z$1?FreeInContext@23@SAX00K@Z@D3DXShader@@$1?PrintVirtualRegister@2@YAXPAVCompiler@2@I@Z$0EA@$03$1?ReportOutOfTempRegistersError@2@YAX0@Z@D3DXShader@@QAAXPAVCompiler@2@@Z	0x74	0x82CDA4E0
xgraphics	regopt.cpp	?Init@?$RegisterSet@V?$DynamicBitSet@I$1?AllocInContext@CompilerHeap@D3DXShader@@SAPAXPAXK@Z$1?FreeInContext@23@SAX00K@Z@D3DXShader@@$1?PrintVirtualRegister@2@YAXPAVCompiler@2@I@Z$0EA@$03$1?ReportOutOfTempRegistersError@2@YAX0@Z@D3DXShader@@QAAXPAV12@@Z	0x7C	0x82CDA558
xgraphics	regopt.cpp	?EnsureInUse@?$RegisterSet@V?$DynamicBitSet@I$1?AllocInContext@CompilerHeap@D3DXShader@@SAPAXPAXK@Z$1?FreeInContext@23@SAX00K@Z@D3DXShader@@$1?PrintVirtualRegister@2@YAXPAVCompiler@2@I@Z$0EA@$03$1?ReportOutOfTempRegistersError@2@YAX0@Z@D3DXShader@@QAAXI@Z	0x5C	0x82CDA5D8
xgraphics	regopt.cpp	?EnsureFree@?$RegisterSet@V?$DynamicBitSet@I$1?AllocInContext@CompilerHeap@D3DXShader@@SAPAXPAXK@Z$1?FreeInContext@23@SAX00K@Z@D3DXShader@@$1?PrintVirtualRegister@2@YAXPAVCompiler@2@I@Z$0EA@$03$1?ReportOutOfTempRegistersError@2@YAX0@Z@D3DXShader@@QAAXI@Z	0x68	0x82CDA638
xgraphics	regopt.cpp	?Init@InfiniteLocalRegisterSet@D3DXShader@@QAAXPAVCompiler@2@@Z	0x7C	0x82CDA6A0
xgraphics	regopt.cpp	?SimulateForwards@RegOptSimulator@D3DXShader@@AAAXPAVInstruction@2@_N@Z	0x4E4	0x82CDA720
xgraphics	regopt.cpp	?ReserveBlockOutputRegisters@Compiler@D3DXShader@@QAAXPAVBlock@2@PAVInfiniteLocalRegisterSet@2@@Z	0xF4	0x82CDAC08
xgraphics	regopt.cpp	?UpdateLocalRegisters@Compiler@D3DXShader@@QAAXPAVInstruction@2@PAVBlock@2@PAVInfiniteLocalRegisterSet@2@0@Z	0x758	0x82CDAD00
xgraphics	regopt.cpp	?ReassignLocalRegisters@RegOptSimulator@D3DXShader@@AAAPAVInstruction@2@PAVBlock@2@PAV32@@Z	0xC4	0x82CDB458
xgraphics	regopt.cpp	?SkipInstruction@RegOptSimulator@D3DXShader@@AAA?AW4SkipInstructionDisposition@12@XZ	0x14C	0x82CDB520
xgraphics	regopt.cpp	?SkipToOriginalLocation@RegOptSimulator@D3DXShader@@AAA_NPAVInstruction@2@@Z	0xD0	0x82CDB670
xgraphics	regopt.cpp	??0RegOptSimulator@D3DXShader@@QAA@PAVBlock@1@PAV?$DoubleLinkList@VInstruction@D3DXShader@@$0CE@@1@PAVInfiniteLocalRegisterSet@1@IPAVCompiler@1@@Z	0xEC	0x82CDB740
xgraphics	regopt.cpp	?PlaceInstruction@RegOptSimulator@D3DXShader@@QAA_NPAVInstruction@2@W4RegOptSolutionStepState@2@@Z	0x1EC	0x82CDB830
xgraphics	regopt.cpp	?RollBack@RegOptSimulator@D3DXShader@@QAAXPAURegOptSolutionStep@2@@Z	0x118	0x82CDBA20
xgraphics	regopt.cpp	?CheckRestOfBlock@RegOptSimulator@D3DXShader@@QAA_NXZ	0xC4	0x82CDBB38
xgraphics	regopt.cpp	?AddPendingInstructionToRegOptSolutionStep@Compiler@D3DXShader@@AAAXPAV?$ArrayList@PAVInstruction@D3DXShader@@$1?AllocInContext@CompilerHeap@2@SAPAXPAXK@Z$1?FreeInContext@42@SAX00K@Z@2@PAVInstruction@2@@Z	0x16C	0x82CDBC00
xgraphics	regopt.cpp	?ReducePeakRegisterUsageInBlock@Compiler@D3DXShader@@AAA_NPAVBlock@2@PAVInfiniteLocalRegisterSet@2@@Z	0x1DA4	0x82CDBD70
xgraphics	regopt.cpp	?OptimizeRegisterUsage@Compiler@D3DXShader@@AAAXXZ	0x51C	0x82CDDB18
xgraphics	localreg.cpp	?ComputeMERGEInputRegisterAssignment@Compiler@D3DXShader@@AAAIIIPAVInstruction@2@0PAI@Z	0x130	0x82CDE038
xgraphics	localreg.cpp	?FindNibbleWithClearBit@?$FixedSizeBitSet@_K$03@D3DXShader@@QAAIIPAI@Z	0x78	0x82CDE168
xgraphics	localreg.cpp	merged_82CDE1E0	0x6C	0x82CDE1E0
xgraphics	localreg.cpp	?FindMERGEDependent@Instruction@D3DXShader@@QAAPAV12@XZ	0x44	0x82CDE250
xgraphics	localreg.cpp	?Find@?$RegisterSet@V?$FixedSizeBitSet@_K$03@D3DXShader@@$1?PrintTempRegister@2@YAXPAVCompiler@2@I@Z$0EA@$03$1?ReportOutOfTempRegistersError@2@YAX0@Z@D3DXShader@@QAAIIIH@Z	0xBC	0x82CDE298
xgraphics	localreg.cpp	?Alloc@?$RegisterSet@V?$FixedSizeBitSet@_K$03@D3DXShader@@$1?PrintTempRegister@2@YAXPAVCompiler@2@I@Z$0EA@$03$1?ReportOutOfTempRegistersError@2@YAX0@Z@D3DXShader@@QAAII_N@Z	0xA4	0x82CDE358
xgraphics	localreg.cpp	?AllocRegWithLocalInterference@Compiler@D3DXShader@@AAAIPAVGeneralRegisterSet@2@PAVInstruction@2@1PAI@Z	0x7F4	0x82CDE400
xgraphics	localreg.cpp	?LocalRegisterAllocation@Compiler@D3DXShader@@AAA_NXZ	0x7F8	0x82CDEBF8
xgraphics	predication.cpp	?CanBePredicated@Instruction@D3DXShader@@QAA_NXZ	0x54	0x82CDF3F0
xgraphics	predication.cpp	?AddModifiers@D3DXShader@@YAIII@Z	0x44	0x82CDF448
xgraphics	predication.cpp	?AddModifiers@Dependency@D3DXShader@@QAAXI@Z	0x58	0x82CDF490
xgraphics	predication.cpp	?FindAddressDef_AfterCleanPhase@Instruction@D3DXShader@@QAAPAV12@XZ	0x5C	0x82CDF4E8
xgraphics	predication.cpp	?SimplifyScalarCNDDependency@Compiler@D3DXShader@@AAAXPAPAVInstruction@2@PAI@Z	0xD4	0x82CDF548
xgraphics	predication.cpp	?FindPredicateStackDef@Compiler@D3DXShader@@AAAPAVInstruction@2@PAV32@@Z	0xF0	0x82CDF620
xgraphics	predication.cpp	?FindPredicateInvAndPop@Compiler@D3DXShader@@AAAXPAVInstruction@2@PAPAV32@1@Z	0x9C	0x82CDF710
xgraphics	predication.cpp	?IsMemExport@Instruction@D3DXShader@@QAA_NXZ	0x5C	0x82CDF7B0
xgraphics	predication.cpp	?HasExternalSideEffects@Instruction@D3DXShader@@QAA_NXZ	0x7C	0x82CDF810
xgraphics	predication.cpp	?GetVarInfo@Instruction@D3DXShader@@QAAPAUInstruction_VARIABLE@2@PAVCompiler@2@@Z	0x48	0x82CDF890
xgraphics	predication.cpp	?GetVarIndex@Instruction@D3DXShader@@QAAIPAVCompiler@2@@Z	0x4C	0x82CDF8D8
xgraphics	predication.cpp	?GetTFETCHInfo@Instruction@D3DXShader@@QAAPAUInstruction_TFETCH@2@PAVCompiler@2@@Z	0x48	0x82CDF928
xgraphics	predication.cpp	?GetNext@DomGraphDepthFirstEnumerator@D3DXShader@@QAAPAVBlock@2@XZ	0x60	0x82CDF970
xgraphics	predication.cpp	?CreateOutput@Compiler@D3DXShader@@QAAPAVDependency@2@PAVInstruction@2@@Z	0xC0	0x82CDF9D0
xgraphics	predication.cpp	?CreateOutput@Compiler@D3DXShader@@QAAPAVDependency@2@PAVInstruction@2@III@Z	0x4C	0x82CDFA90
xgraphics	predication.cpp	?CreateScalarOutput@Compiler@D3DXShader@@QAAPAVDependency@2@PAVInstruction@2@W4Component@2@@Z	0x54	0x82CDFAE0
xgraphics	predication.cpp	?CreateScalarOutput@Compiler@D3DXShader@@QAAPAVDependency@2@PAVInstruction@2@W4Component@2@I@Z	0x60	0x82CDFB38
xgraphics	predication.cpp	?AddDependency@Instruction@D3DXShader@@QAAPAVDependency@2@PAV32@@Z	0x60	0x82CDFB98
xgraphics	predication.cpp	?AddNewOrderingDependency@Instruction@D3DXShader@@QAAPAVDependency@2@PAV12@PAVCompiler@2@@Z	0x64	0x82CDFBF8
xgraphics	predication.cpp	?AddOrderingDependency@Instruction@D3DXShader@@QAAPAVDependency@2@PAV12@PAVCompiler@2@@Z	0x88	0x82CDFC60
xgraphics	predication.cpp	?FindPrevSideEffectDependency@Instruction@D3DXShader@@QAAPAVDependency@2@W4SideEffect@2@@Z	0x60	0x82CDFCE8
xgraphics	predication.cpp	?RecomputeWriteMask@Instruction@D3DXShader@@QAAXXZ	0xC4	0x82CDFD48
xgraphics	predication.cpp	?FindScopeExitPredecessor@Compiler@D3DXShader@@AAAPAVBlock@2@PAV32@0@Z	0x6C	0x82CDFE10
xgraphics	predication.cpp	?RemoveUselessPredicateStackOp@Compiler@D3DXShader@@AAAXPAVInstruction@2@I@Z	0x3C0	0x82CDFE80
xgraphics	predication.cpp	?FindBranchInstruction@Compiler@D3DXShader@@AAAPAVInstruction@2@PAVBlock@2@@Z	0x9C	0x82CE0240
xgraphics	predication.cpp	?RemoveDependency@Instruction@D3DXShader@@QAAXPAVDependency@2@PAVCompiler@2@@Z	0x64	0x82CE02E0
xgraphics	predication.cpp	?AddSideEffectDependency@Instruction@D3DXShader@@QAAPAVDependency@2@W4SideEffect@2@PAV12@PAVCompiler@2@@Z	0x90	0x82CE0348
xgraphics	predication.cpp	?FlipJumpCondition@Compiler@D3DXShader@@AAAPAVInstruction@2@PAV32@@Z	0x254	0x82CE03D8
xgraphics	predication.cpp	?FindScopeExits@Compiler@D3DXShader@@AAA_NPAVBlock@2@0PA_N1PAPAV32@@Z	0x26C	0x82CE0630
xgraphics	predication.cpp	?MarkPredicatedControlFlow@Compiler@D3DXShader@@AAAXPAVBlock@2@0@Z	0xF0	0x82CE08A0
xgraphics	predication.cpp	?FindControllingPredicateStackOp@Compiler@D3DXShader@@AAAPAVInstruction@2@PAVBlock@2@@Z	0x114	0x82CE0990
xgraphics	predication.cpp	?ConvertPredicateToPush@Compiler@D3DXShader@@AAAPAVInstruction@2@PAVBlock@2@@Z	0x220	0x82CE0AA8
xgraphics	predication.cpp	?BlockContainsMERGEWithGroupedInput@Compiler@D3DXShader@@AAA_NPAURegGroupInfo@2@PAVBlock@2@@Z	0x98	0x82CE0CC8
xgraphics	predication.cpp	?RemoveRedundantPHIs@Compiler@D3DXShader@@AAAXPAVBlock@2@@Z	0x1AC	0x82CE0D60
xgraphics	predication.cpp	?CanUseConditionalExecute@Compiler@D3DXShader@@AAA_NPAVBlock@2@0PAVInstruction@2@1PA_N@Z	0x398	0x82CE0F10
xgraphics	predication.cpp	?ConvertBlocksToConditionalExecute@Compiler@D3DXShader@@AAAXPAVBlock@2@00_N1@Z	0x2E0	0x82CE12A8
xgraphics	predication.cpp	?CanUnpredicateBlock@Compiler@D3DXShader@@AAA_NPAVBlock@2@@Z	0xE8	0x82CE1588
xgraphics	predication.cpp	?CanRemoveInvOp@Compiler@D3DXShader@@AAA_NPAVInstruction@2@@Z	0x98	0x82CE1670
xgraphics	predication.cpp	?AddToTail@?$DoubleLinkList@VInstruction@D3DXShader@@$0CE@@D3DXShader@@QAAXPAV12@@Z	0x68	0x82CE1708
xgraphics	predication.cpp	?GetNext@?$ArrayListEnumerator@UCNDOperation@D3DXShader@@$1?AllocInContext@CompilerHeap@2@SAPAXPAXK@Z$1?FreeInContext@42@SAX00K@Z@D3DXShader@@QAAPAUCNDOperation@2@XZ	0x54	0x82CE1770
xgraphics	predication.cpp	?ReplaceOperand@Instruction@D3DXShader@@QAAPAVDependency@2@IPAV32@PAVCompiler@2@@Z	0x40	0x82CE17C8
xgraphics	predication.cpp	?MakeInstr_V_MAX@Compiler@D3DXShader@@QAAPAVInstruction@2@PAVBlock@2@PAV?$DoubleLinkList@VInstruction@D3DXShader@@$0CE@@2@PAVDependency@2@2@Z	0xEC	0x82CE1808
xgraphics	predication.cpp	?MakeInstr_V_CNDE@Compiler@D3DXShader@@QAAPAVInstruction@2@PAVBlock@2@PAV?$DoubleLinkList@VInstruction@D3DXShader@@$0CE@@2@PAVDependency@2@22@Z	0x11C	0x82CE18F8
xgraphics	predication.cpp	?MakeInstr_V_CNDGE@Compiler@D3DXShader@@QAAPAVInstruction@2@PAVBlock@2@PAV?$DoubleLinkList@VInstruction@D3DXShader@@$0CE@@2@PAVDependency@2@22@Z	0x11C	0x82CE1A18
xgraphics	predication.cpp	?MakeInstr_V_CNDGT@Compiler@D3DXShader@@QAAPAVInstruction@2@PAVBlock@2@PAV?$DoubleLinkList@VInstruction@D3DXShader@@$0CE@@2@PAVDependency@2@22@Z	0x11C	0x82CE1B38
xgraphics	predication.cpp	?MakeInstr_S_PRED_SET_CLR@Compiler@D3DXShader@@QAAPAVInstruction@2@W4PlacementMethod@12@PAV32@@Z	0x54	0x82CE1C58
xgraphics	predication.cpp	?MakeInstr_S_PRED_SET_RESTORE@Compiler@D3DXShader@@QAAPAVInstruction@2@PAVBlock@2@PAVDependency@2@@Z	0xA0	0x82CE1CB0
xgraphics	predication.cpp	?FindControlChildren@Compiler@D3DXShader@@AAA?AW4ControlStructureType@12@PAVBlock@2@PAVInstruction@2@PA_NPAPAV42@3@Z	0x378	0x82CE1D50
xgraphics	predication.cpp	?HoistExportsFromBlock@Compiler@D3DXShader@@AAA_NPAVBlock@2@0PAVInstruction@2@I@Z	0x658	0x82CE20C8
xgraphics	predication.cpp	?FindLexicalFollowBlock@Compiler@D3DXShader@@AAAPAVBlock@2@PAV32@@Z	0x4EC	0x82CE2720
xgraphics	predication.cpp	?PredicateBlocks@Compiler@D3DXShader@@AAA_NPAVBlock@2@III0PAPAV32@1@Z	0x468	0x82CE2C10
xgraphics	predication.cpp	?InsertPredicateOp@Compiler@D3DXShader@@AAAPAVBlock@2@PAV32@00W4Opcode@2@PAVInstruction@2@@Z	0xE8	0x82CE3078
xgraphics	predication.cpp	?InsertPredicateClear@Compiler@D3DXShader@@AAAXPAVInstruction@2@0@Z	0x10C	0x82CE3160
xgraphics	predication.cpp	?ClearNestedPredicateStack@Compiler@D3DXShader@@AAAPAVBlock@2@PAV32@PAVInstruction@2@1@Z	0x344	0x82CE3270
xgraphics	predication.cpp	?PredicateNonLexicalScopeExit@Compiler@D3DXShader@@AAAXPAVBlock@2@PAVInstruction@2@00@Z	0x600	0x82CE35B8
xgraphics	predication.cpp	?PHIHasMERGEDependentInBlocks@Compiler@D3DXShader@@AAA_NPAVInstruction@2@PAVBlock@2@111@Z	0xAC	0x82CE3BB8
xgraphics	predication.cpp	?MergeBlocks_ForPredicationReduction@Compiler@D3DXShader@@AAA_NPAVBlock@2@0@Z	0x5C	0x82CE3C68
xgraphics	predication.cpp	?FindPreviousPredicateStackDef@Compiler@D3DXShader@@AAAPAVInstruction@2@PAV32@I@Z	0x148	0x82CE3CC8
xgraphics	predication.cpp	?IdentifySimpleControlFlow@Compiler@D3DXShader@@AAA_NPAVBlock@2@PAVInstruction@2@PAW4ControlStructureType@12@PA_NPAPAV32@444@Z	0x268	0x82CE3E10
xgraphics	predication.cpp	?CleanPredication@Compiler@D3DXShader@@AAAXXZ	0x110	0x82CE4078
xgraphics	predication.cpp	?RemoveAll@?$ArrayList@UCNDOperation@D3DXShader@@$1?AllocInContext@CompilerHeap@2@SAPAXPAXK@Z$1?FreeInContext@42@SAX00K@Z@D3DXShader@@QAAXXZ	0x9C	0x82CE4188
xgraphics	predication.cpp	?GetSpaceWorker@?$ArrayList@UCNDOperation@D3DXShader@@$1?AllocInContext@CompilerHeap@2@SAPAXPAXK@Z$1?FreeInContext@42@SAX00K@Z@D3DXShader@@AAAPAUArrayListEntry@12@I@Z	0x84	0x82CE4228
xgraphics	predication.cpp	merged_82CE42B0	0x84	0x82CE42B0
xgraphics	predication.cpp	?HoistExports@Compiler@D3DXShader@@AAAXPAVBlock@2@@Z	0xEC	0x82CE4338
xgraphics	predication.cpp	?OptimizePredication@Compiler@D3DXShader@@AAA_NXZ	0x1124	0x82CE4428
xgraphics	predication.cpp	?CanCombineBlocks@Compiler@D3DXShader@@AAA_NPAVBlock@2@0_NPAI@Z	0x458	0x82CE5550
xgraphics	predication.cpp	?MarkThreadDependentInstruction@Compiler@D3DXShader@@AAAXPAVInstruction@2@PAV?$Stack@PAVInstruction@D3DXShader@@$1?AllocInContext@CompilerHeap@2@SAPAXPAXK@Z$1?FreeInContext@42@SAX00K@Z@2@@Z	0xF0	0x82CE59A8
xgraphics	predication.cpp	?MarkThreadDependentPHIs@Compiler@D3DXShader@@AAAXPAVBlock@2@0PAV?$Stack@PAVInstruction@D3DXShader@@$1?AllocInContext@CompilerHeap@2@SAPAXPAXK@Z$1?FreeInContext@42@SAX00K@Z@2@@Z	0x1D8	0x82CE5A98
xgraphics	predication.cpp	?MarkReachableBranchesAsThreadDependent@Compiler@D3DXShader@@AAAXPAVBlock@2@PAV?$Stack@PAVInstruction@D3DXShader@@$1?AllocInContext@CompilerHeap@2@SAPAXPAXK@Z$1?FreeInContext@42@SAX00K@Z@2@@Z	0xD0	0x82CE5C70
xgraphics	predication.cpp	?MarkReachableScopeExitBranchesAsThreadDependent@Compiler@D3DXShader@@AAAXPAVBlock@2@0PAV?$Stack@PAVInstruction@D3DXShader@@$1?AllocInContext@CompilerHeap@2@SAPAXPAXK@Z$1?FreeInContext@42@SAX00K@Z@2@@Z	0x100	0x82CE5D40
xgraphics	predication.cpp	?HoistExports_AfterPredication@Compiler@D3DXShader@@AAAXPAVBlock@2@@Z	0x208	0x82CE5E40
xgraphics	predication.cpp	?ApplyCNDOperations@Compiler@D3DXShader@@AAAXPAV?$ArrayList@UCNDOperation@D3DXShader@@$1?AllocInContext@CompilerHeap@2@SAPAXPAXK@Z$1?FreeInContext@42@SAX00K@Z@2@PAVInstruction@2@_NPAVBlock@2@PAV?$Stack@PAVInstruction@D3DXShader@@$1?AllocInContext@CompilerHeap@2@SAPAXPAXK@Z$1?FreeInContext@42@SAX00K@Z@2@@Z	0x44C	0x82CE6048
xgraphics	predication.cpp	?ConvertJumpToCNDInstructions@Compiler@D3DXShader@@AAA_NPAVInstruction@2@0_NPAVBlock@2@22@Z	0x234	0x82CE6498
xgraphics	predication.cpp	?MarkThreadDependentInstructions@Compiler@D3DXShader@@AAAXXZ	0xA04	0x82CE66D0
xgraphics	predication.cpp	?RemarkThreadDependentInstructions@Compiler@D3DXShader@@AAAXXZ	0xFC	0x82CE70D8
xgraphics	predication.cpp	?Predication@Compiler@D3DXShader@@AAAXXZ	0x255C	0x82CE71D8
xgraphics	predication.cpp	?ReducePredication@Compiler@D3DXShader@@AAA_NPAVBlock@2@@Z	0x1A7C	0x82CE9738
xgraphics	globreg.cpp	?CountBits@D3DXShader@@YAII@Z	0xF8	0x82CEB1B8
xgraphics	globreg.cpp	?GetConditionRegisterControllingBlock@Block@D3DXShader@@QAAPAV12@XZ	0x44	0x82CEB2B0
xgraphics	globreg.cpp	?GetSubEntryPoint@Block@D3DXShader@@QAAPAV12@XZ	0x48	0x82CEB2F8
xgraphics	globreg.cpp	?GetFirstDefIndex_ForVectorizing@Instruction@D3DXShader@@QAAIXZ	0x34	0x82CEB340
xgraphics	globreg.cpp	?GetOrigInstrForDef@Compiler@D3DXShader@@AAAPAVInstruction@2@PAV32@@Z	0x3C	0x82CEB378
xgraphics	globreg.cpp	?MapDefIndex@Compiler@D3DXShader@@AAAII@Z	0x78	0x82CEB3B8
xgraphics	globreg.cpp	?CompareDefs@D3DXShader@@YAHPBX0@Z	0xB8	0x82CEB430
xgraphics	globreg.cpp	?CompareGroups@D3DXShader@@YAHPBX0@Z	0x58	0x82CEB4E8
xgraphics	globreg.cpp	?AddPHICopyCost@Compiler@D3DXShader@@AAAXPAVInstruction@2@PAVDependency@2@1PAI2@Z	0x114	0x82CEB540
xgraphics	globreg.cpp	?CountSetBits@?$FixedSizeBitSet@_K$03@D3DXShader@@QAAIXZ	0x4C	0x82CEB658
xgraphics	globreg.cpp	??$AnyCommonBitsSetInArrays@_K@D3DXShader@@YA_NPA_K0K@Z	0x44	0x82CEB6A8
xgraphics	globreg.cpp	??$OrBitArray@_K@D3DXShader@@YAXPA_K0K@Z	0x44	0x82CEB6F0
xgraphics	globreg.cpp	??$AndInverseBitArray@_K@D3DXShader@@YAXPA_K0K@Z	0x44	0x82CEB738
xgraphics	globreg.cpp	?SetDefBit@Compiler@D3DXShader@@AAAXPA_KI@Z	0x20	0x82CEB780
xgraphics	globreg.cpp	?GetDefComponent@Compiler@D3DXShader@@AAA?AW4Component@2@I@Z	0x28	0x82CEB7A0
xgraphics	globreg.cpp	?AssignDefGroup@Compiler@D3DXShader@@AAAXIPAURegGroupInfo@2@W4Component@2@@Z	0x48	0x82CEB7C8
xgraphics	globreg.cpp	?GetDefGroup@Compiler@D3DXShader@@AAAPAURegGroupInfo@2@I@Z	0x10	0x82CEB810
xgraphics	globreg.cpp	?GetDefGroupForInstr@Compiler@D3DXShader@@AAAPAURegGroupInfo@2@PAVInstruction@2@@Z	0x58	0x82CEB820
xgraphics	globreg.cpp	?GetFirstDefIndex_ForFinalScheduling@Compiler@D3DXShader@@AAAIPAVInstruction@2@@Z	0x1A4	0x82CEB878
xgraphics	globreg.cpp	?GetDefGroupForInstr_ForVectorizing@Compiler@D3DXShader@@AAAPAURegGroupInfo@2@PAVInstruction@2@@Z	0x6C	0x82CEBA20
xgraphics	globreg.cpp	?InsertIsolatedVariableCopy@Compiler@D3DXShader@@AAAPAVInstruction@2@PAV32@@Z	0x8C	0x82CEBA90
xgraphics	globreg.cpp	?AssignGroupRegToInstr@Compiler@D3DXShader@@AAAXPAVInstruction@2@@Z	0xE8	0x82CEBB20
xgraphics	globreg.cpp	?MarkDefIntf@Compiler@D3DXShader@@AAAXII@Z	0x60	0x82CEBC08
xgraphics	globreg.cpp	?CountComponentsInUse@GeneralRegisterSet@D3DXShader@@QAAIXZ	0x50	0x82CEBC68
xgraphics	globreg.cpp	?MergeGroupComponents@Compiler@D3DXShader@@AAAXPAURegGroupInfo@2@W4Component@2@01_N@Z	0x1E4	0x82CEBCB8
xgraphics	globreg.cpp	?HaveComponentInterference@Compiler@D3DXShader@@AAA_NII@Z	0x1B0	0x82CEBEA0
xgraphics	globreg.cpp	?FreeGroup@Compiler@D3DXShader@@AAAXPAURegGroupInfo@2@@Z	0x74	0x82CEC050
xgraphics	globreg.cpp	?CanAddRedundantScalarOutput@Compiler@D3DXShader@@AAA_NPAVInstruction@2@I@Z	0x160	0x82CEC0C8
xgraphics	globreg.cpp	?AddToGroupComponent@Compiler@D3DXShader@@AAAXPAURegGroupInfo@2@IIW4Component@2@_N@Z	0x27C	0x82CEC228
xgraphics	globreg.cpp	?StoreDefMapping@Compiler@D3DXShader@@AAAXII@Z	0x1EC	0x82CEC4A8
xgraphics	globreg.cpp	?UpdateDefGroupStateAfterRemovingInstructionOutput@Compiler@D3DXShader@@AAAXPAVInstruction@2@I@Z	0x360	0x82CEC698
xgraphics	globreg.cpp	?CreateGroup@Compiler@D3DXShader@@AAAPAURegGroupInfo@2@XZ	0xFC	0x82CEC9F8
xgraphics	globreg.cpp	?BuildInterferenceFromLiveness@Compiler@D3DXShader@@AAAXPA_KK_N@Z	0x4CC	0x82CECAF8
xgraphics	globreg.cpp	?AddToGroup@Compiler@D3DXShader@@AAAXPAURegGroupInfo@2@II_N@Z	0x88	0x82CECFC8
xgraphics	globreg.cpp	?AssignRegToGroup@D3DXShader@@YA?AV?$BitFieldSet@V?$FixedSizeBitSet@I$00@D3DXShader@@II$01@1@PAURegGroupInfo@1@0V?$BitFieldSet@V?$FixedSizeBitSet@I$00@D3DXShader@@II$03@1@IIII@Z	0x3B0	0x82CED050
xgraphics	globreg.cpp	?PickRegForGroup@Compiler@D3DXShader@@AAAIPAURegGroupInfo@2@0V?$BitFieldSet@V?$FixedSizeBitSet@I$00@D3DXShader@@II$03@2@IIIPAVGeneralRegisterSet@2@PAV?$BitFieldSet@V?$FixedSizeBitSet@I$00@D3DXShader@@II$01@2@@Z	0x1EC	0x82CED400
xgraphics	globreg.cpp	?RestrictRegister@Compiler@D3DXShader@@AAAXPAVInstruction@2@I@Z	0x120	0x82CED5F0
xgraphics	globreg.cpp	?CanAddToGroupComponent@Compiler@D3DXShader@@AAA_NPAURegGroupInfo@2@III@Z	0x1E4	0x82CED710
xgraphics	globreg.cpp	?CanAddToGroup@Compiler@D3DXShader@@AAA_NPAURegGroupInfo@2@II@Z	0x18C	0x82CED8F8
xgraphics	globreg.cpp	?FindGroupMapping@Compiler@D3DXShader@@AAA?AV?$BitFieldSet@V?$FixedSizeBitSet@I$00@D3DXShader@@II$03@2@PAURegGroupInfo@2@0V32@III@Z	0x694	0x82CEDA88
xgraphics	globreg.cpp	?CanMergeGroups@Compiler@D3DXShader@@AAA_NPAURegGroupInfo@2@0V?$BitFieldSet@V?$FixedSizeBitSet@I$00@D3DXShader@@II$03@2@III@Z	0x1A0	0x82CEE120
xgraphics	globreg.cpp	?MergeGroups@Compiler@D3DXShader@@AAAPAURegGroupInfo@2@PAU32@0V?$BitFieldSet@V?$FixedSizeBitSet@I$00@D3DXShader@@II$03@2@III_N@Z	0x258	0x82CEE2C0
xgraphics	globreg.cpp	?CanMergeGroups@Compiler@D3DXShader@@AAA_NPAURegGroupInfo@2@0@Z	0xD0	0x82CEE518
xgraphics	globreg.cpp	?BuildRegGroups@Compiler@D3DXShader@@AAA_N_NPAPAPAVInstruction@2@I@Z	0x41F8	0x82CEE5E8
xgraphics	globreg.cpp	?GlobalRegisterAllocation@Compiler@D3DXShader@@AAAXXZ	0x628	0x82CF27E0
xgraphics	constreg.cpp	?GetConstantRegisterUseType@Instruction@D3DXShader@@QAA?AW4_D3DXREGISTER_SET@@XZ	0xA0	0x82CF2E08
xgraphics	constreg.cpp	?GetSamplerRegisterCount@Compiler@D3DXShader@@QAAIXZ	0x50	0x82CF2EA8
xgraphics	constreg.cpp	?SetVariableComponentInfo@D3DXShader@@YAXPAUVariableComponentInfo@1@IIIW4_D3DCOMPONENT_TYPE@1@_N@Z	0xA0	0x82CF2EF8
xgraphics	constreg.cpp	?ParseRegisterToken@Compiler@D3DXShader@@AAAXPAVCNodeToken@2@W4_D3DXREGISTER_SET@@PAW44@PAIPA_N@Z	0x208	0x82CF2F98
xgraphics	constreg.cpp	?CompareConstants@D3DXShader@@YAHPBX0@Z	0x20	0x82CF31A0
xgraphics	constreg.cpp	?FindSetBit@?$FixedSizeBitSet@_K$0BA@@D3DXShader@@QAAII@Z	0x68	0x82CF31C0
xgraphics	constreg.cpp	?FindClearBit@?$FixedSizeBitSet@_K$0BA@@D3DXShader@@QAAII@Z	0x68	0x82CF3228
xgraphics	constreg.cpp	?FindNibbleWithClearBit@?$FixedSizeBitSet@_K$0BA@@D3DXShader@@QAAIIPAI@Z	0x78	0x82CF3290
xgraphics	constreg.cpp	?FindClearBit@?$FixedSizeBitSet@_K$03@D3DXShader@@QAAII@Z	0x68	0x82CF3308
xgraphics	constreg.cpp	?FindClearBit@?$FixedSizeBitSet@I$00@D3DXShader@@QAAII@Z	0x64	0x82CF3370
xgraphics	constreg.cpp	?FindNibbleWithClearBit@?$FixedSizeBitSet@I$00@D3DXShader@@QAAIIPAI@Z	0x74	0x82CF33D8
xgraphics	constreg.cpp	?FindLastNibbleWithClearBit@?$FixedSizeBitSet@I$00@D3DXShader@@QAAIIPAI@Z	0x6C	0x82CF3450
xgraphics	constreg.cpp	?GetVarRegIndex@Instruction@D3DXShader@@QAAIPAVCompiler@2@@Z	0x4C	0x82CF34C0
xgraphics	constreg.cpp	?Find@?$RegisterSet@V?$FixedSizeBitSet@_K$0BA@@D3DXShader@@$1?PrintConstantRegister@2@YAXPAVCompiler@2@I@Z$0BAA@$03$1?ReportOutOfConstantRegistersError@2@YAX0@Z@D3DXShader@@QAAIIIH@Z	0xBC	0x82CF3510
xgraphics	constreg.cpp	?IsAnyBitSet@?$FixedSizeBitSet@I$00@D3DXShader@@QAA_NII@Z	0x90	0x82CF35D0
xgraphics	constreg.cpp	?SetBitRange@?$FixedSizeBitSet@I$00@D3DXShader@@QAAXII@Z	0xAC	0x82CF3660
xgraphics	constreg.cpp	?Find@?$RegisterSet@V?$FixedSizeBitSet@_K$03@D3DXShader@@$1?PrintConditionRegister@2@YAXPAVCompiler@2@I@Z$0BAA@$00$1?ReportOutOfBooleanRegistersError@2@YAX0@Z@D3DXShader@@QAAIIIH@Z	0xB0	0x82CF3710
xgraphics	constreg.cpp	merged_82CF37C0	0xB0	0x82CF37C0
xgraphics	constreg.cpp	merged_82CF3870	0xD0	0x82CF3870
xgraphics	constreg.cpp	?FindLastBitSetInRange@?$FixedSizeBitSet@I$00@D3DXShader@@QAAIII@Z	0xC4	0x82CF3940
xgraphics	constreg.cpp	?Alloc@?$RegisterSet@V?$FixedSizeBitSet@_K$0BA@@D3DXShader@@$1?PrintConstantRegister@2@YAXPAVCompiler@2@I@Z$0BAA@$03$1?ReportOutOfConstantRegistersError@2@YAX0@Z@D3DXShader@@QAAII_N@Z	0x90	0x82CF3A08
xgraphics	constreg.cpp	?AllocTopDown@?$RegisterSet@V?$FixedSizeBitSet@_K$0BA@@D3DXShader@@$1?PrintConstantRegister@2@YAXPAVCompiler@2@I@Z$0BAA@$03$1?ReportOutOfConstantRegistersError@2@YAX0@Z@D3DXShader@@QAAII@Z	0x7C	0x82CF3A98
xgraphics	constreg.cpp	?FindContiguousRegisters@?$RegisterSet@V?$FixedSizeBitSet@_K$0BA@@D3DXShader@@$1?PrintConstantRegister@2@YAXPAVCompiler@2@I@Z$0BAA@$03$1?ReportOutOfConstantRegistersError@2@YAX0@Z@D3DXShader@@QAAIII@Z	0x84	0x82CF3B18
xgraphics	constreg.cpp	merged_82CF3BA0	0x5C	0x82CF3BA0
xgraphics	constreg.cpp	?Alloc@?$RegisterSet@V?$FixedSizeBitSet@I$00@D3DXShader@@$1?PrintSamplerRegister@2@YAXPAVCompiler@2@I@Z$0CA@$00$1?ReportOutOfSamplerRegistersError@2@YAX0@Z@D3DXShader@@QAAII_N@Z	0xB8	0x82CF3C00
xgraphics	constreg.cpp	?Reserve@?$RegisterSet@V?$FixedSizeBitSet@_K$03@D3DXShader@@$1?PrintConditionRegister@2@YAXPAVCompiler@2@I@Z$0BAA@$00$1?ReportOutOfBooleanRegistersError@2@YAX0@Z@D3DXShader@@QAAXI@Z	0x68	0x82CF3CB8
xgraphics	constreg.cpp	?ReserveContiguousRegisters@?$RegisterSet@V?$FixedSizeBitSet@_K$03@D3DXShader@@$1?PrintConditionRegister@2@YAXPAVCompiler@2@I@Z$0BAA@$00$1?ReportOutOfBooleanRegistersError@2@YAX0@Z@D3DXShader@@QAAXII@Z	0x5C	0x82CF3D20
xgraphics	constreg.cpp	?Alloc@?$RegisterSet@V?$FixedSizeBitSet@_K$03@D3DXShader@@$1?PrintConditionRegister@2@YAXPAVCompiler@2@I@Z$0BAA@$00$1?ReportOutOfBooleanRegistersError@2@YAX0@Z@D3DXShader@@QAAII_N@Z	0x90	0x82CF3D80
xgraphics	constreg.cpp	merged_82CF3E10	0x64	0x82CF3E10
xgraphics	constreg.cpp	?AllocTopDown@?$RegisterSet@V?$FixedSizeBitSet@I$00@D3DXShader@@$1?PrintIntegerRegister@2@YAXPAVCompiler@2@I@Z$0CA@$00$1?ReportOutOfIntegerRegistersError@2@YAX0@Z@D3DXShader@@QAAII@Z	0x74	0x82CF3E78
xgraphics	constreg.cpp	merged_82CF3EF0	0x68	0x82CF3EF0
xgraphics	constreg.cpp	?FindContiguousRegisters@?$RegisterSet@V?$FixedSizeBitSet@_K$03@D3DXShader@@$1?PrintConditionRegister@2@YAXPAVCompiler@2@I@Z$0BAA@$00$1?ReportOutOfBooleanRegistersError@2@YAX0@Z@D3DXShader@@QAAIII@Z	0x68	0x82CF3F58
xgraphics	constreg.cpp	?AllocFunctionMem@Compiler@D3DXShader@@QAAPAXKW4CompilerHeapStructTypes@2@@Z	0xA8	0x82CF3FC0
xgraphics	constreg.cpp	?PackConstants@Compiler@D3DXShader@@AAAXXZ	0x77C	0x82CF4068
xgraphics	constreg.cpp	?AllocRegsForUniformVariable@Compiler@D3DXShader@@AAAIPAV?$RegisterSet@V?$FixedSizeBitSet@_K$0BA@@D3DXShader@@$1?PrintConstantRegister@2@YAXPAVCompiler@2@I@Z$0BAA@$03$1?ReportOutOfConstantRegistersError@2@YAX0@Z@2@I@Z	0x1F8	0x82CF47E8
xgraphics	constreg.cpp	?Find@?$ArrayList@PAX$1?AllocInContext@CompilerHeap@D3DXShader@@SAPAXPAXK@Z$1?FreeInContext@23@SAX00K@Z@D3DXShader@@QAAIPAX@Z	0x7C	0x82CF49E0
xgraphics	constreg.cpp	?AllocContiguousRegisters@?$RegisterSet@V?$FixedSizeBitSet@I$00@D3DXShader@@$1?PrintSamplerRegister@2@YAXPAVCompiler@2@I@Z$0CA@$00$1?ReportOutOfSamplerRegistersError@2@YAX0@Z@D3DXShader@@QAAII@Z	0x88	0x82CF4A60
xgraphics	constreg.cpp	?AllocContiguousRegisters@?$RegisterSet@V?$FixedSizeBitSet@_K$03@D3DXShader@@$1?PrintConditionRegister@2@YAXPAVCompiler@2@I@Z$0BAA@$00$1?ReportOutOfBooleanRegistersError@2@YAX0@Z@D3DXShader@@QAAII@Z	0x58	0x82CF4AE8
xgraphics	constreg.cpp	?AllocContiguousRegisters@?$RegisterSet@V?$FixedSizeBitSet@I$00@D3DXShader@@$1?PrintIntegerRegister@2@YAXPAVCompiler@2@I@Z$0CA@$00$1?ReportOutOfIntegerRegistersError@2@YAX0@Z@D3DXShader@@QAAII@Z	0x58	0x82CF4B40
xgraphics	constreg.cpp	?FindAssociatedErrorData@Compiler@D3DXShader@@QAAPAXPAX@Z	0x90	0x82CF4B98
xgraphics	constreg.cpp	?GetVariableRegisterBounds@Compiler@D3DXShader@@AAAXIPAI0@Z	0x12C	0x82CF4C28
xgraphics	constreg.cpp	?ReportInvalidRegisterSemanticError@Compiler@D3DXShader@@AAAXI@Z	0xE8	0x82CF4D58
xgraphics	constreg.cpp	merged_82CF4E40	0x94	0x82CF4E40
xgraphics	constreg.cpp	?EnsureContiguousRegistersFree@?$RegisterSet@V?$FixedSizeBitSet@_K$0BA@@D3DXShader@@$1?PrintConstantRegister@2@YAXPAVCompiler@2@I@Z$0BAA@$03$1?ReportOutOfConstantRegistersError@2@YAX0@Z@D3DXShader@@QAAXII@Z	0x9C	0x82CF4ED8
xgraphics	constreg.cpp	merged_82CF4F78	0x80	0x82CF4F78
xgraphics	constreg.cpp	?EnsureContiguousRegistersInUse@?$RegisterSet@V?$FixedSizeBitSet@_K$03@D3DXShader@@$1?PrintConditionRegister@2@YAXPAVCompiler@2@I@Z$0BAA@$00$1?ReportOutOfBooleanRegistersError@2@YAX0@Z@D3DXShader@@QAAXII@Z	0x84	0x82CF4FF8
xgraphics	constreg.cpp	?CreateTypeEnumerator@Compiler@D3DXShader@@QAAPAVComponentTypeEnumerator@2@PAVCNode@2@00@Z	0x74	0x82CF5080
xgraphics	constreg.cpp	?PadConstantRegisterBlocks@Compiler@D3DXShader@@AAAXPAV?$RegisterSet@V?$FixedSizeBitSet@_K$0BA@@D3DXShader@@$1?PrintConstantRegister@2@YAXPAVCompiler@2@I@Z$0BAA@$03$1?ReportOutOfConstantRegistersError@2@YAX0@Z@2@@Z	0x88	0x82CF50F8
xgraphics	constreg.cpp	?AssociateErrorData@Compiler@D3DXShader@@QAAXPAX0@Z	0x100	0x82CF5180
xgraphics	constreg.cpp	?ComputeGlobalVariableLayout@Compiler@D3DXShader@@AAAXI@Z	0x5E8	0x82CF5280
xgraphics	constreg.cpp	?ConstantRegisterAllocation@Compiler@D3DXShader@@AAAXXZ	0x1964	0x82CF5868
xgraphics	scheduler.cpp	?CanCoIssue@Instruction@D3DXShader@@QAA_NXZ	0x30	0x82CF71D0
xgraphics	scheduler.cpp	?FindTwoOperandScalarUseConstantMask@Instruction@D3DXShader@@QAAPAV12@PAI0@Z	0x124	0x82CF7200
xgraphics	scheduler.cpp	?CanPossiblyCauseConstantWaterfall@Instruction@D3DXShader@@QAA_NXZ	0x70	0x82CF7328
xgraphics	scheduler.cpp	?RecomputePathLength@Instruction@D3DXShader@@QAAXXZ	0xBC	0x82CF7398
xgraphics	scheduler.cpp	?ScheduleInstruction@MachineState@D3DXShader@@QAAXPAVInstruction@2@@Z	0x7C	0x82CF7458
xgraphics	scheduler.cpp	?GetPredicateInstruction@Scheduler@D3DXShader@@QAAPAVInstruction@2@XZ	0x84	0x82CF74D8
xgraphics	scheduler.cpp	?DependentsHaveBeenScheduled@Scheduler@D3DXShader@@QAA_NPAVInstruction@2@0@Z	0x84	0x82CF7560
xgraphics	scheduler.cpp	?CanCoIssueWith@Compiler@D3DXShader@@QAA_NPAVInstruction@2@0@Z	0x574	0x82CF75E8
xgraphics	scheduler.cpp	?CanSmashToTwoOperandScalarInstruction@Instruction@D3DXShader@@QAA_NPA_N@Z	0x268	0x82CF7B60
xgraphics	scheduler.cpp	?SimulateForwards@MachineState@D3DXShader@@QAAXPAVInstruction@2@@Z	0x138	0x82CF7DC8
xgraphics	scheduler.cpp	?CleanPrologueAfterScheduling@Compiler@D3DXShader@@AAAXPAVBlock@2@@Z	0x6C	0x82CF7F00
xgraphics	scheduler.cpp	?CanScheduleVFETCHGroup@Scheduler@D3DXShader@@QAA_NPAVInstruction@2@@Z	0x90	0x82CF7F70
xgraphics	scheduler.cpp	?Reset@ScheduledBundleEnumerator@D3DXShader@@QAAXPAVScheduler@2@PAV?$DoubleLinkList@VInstruction@D3DXShader@@$0CE@@2@PAVInstruction@2@@Z	0xC0	0x82CF8000
xgraphics	scheduler.cpp	?HasEmptyScalarSlot@ScheduledBundleEnumerator@D3DXShader@@QAA_NXZ	0xC4	0x82CF80C0
xgraphics	scheduler.cpp	?HasEmptySlotForInstr@ScheduledBundleEnumerator@D3DXShader@@QAA_NPAVInstruction@2@@Z	0x130	0x82CF8188
xgraphics	scheduler.cpp	?GoToPrevBundle@ScheduledBundleEnumerator@D3DXShader@@QAA_NXZ	0xDC	0x82CF82B8
xgraphics	scheduler.cpp	?FillEmptySlot@ScheduledBundleEnumerator@D3DXShader@@QAAXPAVInstruction@2@@Z	0x7C	0x82CF8398
xgraphics	scheduler.cpp	?AddNonMicrocodeToSlot@ScheduledBundleEnumerator@D3DXShader@@QAAXPAVInstruction@2@@Z	0xF0	0x82CF8418
xgraphics	scheduler.cpp	?CheckMergeInterference@Compiler@D3DXShader@@AAAXPAVInstruction@2@@Z	0x1D8	0x82CF8508
xgraphics	scheduler.cpp	?ComputeNumInstrsIfSmashedToScalars_PermitSideEffects@Instruction@D3DXShader@@QAAIXZ	0x408	0x82CF86E0
xgraphics	scheduler.cpp	?PrepareSmashedInstruction@Compiler@D3DXShader@@AAAXPAVInstruction@2@00II@Z	0x260	0x82CF8AE8
xgraphics	scheduler.cpp	?ReplaceSmashedInstruction@Compiler@D3DXShader@@AAAXPAVInstruction@2@0@Z	0x4C4	0x82CF8D48
xgraphics	scheduler.cpp	?RemoveSmashedInstructions@Compiler@D3DXShader@@AAAXPAV?$DoubleLinkList@VInstruction@D3DXShader@@$0CE@@2@@Z	0xA8	0x82CF9210
xgraphics	scheduler.cpp	?InsertAtHead@?$DoubleLinkList@VInstruction@D3DXShader@@$0CE@@D3DXShader@@QAAXPAV12@@Z	0x64	0x82CF92B8
xgraphics	scheduler.cpp	?CanHaveOrderingDependencies@Instruction@D3DXShader@@QAA_NXZ	0x70	0x82CF9320
xgraphics	scheduler.cpp	?MakeInstr_V_MAXA@Compiler@D3DXShader@@QAAPAVInstruction@2@PAVBlock@2@PAV?$DoubleLinkList@VInstruction@D3DXShader@@$0CE@@2@PAVDependency@2@2@Z	0xD4	0x82CF9390
xgraphics	scheduler.cpp	?MakeInstr_S_MAX@Compiler@D3DXShader@@QAAPAVInstruction@2@PAVBlock@2@PAV?$DoubleLinkList@VInstruction@D3DXShader@@$0CE@@2@PAVDependency@2@@Z	0xA4	0x82CF9468
xgraphics	scheduler.cpp	?MakeInstr_S_MAXA@Compiler@D3DXShader@@QAAPAVInstruction@2@PAVBlock@2@PAV?$DoubleLinkList@VInstruction@D3DXShader@@$0CE@@2@PAVDependency@2@@Z	0xA4	0x82CF9510
xgraphics	scheduler.cpp	?MakeInstr_S_MAXA_FLOOR@Compiler@D3DXShader@@QAAPAVInstruction@2@PAVBlock@2@PAV?$DoubleLinkList@VInstruction@D3DXShader@@$0CE@@2@PAVDependency@2@@Z	0xA4	0x82CF95B8
xgraphics	scheduler.cpp	?MakeInstr_S_MUL_CONST_0@Compiler@D3DXShader@@QAAPAVInstruction@2@PAVBlock@2@PAV?$DoubleLinkList@VInstruction@D3DXShader@@$0CE@@2@PAVDependency@2@2@Z	0xD4	0x82CF9660
xgraphics	scheduler.cpp	?MakeInstr_S_ADD_CONST_0@Compiler@D3DXShader@@QAAPAVInstruction@2@PAVBlock@2@PAV?$DoubleLinkList@VInstruction@D3DXShader@@$0CE@@2@PAVDependency@2@2@Z	0xD4	0x82CF9738
xgraphics	scheduler.cpp	?MakeInstr_S_SUB_CONST_0@Compiler@D3DXShader@@QAAPAVInstruction@2@PAVBlock@2@PAV?$DoubleLinkList@VInstruction@D3DXShader@@$0CE@@2@PAVDependency@2@2@Z	0xD4	0x82CF9810
xgraphics	scheduler.cpp	?MakeInstr_T_SET_TEX_LOD@Compiler@D3DXShader@@QAAPAVInstruction@2@PAVBlock@2@PAV?$DoubleLinkList@VInstruction@D3DXShader@@$0CE@@2@PAVDependency@2@@Z	0xA4	0x82CF98E8
xgraphics	scheduler.cpp	?MakeInstr_T_SET_GRADIENTS_H@Compiler@D3DXShader@@QAAPAVInstruction@2@PAVBlock@2@PAV?$DoubleLinkList@VInstruction@D3DXShader@@$0CE@@2@PAVDependency@2@@Z	0xA4	0x82CF9990
xgraphics	scheduler.cpp	?MakeInstr_T_SET_GRADIENTS_V@Compiler@D3DXShader@@QAAPAVInstruction@2@PAVBlock@2@PAV?$DoubleLinkList@VInstruction@D3DXShader@@$0CE@@2@PAVDependency@2@@Z	0xA4	0x82CF9A38
xgraphics	scheduler.cpp	?QueueInstruction@Scheduler@D3DXShader@@QAAXPAVInstruction@2@@Z	0x3F4	0x82CF9AE0
xgraphics	scheduler.cpp	?PrepBlockForScheduling@Compiler@D3DXShader@@AAAPAVInstruction@2@PAVBlock@2@PAPAV32@@Z	0x8F8	0x82CF9ED8
xgraphics	scheduler.cpp	?Schedule@Compiler@D3DXShader@@AAAXPAVInstruction@2@I@Z	0x78	0x82CFA7D0
xgraphics	scheduler.cpp	?SmashSingleSourceUnary@Compiler@D3DXShader@@AAAXPAVInstruction@2@W4Opcode@2@PAV?$DoubleLinkList@VInstruction@D3DXShader@@$0CE@@2@@Z	0x20C	0x82CFA848
xgraphics	scheduler.cpp	?SmashSingleSourceBinary@Compiler@D3DXShader@@AAAXPAVInstruction@2@W4Opcode@2@PAV?$DoubleLinkList@VInstruction@D3DXShader@@$0CE@@2@@Z	0x1E0	0x82CFAA58
xgraphics	scheduler.cpp	?SmashMultipleSourceBinary@Compiler@D3DXShader@@AAAXPAVInstruction@2@W4Opcode@2@PAV?$DoubleLinkList@VInstruction@D3DXShader@@$0CE@@2@_N@Z	0x3F8	0x82CFAC38
xgraphics	scheduler.cpp	?GetNextInstructionWorker@Scheduler@D3DXShader@@QAAPAVInstruction@2@PAV32@PAVMachineState@2@@Z	0x4A4	0x82CFB030
xgraphics	scheduler.cpp	?QueueDependencies@Scheduler@D3DXShader@@QAAXPAVInstruction@2@_N@Z	0xC8	0x82CFB4D8
xgraphics	scheduler.cpp	?SmashToScalars@Compiler@D3DXShader@@AAAXPAVInstruction@2@PAV?$DoubleLinkList@VInstruction@D3DXShader@@$0CE@@2@@Z	0x62C	0x82CFB5A0
xgraphics	scheduler.cpp	?ScheduleInBlock@Compiler@D3DXShader@@AAAXPAVBlock@2@@Z	0xE7C	0x82CFBBD0
xgraphics	scheduler.cpp	?LocalScheduling@Compiler@D3DXShader@@AAAXXZ	0x1014	0x82CFCA50
xgraphics	peeps.cpp	?SupportsClampedModifier@Instruction@D3DXShader@@QAA_NXZ	0x50	0x82CFDA68
xgraphics	peeps.cpp	?CanAddModifiers@D3DXShader@@YA_NII@Z	0x44	0x82CFDAB8
xgraphics	peeps.cpp	?ApplySwizzle@Dependency@D3DXShader@@QAAXI@Z	0x4C	0x82CFDB00
xgraphics	peeps.cpp	?CanAddModifiers@Dependency@D3DXShader@@QAA_NI@Z	0x4C	0x82CFDB50
xgraphics	peeps.cpp	?SupportsInputModifiers@Instruction@D3DXShader@@QAA_NI@Z	0x6C	0x82CFDBA0
xgraphics	peeps.cpp	?InitFixedSize@?$DynamicBitSet@I$1?AllocInContext@CompilerHeap@D3DXShader@@SAPAXPAXK@Z$1?FreeInContext@23@SAX00K@Z@D3DXShader@@QAAXIP6APAXPAXK@Z0@Z	0x68	0x82CFDC10
xgraphics	peeps.cpp	?GetUnusedOperandInfo@Instruction@D3DXShader@@QAAPAUInstruction_UNUSED_OPERAND@2@PAVCompiler@2@@Z	0x48	0x82CFDC78
xgraphics	peeps.cpp	?RecomputeConstantWriteMask@Instruction@D3DXShader@@QAAXXZ	0xE0	0x82CFDCC0
xgraphics	peeps.cpp	?SupportsInputDef_AfterCleanPhase@Instruction@D3DXShader@@QAA_NPAV12@PAVCompiler@2@@Z	0xEC	0x82CFDDA0
xgraphics	peeps.cpp	?CanUseMulAdd@Compiler@D3DXShader@@AAA_NPAVInstruction@2@0PAVDependency@2@1PAUPeepMulAddState@2@@Z	0x624	0x82CFDE90
xgraphics	peeps.cpp	?RemoveAllUnusedDependents@Instruction@D3DXShader@@QAAXPAVCompiler@2@@Z	0x74	0x82CFE4B8
xgraphics	peeps.cpp	?MakeInstr_V_SETGT@Compiler@D3DXShader@@QAAPAVInstruction@2@W4PlacementMethod@12@PAV32@PAVDependency@2@2@Z	0xCC	0x82CFE530
xgraphics	peeps.cpp	?MakeInstr_V_SETGE@Compiler@D3DXShader@@QAAPAVInstruction@2@W4PlacementMethod@12@PAV32@PAVDependency@2@2@Z	0xCC	0x82CFE600
xgraphics	peeps.cpp	?MakeInstr_V_MULADD@Compiler@D3DXShader@@QAAPAVInstruction@2@W4PlacementMethod@12@PAV32@PAVDependency@2@22@Z	0xFC	0x82CFE6D0
xgraphics	peeps.cpp	?AllocMemForBitSet@D3DXShader@@YAPAXPAXK@Z	0x8	0x82CFE7D0
xgraphics	peeps.cpp	?LatePeeps@Compiler@D3DXShader@@AAAXXZ	0x4174	0x82CFE7D8
xgraphics	vectorize.cpp	?IsLocatedAfter_Sequenced@Instruction@D3DXShader@@QAA_NPAV12@@Z	0x3C	0x82D02950
xgraphics	vectorize.cpp	?ApplyModifiersToConstraints@D3DXShader@@YAIII@Z	0x58	0x82D02990
xgraphics	vectorize.cpp	?GetConstraintFlags@Dependency@D3DXShader@@QAAII@Z	0x50	0x82D029E8
xgraphics	vectorize.cpp	?IsAlwaysZero@Dependency@D3DXShader@@QAA_NI@Z	0x30	0x82D02A38
xgraphics	vectorize.cpp	?IsTransformationEnabled@Compiler@D3DXShader@@QAA_NW4DebugOption@2@@Z	0x5C	0x82D02A68
xgraphics	vectorize.cpp	?AddMergeDefinitionWorker@Compiler@D3DXShader@@AAA_NPAUMergeGroupInfo@2@PAVInstruction@2@I@Z	0xC4	0x82D02AC8
xgraphics	vectorize.cpp	?ExamineConstant@Compiler@D3DXShader@@AAAIPAVInstruction@2@IIIQAM@Z	0xD0	0x82D02B90
xgraphics	vectorize.cpp	?ExamineConstantPair@Compiler@D3DXShader@@AAAIQAMI0I@Z	0x98	0x82D02C60
xgraphics	vectorize.cpp	?CanCombineRelativeOperands@Compiler@D3DXShader@@AAA_NPAVDependency@2@PAVInstruction@2@0101PAPAV42@@Z	0x170	0x82D02CF8
xgraphics	vectorize.cpp	?ComputeMergeComponents@Compiler@D3DXShader@@AAAIPAVInstruction@2@000@Z	0x178	0x82D02E68
xgraphics	vectorize.cpp	?ComputeMULCombinationValue@Compiler@D3DXShader@@AAAIPAVInstruction@2@0@Z	0xFC	0x82D02FE0
xgraphics	vectorize.cpp	?CollectOperandSources@Instruction@D3DXShader@@QAAXQAPAV12@QAW4Component@2@QAI@Z	0x64	0x82D030E0
xgraphics	vectorize.cpp	?FindMERGEMapping@Compiler@D3DXShader@@AAA_NIQAPAVInstruction@2@QAW4Component@2@QAII012PAI3@Z	0x168	0x82D03148
xgraphics	vectorize.cpp	?SortCombineUnrelatedCandidates@Compiler@D3DXShader@@CAHPBX0@Z	0x88	0x82D032B0
xgraphics	vectorize.cpp	?FindPossibleVectorizationInTree_MemoizingSearch@Compiler@D3DXShader@@AAA_NPAUPossibleVectorization@2@0@Z	0x9C	0x82D03338
xgraphics	vectorize.cpp	?FindPossibleVectorizationInTree_Cleanup@Compiler@D3DXShader@@AAAXPAUPossibleVectorization@2@@Z	0x68	0x82D033D8
xgraphics	vectorize.cpp	?RedirectPossibleVectorizationLinks@Compiler@D3DXShader@@AAAXPAVInstruction@2@0@Z	0x88	0x82D03440
xgraphics	vectorize.cpp	?FindPossibleVectorizationBenefit@Compiler@D3DXShader@@AAAIPAVInstruction@2@0@Z	0x64	0x82D034C8
xgraphics	vectorize.cpp	?ComputeVectorizeQueueLevel@Compiler@D3DXShader@@AAAIPAVInstruction@2@I@Z	0xCC	0x82D03530
xgraphics	vectorize.cpp	?IsVectorizeable@Instruction@D3DXShader@@QAA_NXZ	0x50	0x82D03600
xgraphics	vectorize.cpp	?GetLoopEndInfo@Instruction@D3DXShader@@QAAPAUInstruction_LoopEnd@2@PAVCompiler@2@@Z	0x44	0x82D03650
xgraphics	vectorize.cpp	?AddMergeDefinition@Compiler@D3DXShader@@AAA_NPAUMergeGroupInfo@2@PAVInstruction@2@I@Z	0x118	0x82D03698
xgraphics	vectorize.cpp	?CanMergeOperands@Compiler@D3DXShader@@AAA_NPAVInstruction@2@000PAUCombineDependenciesState@2@@Z	0xF4	0x82D037B0
xgraphics	vectorize.cpp	?ExcludeFromVectorizeIdenticalDependents@Compiler@D3DXShader@@AAA_NPAVInstruction@2@@Z	0xA8	0x82D038A8
xgraphics	vectorize.cpp	?CanUseInSumOfScalars@D3DXShader@@YA_NUAddChainEntry@1@@Z	0x88	0x82D03950
xgraphics	vectorize.cpp	?FindOperatorChain@Compiler@D3DXShader@@AAAXPAVInstruction@2@0W4Component@2@I01I0PAUAddChainInfo@2@@Z	0x3A4	0x82D039D8
xgraphics	vectorize.cpp	?CanReplaceCombinedComponent@Compiler@D3DXShader@@AAA_NPAVInstruction@2@W4Component@2@@Z	0x128	0x82D03D80
xgraphics	vectorize.cpp	?CanReplaceDependency@Compiler@D3DXShader@@AAA_NPAVDependency@2@0PAI1@Z	0x3A4	0x82D03EA8
xgraphics	vectorize.cpp	?ExcludedFromVectorizing@Compiler@D3DXShader@@AAA_NPAVInstruction@2@@Z	0x90	0x82D04250
xgraphics	vectorize.cpp	?SortIdenticalVectorizationCandidates@Compiler@D3DXShader@@CAHPAVInstruction@2@0@Z	0x23C	0x82D042E0
xgraphics	vectorize.cpp	?AddDotProductMulCombinationBenefit@Compiler@D3DXShader@@AAAXPAUPossibleVectorization@2@PAVInstruction@2@I@Z	0xC0	0x82D04520
xgraphics	vectorize.cpp	?SortVectorizeDependentInstructionState@Compiler@D3DXShader@@CAHPBX0@Z	0x5C	0x82D045E0
xgraphics	vectorize.cpp	?CombineOperandGroups@Compiler@D3DXShader@@AAA_NPAVInstruction@2@0QAPAURegGroupInfo@2@_N2@Z	0x3C0	0x82D04640
xgraphics	vectorize.cpp	?CanMergeGlobalDefs@Compiler@D3DXShader@@AAA_NPAVInstruction@2@0@Z	0x1B0	0x82D04A00
xgraphics	vectorize.cpp	?AddMissingMergeOperands@Compiler@D3DXShader@@AAAIPAVInstruction@2@0I00@Z	0xFC	0x82D04BB0
xgraphics	vectorize.cpp	?CleanConstantOperands@Compiler@D3DXShader@@AAAXPAVInstruction@2@I@Z	0x198	0x82D04CB0
xgraphics	vectorize.cpp	?CleanConstantOperands@Compiler@D3DXShader@@AAAXPAVInstruction@2@@Z	0xAC	0x82D04E48
xgraphics	vectorize.cpp	?FindAddChain@Compiler@D3DXShader@@AAAXPAVInstruction@2@0W4Component@2@I01I0PAUAddChainInfo@2@@Z	0x264	0x82D04EF8
xgraphics	vectorize.cpp	?CleanVectorizeableCopies@Compiler@D3DXShader@@AAAXPAVBlock@2@@Z	0x4C	0x82D05160
xgraphics	vectorize.cpp	?SortPossibleVectorizationCandidatesWorker@Compiler@D3DXShader@@CAHPAUPossibleVectorizationCandidate@2@0@Z	0x310	0x82D051B0
xgraphics	vectorize.cpp	?SortPossibleVectorizationCandidates@Compiler@D3DXShader@@CAHPBX0@Z	0x70	0x82D054C0
xgraphics	vectorize.cpp	?IsEmpty@?$Queue@PAVInstruction@D3DXShader@@$1?AllocInContext@CompilerHeap@2@SAPAXPAXK@Z$1?FreeInContext@42@SAX00K@Z$09@D3DXShader@@QAA_NXZ	0x4C	0x82D05530
xgraphics	vectorize.cpp	?RemoveHead@?$Queue@PAVInstruction@D3DXShader@@$1?AllocInContext@CompilerHeap@2@SAPAXPAXK@Z$1?FreeInContext@42@SAX00K@Z$09@D3DXShader@@QAAPAVInstruction@2@XZ	0xB8	0x82D05580
xgraphics	vectorize.cpp	?RemoveAll@?$Queue@PAVInstruction@D3DXShader@@$1?AllocInContext@CompilerHeap@2@SAPAXPAXK@Z$1?FreeInContext@42@SAX00K@Z$09@D3DXShader@@QAAXXZ	0x74	0x82D05638
xgraphics	vectorize.cpp	?MakeInstr_MERGE@Compiler@D3DXShader@@QAAPAVInstruction@2@W4PlacementMethod@12@PAV32@I@Z	0x48	0x82D056B0
xgraphics	vectorize.cpp	?MakeInstr_V_ADD@Compiler@D3DXShader@@QAAPAVInstruction@2@W4PlacementMethod@12@PAV32@PAVDependency@2@2@Z	0xCC	0x82D056F8
xgraphics	vectorize.cpp	?MakeInstr_V_MAX@Compiler@D3DXShader@@QAAPAVInstruction@2@W4PlacementMethod@12@PAV32@PAVDependency@2@2@Z	0xCC	0x82D057C8
xgraphics	vectorize.cpp	?MakeInstr_V_MIN@Compiler@D3DXShader@@QAAPAVInstruction@2@W4PlacementMethod@12@PAV32@PAVDependency@2@2@Z	0xCC	0x82D05898
xgraphics	vectorize.cpp	?MakeInstr_V_SETE@Compiler@D3DXShader@@QAAPAVInstruction@2@W4PlacementMethod@12@PAV32@PAVDependency@2@2@Z	0xCC	0x82D05968
xgraphics	vectorize.cpp	?MakeInstr_V_SETNE@Compiler@D3DXShader@@QAAPAVInstruction@2@W4PlacementMethod@12@PAV32@PAVDependency@2@2@Z	0xCC	0x82D05A38
xgraphics	vectorize.cpp	?MakeInstr_V_CNDE@Compiler@D3DXShader@@QAAPAVInstruction@2@W4PlacementMethod@12@PAV32@PAVDependency@2@22@Z	0xFC	0x82D05B08
xgraphics	vectorize.cpp	?MakeInstr_V_CNDGE@Compiler@D3DXShader@@QAAPAVInstruction@2@W4PlacementMethod@12@PAV32@PAVDependency@2@22@Z	0xFC	0x82D05C08
xgraphics	vectorize.cpp	?MakeInstr_V_CNDGT@Compiler@D3DXShader@@QAAPAVInstruction@2@W4PlacementMethod@12@PAV32@PAVDependency@2@22@Z	0xFC	0x82D05D08
xgraphics	vectorize.cpp	?MakeInstr_V_DOT4@Compiler@D3DXShader@@QAAPAVInstruction@2@W4PlacementMethod@12@PAV32@PAVDependency@2@2@Z	0xC4	0x82D05E08
xgraphics	vectorize.cpp	?MakeInstr_V_DOT3@Compiler@D3DXShader@@QAAPAVInstruction@2@W4PlacementMethod@12@PAV32@PAVDependency@2@2@Z	0xC4	0x82D05ED0
xgraphics	vectorize.cpp	?MakeInstr_V_DOT2ADD@Compiler@D3DXShader@@QAAPAVInstruction@2@W4PlacementMethod@12@PAV32@PAVDependency@2@22@Z	0xF4	0x82D05F98
xgraphics	vectorize.cpp	?MakeInstr_V_MAX4@Compiler@D3DXShader@@QAAPAVInstruction@2@W4PlacementMethod@12@PAV32@PAVDependency@2@@Z	0x94	0x82D06090
xgraphics	vectorize.cpp	?BuildInterferenceFromDependencies@Compiler@D3DXShader@@AAAX_N@Z	0x4A4	0x82D06128
xgraphics	vectorize.cpp	?Init@?$Queue@PAVInstruction@D3DXShader@@$1?AllocInContext@CompilerHeap@2@SAPAXPAXK@Z$1?FreeInContext@42@SAX00K@Z$09@D3DXShader@@QAAXXZ	0x7C	0x82D065D0
xgraphics	vectorize.cpp	?AddToTail@?$Queue@PAVInstruction@D3DXShader@@$1?AllocInContext@CompilerHeap@2@SAPAXPAXK@Z$1?FreeInContext@42@SAX00K@Z$09@D3DXShader@@QAAXPAVInstruction@2@@Z	0xB8	0x82D06650
xgraphics	vectorize.cpp	merged_82D06708	0x5C	0x82D06708
xgraphics	vectorize.cpp	?AddToVectorizeQueue@Compiler@D3DXShader@@AAAXPAV?$Queue@PAVInstruction@D3DXShader@@$1?AllocInContext@CompilerHeap@2@SAPAXPAXK@Z$1?FreeInContext@42@SAX00K@Z$09@2@IPAVInstruction@2@@Z	0x48	0x82D06768
xgraphics	vectorize.cpp	?GetConstantValues@Dependency@D3DXShader@@QAAXQAN@Z	0xB8	0x82D067B0
xgraphics	vectorize.cpp	?FindRedundantComputations@Compiler@D3DXShader@@AAA_NPAVInstruction@2@0PAURedundantComputationState@2@@Z	0x4C8	0x82D06868
xgraphics	vectorize.cpp	?CountCombinedOutputs@Compiler@D3DXShader@@AAAIPAVInstruction@2@0PAUCombineInstructionsState@2@@Z	0x170	0x82D06D30
xgraphics	vectorize.cpp	?CanComputeValue@Compiler@D3DXShader@@AAA_NPAVInstruction@2@PAVDependency@2@PAUCombineDependenciesState@2@_NI@Z	0x2F0	0x82D06EA0
xgraphics	vectorize.cpp	?CanCombineOperands_FirstTwoCommutative@Compiler@D3DXShader@@AAA_NPAPAVDependency@2@00@Z	0x4C4	0x82D07190
xgraphics	vectorize.cpp	merged_82D07658	0x64	0x82D07658
xgraphics	vectorize.cpp	?CanCombineSimpleDependencies@Compiler@D3DXShader@@AAA?AW4CanCombineResult@2@PAVInstruction@2@PAVDependency@2@010PAUCombineDependenciesState@2@_N@Z	0x670	0x82D076C0
xgraphics	vectorize.cpp	?CanCombineDependencies@Compiler@D3DXShader@@AAA_NPAVInstruction@2@PAVDependency@2@010PAUCombineDependenciesState@2@@Z	0x230	0x82D07D30
xgraphics	vectorize.cpp	?CanCombineOperandPair@Compiler@D3DXShader@@AAA_NPAVInstruction@2@PAVDependency@2@10110PAPAV42@2PAUCombineDependenciesState@2@3@Z	0x37C	0x82D07F60
xgraphics	vectorize.cpp	?MarkForVectorize@Compiler@D3DXShader@@AAAXPAVInstruction@2@@Z	0x94	0x82D082E0
xgraphics	vectorize.cpp	?MarkDependentsForVectorize@Compiler@D3DXShader@@AAAXPAVInstruction@2@@Z	0x64	0x82D08378
xgraphics	vectorize.cpp	?MarkForLowCostVectorize@Compiler@D3DXShader@@AAAXPAVInstruction@2@I@Z	0xA8	0x82D083E0
xgraphics	vectorize.cpp	?MergeOperandsAndOutputs@Compiler@D3DXShader@@AAAIPAVInstruction@2@00I_N1@Z	0xDFC	0x82D08488
xgraphics	vectorize.cpp	?RemoveUnnecessaryMergeDependencies@Compiler@D3DXShader@@AAAPAVInstruction@2@PAV32@@Z	0x378	0x82D09288
xgraphics	vectorize.cpp	?FindComputedValue@Compiler@D3DXShader@@AAAPAVDependency@2@PAVInstruction@2@PAV32@0PAUCombineDependenciesState@2@@Z	0x674	0x82D09600
xgraphics	vectorize.cpp	?CombineMERGEDependents@Compiler@D3DXShader@@AAAXPAVInstruction@2@0I00II@Z	0x6A8	0x82D09C78
xgraphics	vectorize.cpp	?CombineDependencies@Compiler@D3DXShader@@AAAPAVDependency@2@PAVInstruction@2@PAV32@01PAVBlock@2@0PAUCombineDependenciesState@2@@Z	0x1388	0x82D0A320
xgraphics	vectorize.cpp	?RevertPendingStack@Compiler@D3DXShader@@AAAPAVInstruction@2@K_NPAV32@@Z	0x348	0x82D0B6A8
xgraphics	vectorize.cpp	?CollectAddChainOperands@Compiler@D3DXShader@@AAAXPAVInstruction@2@W4Component@2@PAV?$Stack@UPossibleVectorizationCandidate@D3DXShader@@$1?AllocInContext@CompilerHeap@2@SAPAXPAXK@Z$1?FreeInContext@42@SAX00K@Z@2@@Z	0x294	0x82D0B9F0
xgraphics	vectorize.cpp	?CollectMaxChainOperands@Compiler@D3DXShader@@AAAXPAVInstruction@2@W4Component@2@PAV?$ArrayList@PAVDependency@D3DXShader@@$1?AllocInContext@CompilerHeap@2@SAPAXPAXK@Z$1?FreeInContext@42@SAX00K@Z@2@@Z	0x3C4	0x82D0BC88
xgraphics	vectorize.cpp	?WorthReplacingInstruction@Compiler@D3DXShader@@AAA_NPAVInstruction@2@0II@Z	0xA4	0x82D0C050
xgraphics	vectorize.cpp	?WorthUsingDotProduct@Compiler@D3DXShader@@AAA_NPAVInstruction@2@PAUAddChainInfo@2@1@Z	0x108	0x82D0C0F8
xgraphics	vectorize.cpp	?ReplaceInstruction@Compiler@D3DXShader@@AAAXPAVInstruction@2@0IPAV?$Stack@PAVInstruction@D3DXShader@@$1?AllocInContext@CompilerHeap@2@SAPAXPAXK@Z$1?FreeInContext@42@SAX00K@Z@2@@Z	0x288	0x82D0C200
xgraphics	vectorize.cpp	?ReplaceCombinedInstruction@Compiler@D3DXShader@@AAAXPAVInstruction@2@0I_N1@Z	0x2BC	0x82D0C488
xgraphics	vectorize.cpp	?ReplaceCombinedComponent@Compiler@D3DXShader@@AAAXPAVInstruction@2@W4Component@2@0@Z	0x5B4	0x82D0C748
xgraphics	vectorize.cpp	?ReplaceDOT2ADD@Compiler@D3DXShader@@AAAXPAVInstruction@2@W4Component@2@00@Z	0x114	0x82D0CD00
xgraphics	vectorize.cpp	?ReplaceCombinedDependency@Compiler@D3DXShader@@AAAXPAVInstruction@2@PAVDependency@2@_N@Z	0x3D8	0x82D0CE18
xgraphics	vectorize.cpp	?CleanExportMerges@Compiler@D3DXShader@@AAAXPAVBlock@2@@Z	0x10C	0x82D0D1F0
xgraphics	vectorize.cpp	?FindPossibleVectorizationsWorker@Compiler@D3DXShader@@AAAIPAUPossibleVectorization@2@PAUPossibleVectorizationCandidate@2@IIPAV?$Stack@PAUPossibleVectorization@D3DXShader@@$1?AllocInContext@CompilerHeap@2@SAPAXPAXK@Z$1?FreeInContext@42@SAX00K@Z@2@PAPAU32@@Z	0x4A8	0x82D0D300
xgraphics	vectorize.cpp	?RemoveRedundantComputations@Compiler@D3DXShader@@AAAPAVInstruction@2@PAURedundantComputationState@2@PAV32@IPAI@Z	0x804	0x82D0D7A8
xgraphics	vectorize.cpp	?CanCombineWorker@Compiler@D3DXShader@@AAA?AW4CanCombineResult@2@PAVInstruction@2@0PAIPAUCombineInstructionsState@2@_N@Z	0x45C	0x82D0DFB0
xgraphics	vectorize.cpp	?CombineOperandPair@Compiler@D3DXShader@@AAA_NPAVInstruction@2@PAVDependency@2@10110PAPAV42@2PAUCombineDependenciesState@2@3@Z	0x204	0x82D0E410
xgraphics	vectorize.cpp	?Combine@Compiler@D3DXShader@@AAAPAVInstruction@2@PAV32@0PAUCombineInstructionsState@2@@Z	0x1394	0x82D0E618
xgraphics	vectorize.cpp	?VectorizeIdenticalDependents@Compiler@D3DXShader@@AAA_NPAVInstruction@2@0PAVBlock@2@@Z	0x288	0x82D0F9B0
xgraphics	vectorize.cpp	?CombineMERGEs@Compiler@D3DXShader@@AAA_NPAVInstruction@2@0@Z	0x69C	0x82D0FC38
xgraphics	vectorize.cpp	?ReplaceAddChainWithDotProduct@Compiler@D3DXShader@@AAAPAVInstruction@2@PAUAddChainInfo@2@W4Component@2@@Z	0x6B4	0x82D102D8
xgraphics	vectorize.cpp	?ReplaceMaxChainWithMax4@Compiler@D3DXShader@@AAAPAVInstruction@2@PAV32@PAUAddChainInfo@2@@Z	0x248	0x82D10990
xgraphics	vectorize.cpp	?CanonicalizeDotProductAddWorker@Compiler@D3DXShader@@AAAPAVInstruction@2@PAUAddChainInfo@2@PAV32@W4Component@2@@Z	0x328	0x82D10BD8
xgraphics	vectorize.cpp	?CanonicalizeDotProductAdd@Compiler@D3DXShader@@AAAPAVInstruction@2@PAV32@0W4Component@2@@Z	0x338	0x82D10F00
xgraphics	vectorize.cpp	?Unsimplify@Compiler@D3DXShader@@AAAPAVInstruction@2@PAV32@I@Z	0x6018	0x82D11238
xgraphics	vectorize.cpp	?FindPossibleVectorizations@Compiler@D3DXShader@@AAAIPAUPossibleVectorization@2@PAUPossibleVectorizationCandidate@2@IIIPAV?$Stack@PAUPossibleVectorization@D3DXShader@@$1?AllocInContext@CompilerHeap@2@SAPAXPAXK@Z$1?FreeInContext@42@SAX00K@Z@2@PAPAU32@@Z	0x1C0	0x82D17250
xgraphics	vectorize.cpp	?DrainPossibleVectorizationStack@Compiler@D3DXShader@@AAAXPAV?$Stack@PAUPossibleVectorization@D3DXShader@@$1?AllocInContext@CompilerHeap@2@SAPAXPAXK@Z$1?FreeInContext@42@SAX00K@Z@2@PAPAUPossibleVectorization@2@@Z	0x1E0	0x82D17410
xgraphics	vectorize.cpp	?PrepareToVectorizeInstr@Compiler@D3DXShader@@AAAPAVInstruction@2@PAVBlock@2@PAV32@I@Z	0x298	0x82D175F0
xgraphics	vectorize.cpp	?PrepareToVectorizeInstr2@Compiler@D3DXShader@@AAAPAVInstruction@2@PAVBlock@2@PAV32@I@Z	0x2EC	0x82D17888
xgraphics	vectorize.cpp	?CanCombine@Compiler@D3DXShader@@AAA?AW4CanCombineResult@2@PAVInstruction@2@0PAIPAUCombineInstructionsState@2@@Z	0x5C	0x82D17B78
xgraphics	vectorize.cpp	?CombineVectorOperations@Compiler@D3DXShader@@AAAPAVInstruction@2@PAV32@0@Z	0x98	0x82D17BD8
xgraphics	vectorize.cpp	?CombineRelatedDependents@Compiler@D3DXShader@@AAA_NPAVInstruction@2@0PAVBlock@2@PAUVectorizeDependentInstructionState@2@K_NPA_N@Z	0x620	0x82D17C70
xgraphics	vectorize.cpp	?CombineUnrelated@Compiler@D3DXShader@@AAA_NPAVInstruction@2@PAVBlock@2@@Z	0x340	0x82D18290
xgraphics	vectorize.cpp	?QueueForVectorize@Compiler@D3DXShader@@AAAXPAVBlock@2@PAVInstruction@2@IQAPAV?$Queue@PAVInstruction@D3DXShader@@$1?AllocInContext@CompilerHeap@2@SAPAXPAXK@Z$1?FreeInContext@42@SAX00K@Z$09@2@@Z	0x80	0x82D185D0
xgraphics	vectorize.cpp	?VectorizeDependents@Compiler@D3DXShader@@AAAXPAVBlock@2@PAVInstruction@2@@Z	0x678	0x82D18650
xgraphics	vectorize.cpp	?CombineSiblings@Compiler@D3DXShader@@AAA_NPAVInstruction@2@0@Z	0xD8	0x82D18CC8
xgraphics	vectorize.cpp	?CombineMERGEInputs@Compiler@D3DXShader@@AAA_NPAVInstruction@2@@Z	0x138	0x82D18DA0
xgraphics	vectorize.cpp	?VectorizeInstr@Compiler@D3DXShader@@AAA_NPAVBlock@2@PAVInstruction@2@@Z	0x1A8	0x82D18ED8
xgraphics	vectorize.cpp	?Vectorize@Compiler@D3DXShader@@AAAXXZ	0x4B90	0x82D19080
xgraphics	clean.cpp	?ComputeMERGEWriteMask@Compiler@D3DXShader@@AAAXPAVInstruction@2@@Z	0xC0	0x82D1DC10
xgraphics	clean.cpp	?MarkGlobalDef@Compiler@D3DXShader@@AAAXPAVInstruction@2@@Z	0x124	0x82D1DCD0
xgraphics	clean.cpp	?CollectComponentsNeeded@Compiler@D3DXShader@@AAAPAVDependency@2@PAVInstruction@2@III@Z	0xCC	0x82D1DDF8
xgraphics	clean.cpp	?RewriteMERGEDependents@Compiler@D3DXShader@@AAAXPAVInstruction@2@0@Z	0x118	0x82D1DEC8
xgraphics	clean.cpp	?FindPHIInBlock@Compiler@D3DXShader@@AAAPAVInstruction@2@PAVBlock@2@PAV32@W4Component@2@I_N@Z	0xD4	0x82D1DFE0
xgraphics	clean.cpp	?EnsurePHIInBlock@Compiler@D3DXShader@@AAAPAVInstruction@2@PAVBlock@2@PAV32@W4Component@2@I_N@Z	0x1B0	0x82D1E0B8
xgraphics	clean.cpp	?EnsurePHIInBlock_BeforeCleanPhase@Compiler@D3DXShader@@AAAPAVInstruction@2@PAVBlock@2@PAV32@W4Component@2@I@Z	0x8	0x82D1E268
xgraphics	clean.cpp	?MarkGlobalDef_PropagateThroughMERGE@Compiler@D3DXShader@@AAAXPAVInstruction@2@@Z	0xE0	0x82D1E270
xgraphics	clean.cpp	?ExpandMerge@Compiler@D3DXShader@@AAAPAVInstruction@2@PAV32@@Z	0x194	0x82D1E350
xgraphics	clean.cpp	?CopyMERGEOperands@Compiler@D3DXShader@@AAAIPAVInstruction@2@I0@Z	0x14C	0x82D1E4E8
xgraphics	clean.cpp	?MakeInstr_V_MAX@Compiler@D3DXShader@@QAAPAVInstruction@2@PAVBlock@2@PAVDependency@2@1@Z	0xE8	0x82D1E638
xgraphics	clean.cpp	?MakeInstr_V_MAX@Compiler@D3DXShader@@QAAPAVInstruction@2@PAVBlock@2@PAV?$DoubleLinkList@VInstruction@D3DXShader@@$0CE@@2@PAV32@2@Z	0xCC	0x82D1E720
xgraphics	clean.cpp	?AddAutomaticPositionExport@Compiler@D3DXShader@@AAAXPAVBlock@2@PAVInstruction@2@I@Z	0x190	0x82D1E7F0
xgraphics	clean.cpp	?FindOrCreateAllocs@Compiler@D3DXShader@@AAAPAVBlock@2@PAV32@PAPAVInstruction@2@1@Z	0x410	0x82D1E980
xgraphics	clean.cpp	?ReplaceOperands@Compiler@D3DXShader@@AAAXPAVInstruction@2@II0I@Z	0xB0	0x82D1ED90
xgraphics	clean.cpp	?BreakCrossBlockDependency@Compiler@D3DXShader@@AAAPAVInstruction@2@PAVDependency@2@_N@Z	0x348	0x82D1EE40
xgraphics	clean.cpp	?BreakCrossBlockDependency_BeforeCleanPhase@Compiler@D3DXShader@@AAAXPAVDependency@2@@Z	0x8	0x82D1F188
xgraphics	clean.cpp	?EjectConstantOperand@Compiler@D3DXShader@@AAA_NPAVInstruction@2@IPAVDependency@2@@Z	0x138	0x82D1F190
xgraphics	clean.cpp	?CheckMerge@Compiler@D3DXShader@@AAA_NPAVBlock@2@PAVInstruction@2@@Z	0x1E50	0x82D1F2C8
xgraphics	clean.cpp	?CleanInBlock@Compiler@D3DXShader@@AAAXPAVBlock@2@@Z	0x1E68	0x82D21118
xgraphics	clean.cpp	?Clean@Compiler@D3DXShader@@AAAXXZ	0x1200	0x82D22F80
xgraphics	clean.cpp	?UpdateOutputComponentCount@Compiler@D3DXShader@@AAAPAVInstruction@2@PAV32@PAV?$Stack@PAVInstruction@D3DXShader@@$1?AllocInContext@CompilerHeap@2@SAPAXPAXK@Z$1?FreeInContext@42@SAX00K@Z@2@@Z	0x4B0	0x82D24180
xgraphics	clean.cpp	?Reclean@Compiler@D3DXShader@@AAAXPAVInstruction@2@PAV?$Stack@PAVInstruction@D3DXShader@@$1?AllocInContext@CompilerHeap@2@SAPAXPAXK@Z$1?FreeInContext@42@SAX00K@Z@2@@Z	0x3C	0x82D24630
xgraphics	optimize.cpp	?MultipliesFirstTwoOperands@Instruction@D3DXShader@@QAA_NXZ	0x48	0x82D24670
xgraphics	optimize.cpp	?XenosNormalize@D3DXShader@@YANN@Z	0x50	0x82D246B8
xgraphics	optimize.cpp	?XenosFloor@D3DXShader@@YANN@Z	0x6C	0x82D24708
xgraphics	optimize.cpp	?GetConstantValue_InAnyPhase@Instruction@D3DXShader@@QAANI@Z	0xB4	0x82D24778
xgraphics	optimize.cpp	?InvalidateResultBounds@Instruction@D3DXShader@@QAAXI@Z	0x60	0x82D24830
xgraphics	optimize.cpp	?GetConstraintFlags@Instruction@D3DXShader@@QAAII@Z	0x14	0x82D24890
xgraphics	optimize.cpp	?ReplaceConstraintFlags@Instruction@D3DXShader@@QAA_NIII@Z	0x40	0x82D248A8
xgraphics	optimize.cpp	?ReplaceConstraintFlags@Instruction@D3DXShader@@QAA_NII@Z	0x44	0x82D248E8
xgraphics	optimize.cpp	?SetConstraintFlags@Instruction@D3DXShader@@QAA_NII@Z	0x38	0x82D24930
xgraphics	optimize.cpp	?SetAlwaysGEZero@Instruction@D3DXShader@@QAA_NI@Z	0x48	0x82D24968
xgraphics	optimize.cpp	?GetConstantValue@Dependency@D3DXShader@@QAANI@Z	0x94	0x82D249B0
xgraphics	optimize.cpp	?IsAlwaysGEZero@Dependency@D3DXShader@@QAA_NI@Z	0x4C	0x82D24A48
xgraphics	optimize.cpp	?IsAlwaysLEZero@Dependency@D3DXShader@@QAA_NI@Z	0x4C	0x82D24A98
xgraphics	optimize.cpp	?IsAlwaysInteger@Dependency@D3DXShader@@QAA_NI@Z	0x4C	0x82D24AE8
xgraphics	optimize.cpp	?CompareUnresolvedUAsmOptions@Compiler@D3DXShader@@AAA_NPAUUnresolvedUAsmOptions@2@0@Z	0x174	0x82D24B38
xgraphics	optimize.cpp	?IsEquivalentLinkedDependency@Compiler@D3DXShader@@AAA_NPAVDependency@2@0@Z	0xF4	0x82D24CB0
xgraphics	optimize.cpp	?ShouldOrderTermBefore@D3DXShader@@YA_NPAUProductTerm@1@0@Z	0x5C	0x82D24DA8
xgraphics	optimize.cpp	?ShouldSwapOperands@D3DXShader@@YA_NPAVInstruction@1@0@Z	0x4C	0x82D24E08
xgraphics	optimize.cpp	?FindAddChainConstant@Compiler@D3DXShader@@AAA_NPAVInstruction@2@W4Component@2@PAPAV32@PAW442@PAI@Z	0xFC	0x82D24E58
xgraphics	optimize.cpp	?ComputeResultPrecision@Compiler@D3DXShader@@SA?AW4ConstantValueType@2@PAVInstruction@2@W4Component@2@@Z	0x8C	0x82D24F58
xgraphics	optimize.cpp	?ComputeBinaryOperatorPrecision@Compiler@D3DXShader@@SA?AW4ConstantValueType@2@W432@0@Z	0x18	0x82D24FE8
xgraphics	optimize.cpp	?SortLoopsByBenefit@D3DXShader@@YAHPBX0@Z	0x38	0x82D25000
xgraphics	optimize.cpp	?ComputeInductionVariableStartValue@D3DXShader@@YA_NPAUInductionVariable@1@_NNPAN@Z	0x6C	0x82D25038
xgraphics	optimize.cpp	?IsArrayLoadAndCanUseIndexRegister@Compiler@D3DXShader@@AAA_NPAUInductionVariable@2@PAVInstruction@2@@Z	0x50	0x82D250A8
xgraphics	optimize.cpp	?FindSetBit@?$FixedSizeBitSet@I$00@D3DXShader@@QAAII@Z	0x64	0x82D250F8
xgraphics	optimize.cpp	?HasSamplerOperand@Instruction@D3DXShader@@QAA_NXZ	0x58	0x82D25160
xgraphics	optimize.cpp	?GetUnresolvedUAsmOptions@Instruction@D3DXShader@@QAAPAUUnresolvedUAsmOptions@2@PAVCompiler@2@@Z	0x88	0x82D251B8
xgraphics	optimize.cpp	?GetIntegerMathInfo@Instruction@D3DXShader@@QAAPAUInstruction_INTEGER_MATH@2@PAVCompiler@2@@Z	0x48	0x82D25240
xgraphics	optimize.cpp	?GetIntegerOp@Instruction@D3DXShader@@QAA?AW4IntegerMathOp@2@PAVCompiler@2@@Z	0x48	0x82D25288
xgraphics	optimize.cpp	?IsIntegerCast@Instruction@D3DXShader@@QAA_NPAVCompiler@2@@Z	0x64	0x82D252D0
xgraphics	optimize.cpp	?FindNextBlock@DomGraphBreadthFirstEnumerator@D3DXShader@@AAAPAVBlock@2@PAV32@@Z	0x8C	0x82D25338
xgraphics	optimize.cpp	?GetNext@DomGraphBreadthFirstEnumerator@D3DXShader@@QAAPAVBlock@2@XZ	0x4C	0x82D253C8
xgraphics	optimize.cpp	?FindNextSideEffectDependent@Instruction@D3DXShader@@QAAPAVDependency@2@W4SideEffect@2@@Z	0x6C	0x82D25418
xgraphics	optimize.cpp	?SupportsInputDef_BeforeCleanPhase@Instruction@D3DXShader@@QAA_NPAV12@PAVCompiler@2@@Z	0xC4	0x82D25488
xgraphics	optimize.cpp	?AddArrayLengthConstraint@Instruction@D3DXShader@@QAAXIIPAVCompiler@2@@Z	0x54	0x82D25550
xgraphics	optimize.cpp	?MarkMustInlineCall@Compiler@D3DXShader@@AAAXPAVInstruction@2@@Z	0xA4	0x82D255A8
xgraphics	optimize.cpp	?IsValidSamplerOperandDef@Compiler@D3DXShader@@AAA_NPAVInstruction@2@0W4ResolveArrayReferencesStage@12@@Z	0xF8	0x82D25650
xgraphics	optimize.cpp	?ComputesBooleanValue@Compiler@D3DXShader@@AAA_NPAVInstruction@2@@Z	0x94	0x82D25748
xgraphics	optimize.cpp	?SimplifyCastDependents@Compiler@D3DXShader@@AAAXPAVInstruction@2@0IIPAV?$Stack@PAVInstruction@D3DXShader@@$1?AllocInContext@CompilerHeap@2@SAPAXPAXK@Z$1?FreeInContext@42@SAX00K@Z@2@PA_N@Z	0xF0	0x82D257E0
xgraphics	optimize.cpp	?CheckArrayLimitInLoop@Compiler@D3DXShader@@AAA_NPAVInstruction@2@PAUConstraint_ArrayLength@2@PAUInductionVariable@2@@Z	0x11C	0x82D258D0
xgraphics	optimize.cpp	?ExamineLoopInvariantTest@Compiler@D3DXShader@@AAA?AW4ExamineLoopInvariantTestDisposition@12@PAUInductionVariable@2@_NPAVDependency@2@PAVInstruction@2@W4Component@2@IW4_D3DEXPR_OP@2@234IPAPAUInvariantCondition@2@@Z	0x504	0x82D259F0
xgraphics	optimize.cpp	?ExamineAndExpressionTerm@Compiler@D3DXShader@@AAA?AW4ExamineLoopInvariantTestDisposition@12@PAUInductionVariable@2@_NPAVDependency@2@PAVInstruction@2@W4Component@2@IPAPAUInvariantCondition@2@@Z	0x118	0x82D25EF8
xgraphics	optimize.cpp	?DecodeArrayLoad@Compiler@D3DXShader@@AAAPAUArrayElementLoad@2@PAVInstruction@2@0PAUArrayLoad@2@@Z	0x1B8	0x82D26010
xgraphics	optimize.cpp	?GetComponentDependency@Compiler@D3DXShader@@QAAPAVDependency@2@PAV32@W4Component@2@@Z	0x74	0x82D261C8
xgraphics	optimize.cpp	?RemoveAllDependents@Instruction@D3DXShader@@QAAXPAVCompiler@2@@Z	0x74	0x82D26240
xgraphics	optimize.cpp	?CleanClonedDependencies@Compiler@D3DXShader@@AAAXPAVBlock@2@PA_N@Z	0x144	0x82D262B8
xgraphics	optimize.cpp	?DisconnectPHIDependenciesThroughPath@Compiler@D3DXShader@@AAAXPAVBlock@2@0@Z	0xD8	0x82D26400
xgraphics	optimize.cpp	?DisconnectSuccessor@Compiler@D3DXShader@@AAAXPAVBlock@2@0@Z	0x120	0x82D264D8
xgraphics	optimize.cpp	?RemoveVisitedBlocks@Compiler@D3DXShader@@AAAXI@Z	0x464	0x82D265F8
xgraphics	optimize.cpp	?IsControlledByDynamicBranch@Compiler@D3DXShader@@AAA_NPAVBlock@2@@Z	0xB0	0x82D26A60
xgraphics	optimize.cpp	?VisitBlocksWithMarkedInstructions@Compiler@D3DXShader@@AAAXI@Z	0x4D0	0x82D26B10
xgraphics	optimize.cpp	?MarkReachableBlocks@Compiler@D3DXShader@@AAAX_N@Z	0xC0	0x82D26FE0
xgraphics	optimize.cpp	?VisitReachableBlocks@Compiler@D3DXShader@@AAAXI_N@Z	0xC4	0x82D270A0
xgraphics	optimize.cpp	?CloneDependenciesInList@Compiler@D3DXShader@@AAAXPAV?$DoubleLinkList@VInstruction@D3DXShader@@$0CE@@2@I_N@Z	0x628	0x82D27168
xgraphics	optimize.cpp	?CleanClonedBlocksWithMarkedInstructions@Compiler@D3DXShader@@AAAXIPAVBlock@2@@Z	0x2A8	0x82D27790
xgraphics	optimize.cpp	?LinkIdenticalInstructions@Compiler@D3DXShader@@AAA_NPAV?$DoubleLinkList@VInstruction@D3DXShader@@$0CE@@2@0@Z	0x2F4	0x82D27A38
xgraphics	optimize.cpp	?CanShiftOperands@Compiler@D3DXShader@@AAA_NPAVInstruction@2@W4Component@2@I01I0@Z	0xE4	0x82D27D30
xgraphics	optimize.cpp	?CheckArrayLimitInLoop@Compiler@D3DXShader@@AAAXPAVInstruction@2@PAULoop@2@PAUInductionVariable@2@@Z	0xD8	0x82D27E18
xgraphics	optimize.cpp	?FindArrayLoadInstructions@Compiler@D3DXShader@@AAAXPAVInstruction@2@0PAUInductionVariable@2@@Z	0x348	0x82D27EF0
xgraphics	optimize.cpp	?ResolveUAsmOptions@Compiler@D3DXShader@@AAA?AW4ErrorCode@2@PAVInstruction@2@PAUUnresolvedUAsmOptions@2@PAPAVCNodeList@2@@Z	0x1DC	0x82D28238
xgraphics	optimize.cpp	?ResolveInternalTextureUAsmOptions@Compiler@D3DXShader@@AAA?AW4ErrorCode@2@PAVInstruction@2@PAUInstruction_TFETCH@2@@Z	0x164	0x82D28418
xgraphics	optimize.cpp	?InsertNext@?$DoubleLinkList@VBlock@D3DXShader@@$0A@@D3DXShader@@SAXPAVBlock@2@PAV12@@Z	0x58	0x82D28580
xgraphics	optimize.cpp	?GetNext@?$ArrayListEnumerator@UProductTerm@D3DXShader@@$1?AllocInContext@CompilerHeap@2@SAPAXPAXK@Z$1?FreeInContext@42@SAX00K@Z@D3DXShader@@QAAPAUProductTerm@2@XZ	0x54	0x82D285D8
xgraphics	optimize.cpp	merged_82D28630	0x60	0x82D28630
xgraphics	optimize.cpp	?MoveSideEffects@Block@D3DXShader@@QAAXW4SideEffect@2@PAV12@PAVCompiler@2@@Z	0x7C	0x82D28690
xgraphics	optimize.cpp	?MakeInstr_V_ADD@Compiler@D3DXShader@@QAAPAVInstruction@2@PAVBlock@2@PAVDependency@2@1@Z	0xE8	0x82D28710
xgraphics	optimize.cpp	?MakeInstr_V_ADD@Compiler@D3DXShader@@QAAPAVInstruction@2@PAVBlock@2@PAV?$DoubleLinkList@VInstruction@D3DXShader@@$0CE@@2@PAVDependency@2@2@Z	0xEC	0x82D287F8
xgraphics	optimize.cpp	?MakeInstr_V_MUL@Compiler@D3DXShader@@QAAPAVInstruction@2@W4PlacementMethod@12@PAV32@PAVDependency@2@2@Z	0xCC	0x82D288E8
xgraphics	optimize.cpp	?MakeInstr_V_SETGT@Compiler@D3DXShader@@QAAPAVInstruction@2@PAVBlock@2@PAV?$DoubleLinkList@VInstruction@D3DXShader@@$0CE@@2@PAVDependency@2@2@Z	0xEC	0x82D289B8
xgraphics	optimize.cpp	?MakeInstr_V_FRACT@Compiler@D3DXShader@@QAAPAVInstruction@2@W4PlacementMethod@12@PAV32@PAVDependency@2@@Z	0x9C	0x82D28AA8
xgraphics	optimize.cpp	?MakeInstr_V_TRUNC@Compiler@D3DXShader@@QAAPAVInstruction@2@W4PlacementMethod@12@PAV32@PAVDependency@2@@Z	0x9C	0x82D28B48
xgraphics	optimize.cpp	?MakeInstr_V_FLOOR@Compiler@D3DXShader@@QAAPAVInstruction@2@W4PlacementMethod@12@PAV32@PAVDependency@2@@Z	0x9C	0x82D28BE8
xgraphics	optimize.cpp	?MakeInstr_V_CNDGE@Compiler@D3DXShader@@QAAPAVInstruction@2@PAVBlock@2@PAVDependency@2@11@Z	0x118	0x82D28C88
xgraphics	optimize.cpp	?MakeInstr_V_CNDGT@Compiler@D3DXShader@@QAAPAVInstruction@2@PAVBlock@2@PAVDependency@2@11@Z	0x118	0x82D28DA0
xgraphics	optimize.cpp	?MakeInstr_V_KILLE@Compiler@D3DXShader@@QAAPAVInstruction@2@W4PlacementMethod@12@PAV32@PAVDependency@2@2@Z	0xCC	0x82D28EB8
xgraphics	optimize.cpp	?MakeInstr_S_LOG_IEEE@Compiler@D3DXShader@@QAAPAVInstruction@2@W4PlacementMethod@12@PAV32@PAVDependency@2@@Z	0x84	0x82D28F88
xgraphics	optimize.cpp	?MakeInstr_S_RECIP_IEEE@Compiler@D3DXShader@@QAAPAVInstruction@2@W4PlacementMethod@12@PAV32@PAVDependency@2@@Z	0x84	0x82D29010
xgraphics	optimize.cpp	?MakeInstr_S_RECIPSQRT_IEEE@Compiler@D3DXShader@@QAAPAVInstruction@2@W4PlacementMethod@12@PAV32@PAVDependency@2@@Z	0x84	0x82D29098
xgraphics	optimize.cpp	?MakeInstr_S_MAXA@Compiler@D3DXShader@@QAAPAVInstruction@2@W4PlacementMethod@12@PAV32@PAVDependency@2@@Z	0x84	0x82D29120
xgraphics	optimize.cpp	?MakeInstr_S_PRED_SETE@Compiler@D3DXShader@@QAAPAVInstruction@2@W4PlacementMethod@12@PAV32@PAVDependency@2@@Z	0x84	0x82D291A8
xgraphics	optimize.cpp	?MakeInstr_S_PRED_SETNE@Compiler@D3DXShader@@QAAPAVInstruction@2@W4PlacementMethod@12@PAV32@PAVDependency@2@@Z	0x84	0x82D29230
xgraphics	optimize.cpp	?MakeInstr_S_PRED_SETNE@Compiler@D3DXShader@@QAAPAVInstruction@2@PAVBlock@2@PAV?$DoubleLinkList@VInstruction@D3DXShader@@$0CE@@2@PAVDependency@2@@Z	0xA4	0x82D292B8
xgraphics	optimize.cpp	?MakeInstr_S_PRED_SETGT@Compiler@D3DXShader@@QAAPAVInstruction@2@W4PlacementMethod@12@PAV32@PAVDependency@2@@Z	0x84	0x82D29360
xgraphics	optimize.cpp	?MakeInstr_S_PRED_SETGE@Compiler@D3DXShader@@QAAPAVInstruction@2@W4PlacementMethod@12@PAV32@PAVDependency@2@@Z	0x84	0x82D293E8
xgraphics	optimize.cpp	?MakeInstr_S_SQRT_IEEE@Compiler@D3DXShader@@QAAPAVInstruction@2@W4PlacementMethod@12@PAV32@PAVDependency@2@@Z	0x84	0x82D29470
xgraphics	optimize.cpp	?MakeInstr_Q_COND_JUMP@Compiler@D3DXShader@@QAAPAVInstruction@2@PAVBlock@2@PAV?$DoubleLinkList@VInstruction@D3DXShader@@$0CE@@2@PAVDependency@2@@Z	0xA4	0x82D294F8
xgraphics	optimize.cpp	?MakeInstr_V_ADD@Compiler@D3DXShader@@QAAPAVInstruction@2@W4PlacementMethod@12@PAV32@1PAVDependency@2@@Z	0xBC	0x82D295A0
xgraphics	optimize.cpp	?MakeInstr_V_MUL@Compiler@D3DXShader@@QAAPAVInstruction@2@W4PlacementMethod@12@PAV32@1PAVDependency@2@@Z	0xBC	0x82D29660
xgraphics	optimize.cpp	?MakeInstr_V_MAX@Compiler@D3DXShader@@QAAPAVInstruction@2@W4PlacementMethod@12@PAV32@1PAVDependency@2@@Z	0xBC	0x82D29720
xgraphics	optimize.cpp	?MakeInstr_V_CNDE@Compiler@D3DXShader@@QAAPAVInstruction@2@W4PlacementMethod@12@PAV32@1PAVDependency@2@2@Z	0xEC	0x82D297E0
xgraphics	optimize.cpp	?MakeInstr_S_EXP_IEEE@Compiler@D3DXShader@@QAAPAVInstruction@2@W4PlacementMethod@12@PAV32@1@Z	0x74	0x82D298D0
xgraphics	optimize.cpp	?MakeInstr_S_RECIP_IEEE@Compiler@D3DXShader@@QAAPAVInstruction@2@W4PlacementMethod@12@PAV32@1@Z	0x74	0x82D29948
xgraphics	optimize.cpp	?MakeInstr_S_SQRT_IEEE@Compiler@D3DXShader@@QAAPAVInstruction@2@W4PlacementMethod@12@PAV32@1@Z	0x74	0x82D299C0
xgraphics	optimize.cpp	?MakeInstr_V_CNDE@Compiler@D3DXShader@@QAAPAVInstruction@2@W4PlacementMethod@12@PAV32@PAVDependency@2@12@Z	0xEC	0x82D29A38
xgraphics	optimize.cpp	?MakeInstr_V_ADD@Compiler@D3DXShader@@QAAPAVInstruction@2@W4PlacementMethod@12@PAV32@11@Z	0xAC	0x82D29B28
xgraphics	optimize.cpp	?MakeInstr_V_MUL@Compiler@D3DXShader@@QAAPAVInstruction@2@W4PlacementMethod@12@PAV32@11@Z	0xAC	0x82D29BD8
xgraphics	optimize.cpp	?MakeInstr_V_MULADD@Compiler@D3DXShader@@QAAPAVInstruction@2@W4PlacementMethod@12@PAV32@11PAVDependency@2@@Z	0xDC	0x82D29C88
xgraphics	optimize.cpp	?MakeInstr_V_DOT3@Compiler@D3DXShader@@QAAPAVInstruction@2@W4PlacementMethod@12@PAV32@11@Z	0xA4	0x82D29D68
xgraphics	optimize.cpp	?MakeInstr_V_DOT2ADD@Compiler@D3DXShader@@QAAPAVInstruction@2@W4PlacementMethod@12@PAV32@11PAVDependency@2@@Z	0xD4	0x82D29E10
xgraphics	optimize.cpp	?MakeInstr_V_CNDE@Compiler@D3DXShader@@QAAPAVInstruction@2@W4PlacementMethod@12@PAV32@PAVDependency@2@21@Z	0xEC	0x82D29EE8
xgraphics	optimize.cpp	?MakeInstr_V_CNDGE@Compiler@D3DXShader@@QAAPAVInstruction@2@W4PlacementMethod@12@PAV32@PAVDependency@2@21@Z	0xEC	0x82D29FD8
xgraphics	optimize.cpp	?MakeInstr_V_CNDGT@Compiler@D3DXShader@@QAAPAVInstruction@2@W4PlacementMethod@12@PAV32@PAVDependency@2@21@Z	0xEC	0x82D2A0C8
xgraphics	optimize.cpp	?MakeInstr_V_CNDE@Compiler@D3DXShader@@QAAPAVInstruction@2@W4PlacementMethod@12@PAV32@1PAVDependency@2@1@Z	0xDC	0x82D2A1B8
xgraphics	optimize.cpp	?MakeInstr_V_CNDE@Compiler@D3DXShader@@QAAPAVInstruction@2@W4PlacementMethod@12@PAV32@PAVDependency@2@11@Z	0xDC	0x82D2A298
xgraphics	optimize.cpp	?MakeInstr_V_CNDE@Compiler@D3DXShader@@QAAPAVInstruction@2@W4PlacementMethod@12@PAV32@111@Z	0xCC	0x82D2A378
xgraphics	optimize.cpp	?PrepareASMBlocks@Compiler@D3DXShader@@AAAXXZ	0x1990	0x82D2A448
xgraphics	optimize.cpp	?GenerateDiagnosticExportIndex@Compiler@D3DXShader@@AAAPAVInstruction@2@PAVBlock@2@PAV32@@Z	0x1FC	0x82D2BDD8
xgraphics	optimize.cpp	?GenerateDebugPrintEpilogue@Compiler@D3DXShader@@AAAXPAVBlock@2@0PAVInstruction@2@111@Z	0x3C8	0x82D2BFD8
xgraphics	optimize.cpp	?SplitInput@Compiler@D3DXShader@@AAAXIPAVInstruction@2@I@Z	0x378	0x82D2C3A0
xgraphics	optimize.cpp	?CombineInputs@Compiler@D3DXShader@@AAAXIPAVInstruction@2@II0@Z	0x35C	0x82D2C718
xgraphics	optimize.cpp	?RemoveMERGEOperand@Compiler@D3DXShader@@AAAPAVInstruction@2@PAV32@IIPAI@Z	0x1D4	0x82D2CA78
xgraphics	optimize.cpp	?CheckSubroutinePHIs@Compiler@D3DXShader@@AAAXXZ	0x65C	0x82D2CC50
xgraphics	optimize.cpp	?CloneVisitedBlocks@Compiler@D3DXShader@@AAAXPAV?$DoubleLinkList@VBlock@D3DXShader@@$0A@@2@I@Z	0x94	0x82D2D2B0
xgraphics	optimize.cpp	?CloneInstructionsInList@Compiler@D3DXShader@@AAAKPAVBlock@2@PAV?$DoubleLinkList@VInstruction@D3DXShader@@$0CE@@2@1_N@Z	0xC4	0x82D2D348
xgraphics	optimize.cpp	?CleanBlocksWorker@Compiler@D3DXShader@@AAAXIPA_NPAVBlock@2@@Z	0x194	0x82D2D410
xgraphics	optimize.cpp	?ResolveArrayReferences@Compiler@D3DXShader@@AAAXW4ResolveArrayReferencesStage@12@@Z	0xD24	0x82D2D5A8
xgraphics	optimize.cpp	?MarkLoopBlock@Compiler@D3DXShader@@AAAXPAVBlock@2@I@Z	0x40	0x82D2E2D0
xgraphics	optimize.cpp	?RebuildLoopExitList@Compiler@D3DXShader@@AAAXPAULoop@2@@Z	0x138	0x82D2E310
xgraphics	optimize.cpp	?AddLoopEndInstructionForUnnaturalLoopExit@Compiler@D3DXShader@@AAAXPAVBlock@2@PAVInstruction@2@PAULoop@2@@Z	0xF0	0x82D2E448
xgraphics	optimize.cpp	?CheckMAXAArrayLimitInLoop@Compiler@D3DXShader@@AAAXPAVInstruction@2@PAULoop@2@PAUInductionVariable@2@@Z	0x90	0x82D2E538
xgraphics	optimize.cpp	?CreatePreHeader@Compiler@D3DXShader@@AAAXPAULoop@2@@Z	0x1D8	0x82D2E5C8
xgraphics	optimize.cpp	?EnsureLoopHasFooter@Compiler@D3DXShader@@AAAXPAULoop@2@@Z	0x128	0x82D2E7A0
xgraphics	optimize.cpp	merged_82D2E8C8	0x9C	0x82D2E8C8
xgraphics	optimize.cpp	?HasOneItem@?$ArrayList@UProductTerm@D3DXShader@@$1?AllocInContext@CompilerHeap@2@SAPAXPAXK@Z$1?FreeInContext@42@SAX00K@Z@D3DXShader@@QAA_NXZ	0x4C	0x82D2E968
xgraphics	optimize.cpp	?HasTwoItems@?$ArrayList@UProductTerm@D3DXShader@@$1?AllocInContext@CompilerHeap@2@SAPAXPAXK@Z$1?FreeInContext@42@SAX00K@Z@D3DXShader@@QAA_NXZ	0x68	0x82D2E9B8
xgraphics	optimize.cpp	?Contains@?$ArrayList@UProductTerm@D3DXShader@@$1?AllocInContext@CompilerHeap@2@SAPAXPAXK@Z$1?FreeInContext@42@SAX00K@Z@D3DXShader@@QAA_NUProductTerm@2@@Z	0xB4	0x82D2EA20
xgraphics	optimize.cpp	?Find@?$ArrayList@UProductTerm@D3DXShader@@$1?AllocInContext@CompilerHeap@2@SAPAXPAXK@Z$1?FreeInContext@42@SAX00K@Z@D3DXShader@@QAAIUProductTerm@2@@Z	0xBC	0x82D2EAD8
xgraphics	optimize.cpp	?Remove@?$ArrayList@UProductTerm@D3DXShader@@$1?AllocInContext@CompilerHeap@2@SAPAXPAXK@Z$1?FreeInContext@42@SAX00K@Z@D3DXShader@@QAAXUProductTerm@2@@Z	0x128	0x82D2EB98
xgraphics	optimize.cpp	merged_82D2ECC0	0xD4	0x82D2ECC0
xgraphics	optimize.cpp	?PrepareDiagnosticBlocks@Compiler@D3DXShader@@AAAXXZ	0x1A70	0x82D2ED98
xgraphics	optimize.cpp	?RecombineInputSemantics@Compiler@D3DXShader@@AAAXIIII@Z	0x180	0x82D30808
xgraphics	optimize.cpp	?CloneCodeInBlocks@Compiler@D3DXShader@@AAAKPAV?$DoubleLinkList@VBlock@D3DXShader@@$0A@@2@I_N@Z	0x740	0x82D30988
xgraphics	optimize.cpp	?FreeUniqueTermList@Compiler@D3DXShader@@AAAXPAV?$ArrayList@UUniqueProductTerm@D3DXShader@@$1?AllocInContext@CompilerHeap@2@SAPAXPAXK@Z$1?FreeInContext@42@SAX00K@Z@2@@Z	0x4C	0x82D310C8
xgraphics	optimize.cpp	?IsConstantProductTermList@Compiler@D3DXShader@@AAA_NPAV?$ArrayList@UProductTerm@D3DXShader@@$1?AllocInContext@CompilerHeap@2@SAPAXPAXK@Z$1?FreeInContext@42@SAX00K@Z@2@@Z	0x6C	0x82D31118
xgraphics	optimize.cpp	?ComputeDotProductPrecision@Compiler@D3DXShader@@SA?AW4ConstantValueType@2@QAV?$BitFieldSet@V?$FixedSizeBitSet@I$00@D3DXShader@@II$01@2@I@Z	0xA8	0x82D31188
xgraphics	optimize.cpp	?ExaminePossibleLoopArrayAccess@Compiler@D3DXShader@@AAAXPAVInstruction@2@PAULoop@2@PAUInductionVariable@2@@Z	0x12C	0x82D31230
xgraphics	optimize.cpp	?ResolveIntegerOperations@Compiler@D3DXShader@@AAAXXZ	0x4F8	0x82D31360
xgraphics	optimize.cpp	?PrepareTessellatorInputs@Compiler@D3DXShader@@AAAXXZ	0x230	0x82D31858
xgraphics	optimize.cpp	?PropagateConstants@Compiler@D3DXShader@@AAA_NXZ	0x23C	0x82D31A88
xgraphics	optimize.cpp	?CloneBlocksWithMarkedInstructions@Compiler@D3DXShader@@AAAXPAVBlock@2@_N1PAV?$DoubleLinkList@VBlock@D3DXShader@@$0A@@2@PAIPAPAV32@@Z	0x2B0	0x82D31CC8
xgraphics	optimize.cpp	?IsInverseProductTermList@Compiler@D3DXShader@@AAA_NPAV?$ArrayList@UProductTerm@D3DXShader@@$1?AllocInContext@CompilerHeap@2@SAPAXPAXK@Z$1?FreeInContext@42@SAX00K@Z@2@0@Z	0x1EC	0x82D31F78
xgraphics	optimize.cpp	?AreProductTermListsIdentical_ExceptionInList2@Compiler@D3DXShader@@AAA_NPAV?$ArrayList@UProductTerm@D3DXShader@@$1?AllocInContext@CompilerHeap@2@SAPAXPAXK@Z$1?FreeInContext@42@SAX00K@Z@2@0PAUProductTerm@2@@Z	0x16C	0x82D32168
xgraphics	optimize.cpp	?ComputeExpressionCost@Compiler@D3DXShader@@AAAIPAV?$ArrayList@PAV?$ArrayList@UProductTerm@D3DXShader@@$1?AllocInContext@CompilerHeap@2@SAPAXPAXK@Z$1?FreeInContext@42@SAX00K@Z@D3DXShader@@$1?AllocInContext@CompilerHeap@2@SAPAXPAXK@Z$1?FreeInContext@42@SAX00K@Z@2@@Z	0x55C	0x82D322D8
xgraphics	optimize.cpp	?AppendProductTerm@Compiler@D3DXShader@@AAAXPAV?$ArrayList@UProductTerm@D3DXShader@@$1?AllocInContext@CompilerHeap@2@SAPAXPAXK@Z$1?FreeInContext@42@SAX00K@Z@2@PAVDependency@2@W4Component@2@PAVInstruction@2@PAW4ConstantValueType@2@@Z	0xBC	0x82D32838
xgraphics	optimize.cpp	?AppendProductTermsFromBinaryOperator@Compiler@D3DXShader@@AAAXPAV?$ArrayList@UProductTerm@D3DXShader@@$1?AllocInContext@CompilerHeap@2@SAPAXPAXK@Z$1?FreeInContext@42@SAX00K@Z@2@PAVInstruction@2@W4Component@2@1PAW4ConstantValueType@2@@Z	0x94	0x82D328F8
xgraphics	optimize.cpp	?HandleSumOperand@Compiler@D3DXShader@@AAAXPAVInstruction@2@IW4Component@2@PAV?$ArrayList@PAV?$ArrayList@UProductTerm@D3DXShader@@$1?AllocInContext@CompilerHeap@2@SAPAXPAXK@Z$1?FreeInContext@42@SAX00K@Z@D3DXShader@@$1?AllocInContext@CompilerHeap@2@SAPAXPAXK@Z$1?FreeInContext@42@SAX00K@Z@2@PAV?$ArrayList@UProductTerm@D3DXShader@@$1?AllocInContext@CompilerHeap@2@SAPAXPAXK@Z$1?FreeInContext@42@SAX00K@Z@2@PAW4ConstantValueType@2@@Z	0x180	0x82D32990
xgraphics	optimize.cpp	?BuildProductTermList@Compiler@D3DXShader@@AAAPAV?$ArrayList@UProductTerm@D3DXShader@@$1?AllocInContext@CompilerHeap@2@SAPAXPAXK@Z$1?FreeInContext@42@SAX00K@Z@2@PAVDependency@2@W4Component@2@PAVInstruction@2@@Z	0x2C0	0x82D32B10
xgraphics	optimize.cpp	?FindUniqueSumOfProductsTerms@Compiler@D3DXShader@@AAAPAV?$ArrayList@UUniqueProductTerm@D3DXShader@@$1?AllocInContext@CompilerHeap@2@SAPAXPAXK@Z$1?FreeInContext@42@SAX00K@Z@2@PAV?$ArrayList@PAV?$ArrayList@UProductTerm@D3DXShader@@$1?AllocInContext@CompilerHeap@2@SAPAXPAXK@Z$1?FreeInContext@42@SAX00K@Z@D3DXShader@@$1?AllocInContext@CompilerHeap@2@SAPAXPAXK@Z$1?FreeInContext@42@SAX00K@Z@2@@Z	0x334	0x82D32DD0
xgraphics	optimize.cpp	?SortProductTermList@Compiler@D3DXShader@@AAAXPAV?$ArrayList@UProductTerm@D3DXShader@@$1?AllocInContext@CompilerHeap@2@SAPAXPAXK@Z$1?FreeInContext@42@SAX00K@Z@2@@Z	0x210	0x82D33108
xgraphics	optimize.cpp	?MarkForSimplify@Compiler@D3DXShader@@AAAXPAVInstruction@2@PAV?$Stack@PAVInstruction@D3DXShader@@$1?AllocInContext@CompilerHeap@2@SAPAXPAXK@Z$1?FreeInContext@42@SAX00K@Z@2@@Z	0x94	0x82D33318
xgraphics	optimize.cpp	?MarkDependentsForSimplify@Compiler@D3DXShader@@AAAXPAVInstruction@2@PAV?$Stack@PAVInstruction@D3DXShader@@$1?AllocInContext@CompilerHeap@2@SAPAXPAXK@Z$1?FreeInContext@42@SAX00K@Z@2@@Z	0x48	0x82D333B0
xgraphics	optimize.cpp	?RemoveUnusedComponentsWorker@Compiler@D3DXShader@@AAAXPAVInstruction@2@IPAV?$Stack@PAVInstruction@D3DXShader@@$1?AllocInContext@CompilerHeap@2@SAPAXPAXK@Z$1?FreeInContext@42@SAX00K@Z@2@_N@Z	0x288	0x82D333F8
xgraphics	optimize.cpp	?RemoveUnusedMERGEComponents@Compiler@D3DXShader@@AAAPAVInstruction@2@PAV32@PAV?$Stack@PAVInstruction@D3DXShader@@$1?AllocInContext@CompilerHeap@2@SAPAXPAXK@Z$1?FreeInContext@42@SAX00K@Z@2@@Z	0x4C0	0x82D33680
xgraphics	optimize.cpp	?RemoveIdenticalDependents@Compiler@D3DXShader@@AAA_NPAVInstruction@2@0PAV?$Stack@PAVInstruction@D3DXShader@@$1?AllocInContext@CompilerHeap@2@SAPAXPAXK@Z$1?FreeInContext@42@SAX00K@Z@2@PA_N@Z	0x410	0x82D33B40
xgraphics	optimize.cpp	?MergeBlocks@Compiler@D3DXShader@@AAA_NPAVBlock@2@0_N@Z	0x7F4	0x82D33F50
xgraphics	optimize.cpp	?MarkMustInlineCallIfDynamic@Compiler@D3DXShader@@AAA_NPAVInstruction@2@PAVBlock@2@@Z	0x224	0x82D34748
xgraphics	optimize.cpp	?MarkMustInlineCallsForInstruction@Compiler@D3DXShader@@AAA_NPAVInstruction@2@@Z	0x568	0x82D34970
xgraphics	optimize.cpp	?InlineReplaceCallSite@Compiler@D3DXShader@@AAAXPAVBlock@2@0PAVInstruction@2@0I@Z	0x3EC	0x82D34ED8
xgraphics	optimize.cpp	?FreeSumList@Compiler@D3DXShader@@AAAXPAV?$ArrayList@PAV?$ArrayList@UProductTerm@D3DXShader@@$1?AllocInContext@CompilerHeap@2@SAPAXPAXK@Z$1?FreeInContext@42@SAX00K@Z@D3DXShader@@$1?AllocInContext@CompilerHeap@2@SAPAXPAXK@Z$1?FreeInContext@42@SAX00K@Z@2@PAV?$Stack@PAVInstruction@D3DXShader@@$1?AllocInContext@CompilerHeap@2@SAPAXPAXK@Z$1?FreeInContext@42@SAX00K@Z@2@@Z	0x148	0x82D352C8
xgraphics	optimize.cpp	?GenerateProduct@Compiler@D3DXShader@@AAA_NPAVInstruction@2@PAV?$ArrayList@UProductTerm@D3DXShader@@$1?AllocInContext@CompilerHeap@2@SAPAXPAXK@Z$1?FreeInContext@42@SAX00K@Z@2@PAUProductTerm@2@PAPAVDependency@2@PAV?$Stack@PAVInstruction@D3DXShader@@$1?AllocInContext@CompilerHeap@2@SAPAXPAXK@Z$1?FreeInContext@42@SAX00K@Z@2@@Z	0x228	0x82D35410
xgraphics	optimize.cpp	?SimplifyTerms@Compiler@D3DXShader@@AAA_NPAV?$ArrayList@PAV?$ArrayList@UProductTerm@D3DXShader@@$1?AllocInContext@CompilerHeap@2@SAPAXPAXK@Z$1?FreeInContext@42@SAX00K@Z@D3DXShader@@$1?AllocInContext@CompilerHeap@2@SAPAXPAXK@Z$1?FreeInContext@42@SAX00K@Z@2@PAVInstruction@2@@Z	0x7A8	0x82D35638
xgraphics	optimize.cpp	?ComputeSavingsIfFactored@Compiler@D3DXShader@@AAAIPAV?$ArrayList@PAV?$ArrayList@UProductTerm@D3DXShader@@$1?AllocInContext@CompilerHeap@2@SAPAXPAXK@Z$1?FreeInContext@42@SAX00K@Z@D3DXShader@@$1?AllocInContext@CompilerHeap@2@SAPAXPAXK@Z$1?FreeInContext@42@SAX00K@Z@2@PAUProductTerm@2@PAVInstruction@2@PAPAV32@@Z	0x41C	0x82D35DE0
xgraphics	optimize.cpp	?TransferDependentModifiersToInputs@Compiler@D3DXShader@@AAAXPAVInstruction@2@IPAV?$Stack@PAVInstruction@D3DXShader@@$1?AllocInContext@CompilerHeap@2@SAPAXPAXK@Z$1?FreeInContext@42@SAX00K@Z@2@@Z	0x2F8	0x82D36200
xgraphics	optimize.cpp	?SetConstraintFlagsAndUpdateResultBounds@Compiler@D3DXShader@@AAAXPAVInstruction@2@W4Component@2@IPAV?$Stack@PAVInstruction@D3DXShader@@$1?AllocInContext@CompilerHeap@2@SAPAXPAXK@Z$1?FreeInContext@42@SAX00K@Z@2@@Z	0x104	0x82D364F8
xgraphics	optimize.cpp	?SimplifyComponentDependents@Compiler@D3DXShader@@AAAXPAVInstruction@2@W4Component@2@01IPAV?$Stack@PAVInstruction@D3DXShader@@$1?AllocInContext@CompilerHeap@2@SAPAXPAXK@Z$1?FreeInContext@42@SAX00K@Z@2@PA_N@Z	0x590	0x82D36600
xgraphics	optimize.cpp	?ReplaceOperandComponent@Compiler@D3DXShader@@AAAXPAVInstruction@2@PAVDependency@2@W4Component@2@02I@Z	0x1D8	0x82D36B90
xgraphics	optimize.cpp	?MarkLoopBlocks@Compiler@D3DXShader@@AAAXPAVBlock@2@I@Z	0x2E0	0x82D36D68
xgraphics	optimize.cpp	?FindPossibleLoopArrayAccesses@Compiler@D3DXShader@@AAAXPAVInstruction@2@PAVDependency@2@PAULoop@2@PAUInductionVariable@2@@Z	0x284	0x82D37048
xgraphics	optimize.cpp	?RemoveBlockIfUseless@Compiler@D3DXShader@@AAA_NPAVBlock@2@@Z	0x40C	0x82D372D0
xgraphics	optimize.cpp	?CheckInliningRequirements@Compiler@D3DXShader@@AAA_NXZ	0x710	0x82D376E0
xgraphics	optimize.cpp	?InlineCopy@Compiler@D3DXShader@@AAAXPAVBlock@2@0PAVInstruction@2@@Z	0x3B8	0x82D37DF0
xgraphics	optimize.cpp	?FindSumOfProducts@Compiler@D3DXShader@@AAAPAV?$ArrayList@PAV?$ArrayList@UProductTerm@D3DXShader@@$1?AllocInContext@CompilerHeap@2@SAPAXPAXK@Z$1?FreeInContext@42@SAX00K@Z@D3DXShader@@$1?AllocInContext@CompilerHeap@2@SAPAXPAXK@Z$1?FreeInContext@42@SAX00K@Z@2@PAVInstruction@2@W4Component@2@@Z	0x490	0x82D381A8
xgraphics	optimize.cpp	?CanonicalizeDependencyGraph@Compiler@D3DXShader@@AAAXPAVInstruction@2@@Z	0x9B0	0x82D38638
xgraphics	optimize.cpp	?Simplify_MUL@Compiler@D3DXShader@@AAA_NPAVInstruction@2@W4Component@2@01I01IPAUSimplifyMULState@2@PA_N@Z	0x774	0x82D38FE8
xgraphics	optimize.cpp	?ExtractAddChainConstant@Compiler@D3DXShader@@AAAXPAVInstruction@2@W4Component@2@01IPA_N@Z	0x274	0x82D39760
xgraphics	optimize.cpp	?Simplify@Compiler@D3DXShader@@AAA_NPAVInstruction@2@PA_N@Z	0x77F0	0x82D399D8
xgraphics	optimize.cpp	?RemoveDeadCode@Compiler@D3DXShader@@AAA_N_N@Z	0x1388	0x82D411C8
xgraphics	optimize.cpp	?BuildDepthFirstOrdering@Compiler@D3DXShader@@AAAXXZ	0xD94	0x82D42550
xgraphics	optimize.cpp	?Inlining@Compiler@D3DXShader@@AAAXXZ	0x49C	0x82D432E8
xgraphics	optimize.cpp	?SimplifyDependencyGraph@Compiler@D3DXShader@@AAA_NXZ	0xC6C	0x82D43788
xgraphics	optimize.cpp	?SimplifyBlock@Compiler@D3DXShader@@AAA_NPAVBlock@2@@Z	0x2C8	0x82D443F8
xgraphics	optimize.cpp	?ForceExpressionOptimizations@Compiler@D3DXShader@@AAAXPAVBlock@2@@Z	0x54	0x82D446C0
xgraphics	optimize.cpp	?UnrollLoop@Compiler@D3DXShader@@AAA_NPAULoop@2@@Z	0xFB4	0x82D44718
xgraphics	optimize.cpp	?ResolveInvalidInstructions@Compiler@D3DXShader@@AAAXXZ	0x86C	0x82D456D0
xgraphics	optimize.cpp	?EvaluateCompileTimeAssertions@Compiler@D3DXShader@@AAAXXZ	0x240	0x82D45F40
xgraphics	optimize.cpp	?CheckForCompileTimeAssertions@Compiler@D3DXShader@@AAAX_N@Z	0x2C8	0x82D46180
xgraphics	optimize.cpp	?RelocateAssertBlocks@Compiler@D3DXShader@@AAAXXZ	0x59C	0x82D46448
xgraphics	optimize.cpp	?IsolateOutputs@Compiler@D3DXShader@@AAAXXZ	0xEA4	0x82D469E8
xgraphics	optimize.cpp	?OptimizeLoops@Compiler@D3DXShader@@AAAXXZ	0x6CF4	0x82D47890
xgraphics	optimize.cpp	?Optimize@Compiler@D3DXShader@@AAAXXZ	0x274	0x82D4E588
xgraphics	xenosem.cpp	?XenosNaN@D3DXShader@@YAMXZ	0x10	0x82D4E800
xgraphics	xenosem.cpp	?GetParams6X@D3DXShader@@YAXPAUMeParam2@1@HHHHHH@Z	0xDA8	0x82D4E810
xgraphics	xenosem.cpp	?InitMathEnTables6X@D3DXShader@@YAXXZ	0x8C	0x82D4F5B8
xgraphics	xenosem.cpp	?ComputeMantissa6X@D3DXShader@@YA_JIIIIIIIPAUMeParam2@1@H@Z	0x310	0x82D4F648
xgraphics	xenosem.cpp	?sin_cos_lut@D3DXShader@@YAHHHPAUMeParam2@1@HPBI111PBH@Z	0x3BC	0x82D4F958
xgraphics	xenosem.cpp	?XenosSin@D3DXShader@@YANN@Z	0x9C	0x82D4FD18
xgraphics	xenosem.cpp	?XenosCos@D3DXShader@@YANN@Z	0x98	0x82D4FDB8
xgraphics	buildssa.cpp	?FindPHIUseForPredecessor@Compiler@D3DXShader@@AAAPAVDependency@2@PAVInstruction@2@PAVBlock@2@PAV32@_N@Z	0xE8	0x82D4FE50
xgraphics	buildssa.cpp	?FindSetBit@?$DynamicBitSet@I$1?AllocInContext@CompilerHeap@D3DXShader@@SAPAXPAXK@Z$1?FreeInContext@23@SAX00K@Z@D3DXShader@@QAAII@Z	0xCC	0x82D4FF38
xgraphics	buildssa.cpp	?MustPropagateVariableDefinition@Compiler@D3DXShader@@AAA_NVResult@2@IIPAVBlock@2@_N@Z	0x174	0x82D50008
xgraphics	buildssa.cpp	?IsolateVariable@Compiler@D3DXShader@@AAAXPAVBlock@2@II_N@Z	0x1E4	0x82D50180
xgraphics	buildssa.cpp	?ResolvePredDef@Compiler@D3DXShader@@AAAXPAVInstruction@2@PAVBlock@2@11@Z	0x424	0x82D50368
xgraphics	buildssa.cpp	?ResolvePHI@Compiler@D3DXShader@@AAAXPAVInstruction@2@@Z	0x3CC	0x82D50790
xgraphics	buildssa.cpp	?PropagateVariableDefinitionToReturnSites@Compiler@D3DXShader@@AAAXPAVBlock@2@II@Z	0x1F4	0x82D50B60
xgraphics	buildssa.cpp	?GetOrCreateScopeExitBlock@Compiler@D3DXShader@@AAAPAVBlock@2@PAV32@0W4PlacementMethod@12@0_N@Z	0x70C	0x82D50D58
xgraphics	buildssa.cpp	?GlobalSSA@Compiler@D3DXShader@@AAAXXZ	0x584	0x82D51468
xgraphics	buildcfg.cpp	??$FindSetBitInArray@I@D3DXShader@@YAIPAIIK@Z	0x94	0x82D519F0
xgraphics	buildcfg.cpp	??$SetAllBitsInArray@I@D3DXShader@@YAXPAII@Z	0x5C	0x82D51A88
xgraphics	buildcfg.cpp	?Or@?$DynamicBitSet@I$1?AllocInContext@CompilerHeap@D3DXShader@@SAPAXPAXK@Z$1?FreeInContext@23@SAX00K@Z@D3DXShader@@QAAXPAV12@@Z	0x78	0x82D51AE8
xgraphics	buildcfg.cpp	?Equals@?$DynamicBitSet@I$1?AllocInContext@CompilerHeap@D3DXShader@@SAPAXPAXK@Z$1?FreeInContext@23@SAX00K@Z@D3DXShader@@QAA_NPAV12@@Z	0x78	0x82D51B60
xgraphics	buildcfg.cpp	?And@?$ArrayBitSet@I@D3DXShader@@QAAXPAI@Z	0x50	0x82D51BD8
xgraphics	buildcfg.cpp	?Or@?$ArrayBitSet@I@D3DXShader@@QAAXPAI@Z	0x50	0x82D51C28
xgraphics	buildcfg.cpp	?BuildDominanceGraph@Compiler@D3DXShader@@AAAXI@Z	0xFF8	0x82D51C78
xgraphics	buildcfg.cpp	?RebuildDominanceGraph@Compiler@D3DXShader@@AAAXXZ	0xB0	0x82D52C70
xgraphics	buildcfg.cpp	?BuildDominanceFrontierSets@Compiler@D3DXShader@@AAAXI@Z	0x278	0x82D52D20
xgraphics	buildcfg.cpp	?BuildControlFlowGraphs@Compiler@D3DXShader@@AAAXXZ	0x43C	0x82D52F98
xgraphics	import.cpp	?NeedsPreviousScalarResult@Instruction@D3DXShader@@QAA_NXZ	0x40	0x82D533D8
xgraphics	import.cpp	?AttributeMask@D3DXShader@@YAIW4AttributeType@1@000000000@Z	0x70	0x82D53418
xgraphics	import.cpp	?XenosNormalize@D3DXShader@@YAMM@Z	0x40	0x82D53488
xgraphics	import.cpp	?GetCurrentFunctionName@Compiler@D3DXShader@@QAAPBDXZ	0x4C	0x82D534C8
xgraphics	import.cpp	?SetAllConstraintFlags@Instruction@D3DXShader@@QAA_NI@Z	0x48	0x82D53518
xgraphics	import.cpp	?ExpectNodeType@Compiler@D3DXShader@@AAAPAVCNode@2@PAV32@W4_D3DNODE_TYPE@2@@Z	0x24	0x82D53560
xgraphics	import.cpp	?ExpectExpressionNode@Compiler@D3DXShader@@AAAPAVCNodeExpression@2@PAVCNode@2@@Z	0x24	0x82D53588
xgraphics	import.cpp	?ExpectExpressionNode@Compiler@D3DXShader@@AAAPAVCNodeExpression@2@PAVCNode@2@W4_D3DEXPR_OP@2@@Z	0x38	0x82D535B0
xgraphics	import.cpp	?ExpectExpressionNode@Compiler@D3DXShader@@AAAPAVCNodeExpression@2@PAVCNode@2@W4_D3DEXPR_OP@2@I@Z	0x54	0x82D535E8
xgraphics	import.cpp	?ExpectTypeNode@Compiler@D3DXShader@@AAAPAVCNodeType@2@PAVCNode@2@@Z	0x24	0x82D53640
xgraphics	import.cpp	?ExpectValueNode@Compiler@D3DXShader@@AAAPAVCNodeValue@2@PAVCNode@2@@Z	0x24	0x82D53668
xgraphics	import.cpp	?ExpectListNode@Compiler@D3DXShader@@AAAPAVCNodeList@2@PAVCNode@2@@Z	0x24	0x82D53690
xgraphics	import.cpp	?ExpectOptionalListNode@Compiler@D3DXShader@@AAAPAVCNodeList@2@PAVCNode@2@@Z	0x24	0x82D536B8
xgraphics	import.cpp	?MatchesShaderTarget@Compiler@D3DXShader@@AAA_NPAVCNode@2@PAK@Z	0x9C	0x82D536E0
xgraphics	import.cpp	?GetTypeShape@Compiler@D3DXShader@@AAA_NPAVCNode@2@PAI1@Z	0xA4	0x82D53780
xgraphics	import.cpp	?GetLeafNodeShape@Compiler@D3DXShader@@AAA_NPAVCNode@2@PAI1@Z	0x7C	0x82D53828
xgraphics	import.cpp	?GetNodeShape@Compiler@D3DXShader@@AAA_NPAVCNode@2@PAI1@Z	0x2C	0x82D538A8
xgraphics	import.cpp	?GetNodeSize@Compiler@D3DXShader@@AAA_NPAVCNode@2@PAI@Z	0x8C	0x82D538D8
xgraphics	import.cpp	?GetSemanticToken@Compiler@D3DXShader@@AAAPAVCNodeToken@2@PAVCNode@2@@Z	0x60	0x82D53968
xgraphics	import.cpp	?ParseIntegerCastNode@Compiler@D3DXShader@@AAA_NPAVCNode@2@PAI@Z	0x16C	0x82D539C8
xgraphics	import.cpp	?ParseBooleanCastNode@Compiler@D3DXShader@@AAA_NPAVCNode@2@PA_N@Z	0xC0	0x82D53B38
xgraphics	import.cpp	?ParseIntegerArgument@Compiler@D3DXShader@@AAAIPAVCNode@2@@Z	0x84	0x82D53BF8
xgraphics	import.cpp	?ParseIntegerRangeArgument@Compiler@D3DXShader@@AAAXPAVCNode@2@PAI1@Z	0x80	0x82D53C80
xgraphics	import.cpp	?ParseBooleanArgument@Compiler@D3DXShader@@AAA_NPAVCNode@2@@Z	0x84	0x82D53D00
xgraphics	import.cpp	?FindFunctionFromCallNode@Compiler@D3DXShader@@AAAPAUFunction@2@PAVCNodeExpression@2@@Z	0x144	0x82D53D88
xgraphics	import.cpp	?GetMicrocodeVarName@Compiler@D3DXShader@@AAAPBDI@Z	0x264	0x82D53ED0
xgraphics	import.cpp	?GetVarIndexFromRegisterNode@Compiler@D3DXShader@@AAAIPAVCNodeUAsmRegister@2@PAI@Z	0x258	0x82D54138
xgraphics	import.cpp	?GetVarName@Compiler@D3DXShader@@QAAPBDI@Z	0x150	0x82D54390
xgraphics	import.cpp	?IdentifyAttributeNode@Compiler@D3DXShader@@AAA?AW4AttributeType@2@PAVCNodeAttribute@2@@Z	0x9C	0x82D544E0
xgraphics	import.cpp	?RestoreAttributeState@Compiler@D3DXShader@@AAAXPAUAttributeStateStackEntry@2@@Z	0x4C	0x82D54580
xgraphics	import.cpp	?SortVariableComponentInfoByReg@D3DXShader@@YAHPBX0@Z	0x30	0x82D545D0
xgraphics	import.cpp	?InitInternalImportVariable@Compiler@D3DXShader@@AAAXIPAUFunction@2@IW4_D3DSCOPE_TYPE@2@PBD@Z	0xC8	0x82D54600
xgraphics	import.cpp	?GetFloatConstant@Compiler@D3DXShader@@AAA_NPAVResult@2@PAN@Z	0xAC	0x82D546C8
xgraphics	import.cpp	?InitJump@Instruction@D3DXShader@@QAAX_NPAVBlock@2@0PAVCompiler@2@@Z	0x64	0x82D54778
xgraphics	import.cpp	?CreateTokenIdNode@Compiler@D3DXShader@@AAAPAVCNodeToken@2@PBD@Z	0x78	0x82D547E0
xgraphics	import.cpp	?CreateDeclNode@Compiler@D3DXShader@@AAAPAVCNodeDecl@2@W4_D3DDECL_TYPE@2@PBDPAVCNode@2@@Z	0x68	0x82D54858
xgraphics	import.cpp	?CreateListNode@Compiler@D3DXShader@@AAAPAVCNodeList@2@PAVCNode@2@0PBD@Z	0x58	0x82D548C0
xgraphics	import.cpp	?CreateValueListNode@Compiler@D3DXShader@@AAAPAVCNodeList@2@PAMK@Z	0xA0	0x82D54918
xgraphics	import.cpp	?CreateVariableValueNode@Compiler@D3DXShader@@AAAPAVCNodeValue@2@II@Z	0x58	0x82D549B8
xgraphics	import.cpp	?CreateCastNode@Compiler@D3DXShader@@AAAPAVCNodeExpression@2@PAVCNode@2@I@Z	0x60	0x82D54A10
xgraphics	import.cpp	?CreateStatementNode@Compiler@D3DXShader@@AAAPAVCNodeStatement@2@XZ	0x50	0x82D54A70
xgraphics	import.cpp	?CreateAssignmentExpressionNode@Compiler@D3DXShader@@AAAPAVCNodeExpression@2@IPAVCNode@2@I@Z	0x98	0x82D54AC0
xgraphics	import.cpp	?CreateVariableCopyStatementNode@Compiler@D3DXShader@@AAAPAVCNodeStatement@2@III@Z	0x58	0x82D54B58
xgraphics	import.cpp	?CreateVariableComparisonExpressionNode@Compiler@D3DXShader@@AAAPAVCNodeExpression@2@IPAVCNode@2@@Z	0xBC	0x82D54BB0
xgraphics	import.cpp	?CountLeafNodeComponents@Compiler@D3DXShader@@AAAIPAVCNode@2@@Z	0x138	0x82D54C70
xgraphics	import.cpp	?CountComponents@Compiler@D3DXShader@@AAAIPAVCNode@2@@Z	0x94	0x82D54DA8
xgraphics	import.cpp	?ImportASMNodeList@Compiler@D3DXShader@@AAAPAVCNode@2@PAV32@@Z	0x150	0x82D54E40
xgraphics	import.cpp	?CreateSimpleTypeNode@Compiler@D3DXShader@@AAAPAVCNodeType@2@W4_D3DCOMPONENT_TYPE@2@II@Z	0x60	0x82D54F90
xgraphics	import.cpp	?ApplyBranchAttributes@Compiler@D3DXShader@@AAAXPAVInstruction@2@PAUCommittedAttributeState@2@@Z	0x160	0x82D54FF0
xgraphics	import.cpp	?PrepareFunctionEntryBlock@Compiler@D3DXShader@@AAAXPAVBlock@2@PAUFunction@2@@Z	0xAC	0x82D55150
xgraphics	import.cpp	?AddFunctionExitAnnotation@Compiler@D3DXShader@@AAAXPAVInstruction@2@PAUFunction@2@@Z	0xCC	0x82D55200
xgraphics	import.cpp	?GetScalarDependency@Compiler@D3DXShader@@QAAPAVDependency@2@PAV32@W4Component@2@@Z	0xB0	0x82D552D0
xgraphics	import.cpp	??1CNodeListWalker@D3DXShader@@QAA@XZ	0x1C	0x82D55380
xgraphics	import.cpp	?GenerateSubroutineReturn@Compiler@D3DXShader@@AAAPAVInstruction@2@PAVBlock@2@@Z	0x94	0x82D553A0
xgraphics	import.cpp	?GetComponentFromResult@Compiler@D3DXShader@@AAA?AW4Component@2@PAVResult@2@@Z	0xD0	0x82D55438
xgraphics	import.cpp	?MergeDependencies@Compiler@D3DXShader@@QAAPAVDependency@2@PAV32@W4Component@2@010101@Z	0x10C	0x82D55508
xgraphics	import.cpp	?MergeInstructions@Compiler@D3DXShader@@QAAPAVDependency@2@PAVInstruction@2@W4Component@2@010101@Z	0xA8	0x82D55618
xgraphics	import.cpp	?IsolateComputation@Compiler@D3DXShader@@QAAPAVInstruction@2@PAVDependency@2@@Z	0x84	0x82D556C0
xgraphics	import.cpp	?SkipForward@?$ArrayListEnumerator@VResult@D3DXShader@@$1?AllocInContext@CompilerHeap@2@SAPAXPAXK@Z$1?FreeInContext@42@SAX00K@Z@D3DXShader@@QAAXI@Z	0x6C	0x82D55748
xgraphics	import.cpp	?AllocAlignedFunctionMem@Compiler@D3DXShader@@QAAPAXKW4CompilerHeapStructTypes@2@@Z	0xB0	0x82D557B8
xgraphics	import.cpp	?CreateBlock@Compiler@D3DXShader@@AAAPAVBlock@2@XZ	0xE4	0x82D55868
xgraphics	import.cpp	?CreateSubEntryBlock@Compiler@D3DXShader@@AAAPAVBlock@2@PAUFunction@2@@Z	0xE8	0x82D55950
xgraphics	import.cpp	?MakeInstr_V_ADD@Compiler@D3DXShader@@QAAPAVInstruction@2@PAVDependency@2@0@Z	0xEC	0x82D55A38
xgraphics	import.cpp	?MakeInstr_V_MUL@Compiler@D3DXShader@@QAAPAVInstruction@2@PAVDependency@2@0@Z	0xEC	0x82D55B28
xgraphics	import.cpp	?MakeInstr_V_MAX@Compiler@D3DXShader@@QAAPAVInstruction@2@PAVDependency@2@0@Z	0xEC	0x82D55C18
xgraphics	import.cpp	?MakeInstr_V_MIN@Compiler@D3DXShader@@QAAPAVInstruction@2@PAVDependency@2@0@Z	0xEC	0x82D55D08
xgraphics	import.cpp	?MakeInstr_V_SETE@Compiler@D3DXShader@@QAAPAVInstruction@2@PAVDependency@2@0@Z	0xEC	0x82D55DF8
xgraphics	import.cpp	?MakeInstr_V_SETGT@Compiler@D3DXShader@@QAAPAVInstruction@2@PAVDependency@2@0@Z	0xEC	0x82D55EE8
xgraphics	import.cpp	?MakeInstr_V_SETGE@Compiler@D3DXShader@@QAAPAVInstruction@2@PAVDependency@2@0@Z	0xEC	0x82D55FD8
xgraphics	import.cpp	?MakeInstr_V_SETNE@Compiler@D3DXShader@@QAAPAVInstruction@2@PAVDependency@2@0@Z	0xEC	0x82D560C8
xgraphics	import.cpp	?MakeInstr_V_FRACT@Compiler@D3DXShader@@QAAPAVInstruction@2@PAVDependency@2@@Z	0xBC	0x82D561B8
xgraphics	import.cpp	?MakeInstr_V_TRUNC@Compiler@D3DXShader@@QAAPAVInstruction@2@PAVDependency@2@@Z	0xBC	0x82D56278
xgraphics	import.cpp	?MakeInstr_V_FLOOR@Compiler@D3DXShader@@QAAPAVInstruction@2@PAVDependency@2@@Z	0xBC	0x82D56338
xgraphics	import.cpp	?MakeInstr_V_CNDE@Compiler@D3DXShader@@QAAPAVInstruction@2@PAVDependency@2@00@Z	0x11C	0x82D563F8
xgraphics	import.cpp	?MakeInstr_V_DOT4@Compiler@D3DXShader@@QAAPAVInstruction@2@PAVDependency@2@0@Z	0xE4	0x82D56518
xgraphics	import.cpp	?MakeInstr_V_CUBE@Compiler@D3DXShader@@QAAPAVInstruction@2@PAVDependency@2@0@Z	0xD4	0x82D56600
xgraphics	import.cpp	?MakeInstr_V_MAX4@Compiler@D3DXShader@@QAAPAVInstruction@2@PAVDependency@2@@Z	0xB4	0x82D566D8
xgraphics	import.cpp	?MakeInstr_V_KILLGT@Compiler@D3DXShader@@QAAPAVInstruction@2@PAVDependency@2@0@Z	0xEC	0x82D56790
xgraphics	import.cpp	?MakeInstr_V_DST@Compiler@D3DXShader@@QAAPAVInstruction@2@PAVDependency@2@0@Z	0xD4	0x82D56880
xgraphics	import.cpp	?MakeInstr_V_MAXA@Compiler@D3DXShader@@QAAPAVInstruction@2@PAVDependency@2@0@Z	0xD4	0x82D56958
xgraphics	import.cpp	?MakeInstr_S_EXP_IEEE@Compiler@D3DXShader@@QAAPAVInstruction@2@PAVDependency@2@@Z	0xA4	0x82D56A30
xgraphics	import.cpp	?MakeInstr_S_RECIP_IEEE@Compiler@D3DXShader@@QAAPAVInstruction@2@PAVDependency@2@@Z	0xA4	0x82D56AD8
xgraphics	import.cpp	?MakeInstr_S_MAXA@Compiler@D3DXShader@@QAAPAVInstruction@2@PAVDependency@2@@Z	0xA4	0x82D56B80
xgraphics	import.cpp	?MakeInstr_S_SQRT_IEEE@Compiler@D3DXShader@@QAAPAVInstruction@2@PAVDependency@2@@Z	0xA4	0x82D56C28
xgraphics	import.cpp	?MakeInstr_S_SIN@Compiler@D3DXShader@@QAAPAVInstruction@2@PAVDependency@2@@Z	0xA4	0x82D56CD0
xgraphics	import.cpp	?MakeInstr_S_COS@Compiler@D3DXShader@@QAAPAVInstruction@2@PAVDependency@2@@Z	0xA4	0x82D56D78
xgraphics	import.cpp	?MakeInstr_T_SET_TEX_LOD@Compiler@D3DXShader@@QAAPAVInstruction@2@PAVDependency@2@@Z	0xA4	0x82D56E20
xgraphics	import.cpp	?MakeInstr_T_GET_GRADIENTS@Compiler@D3DXShader@@QAAPAVInstruction@2@PAVDependency@2@0@Z	0xD4	0x82D56EC8
xgraphics	import.cpp	?MakeInstr_T_SET_GRADIENTS_H@Compiler@D3DXShader@@QAAPAVInstruction@2@PAVDependency@2@@Z	0xA4	0x82D56FA0
xgraphics	import.cpp	?MakeInstr_T_SET_GRADIENTS_V@Compiler@D3DXShader@@QAAPAVInstruction@2@PAVDependency@2@@Z	0xA4	0x82D57048
xgraphics	import.cpp	?MakeInstr_V_ADD@Compiler@D3DXShader@@QAAPAVInstruction@2@PAV32@PAVDependency@2@@Z	0xDC	0x82D570F0
xgraphics	import.cpp	?MakeInstr_V_MUL@Compiler@D3DXShader@@QAAPAVInstruction@2@PAV32@PAVDependency@2@@Z	0xDC	0x82D571D0
xgraphics	import.cpp	?MakeInstr_V_MIN@Compiler@D3DXShader@@QAAPAVInstruction@2@PAV32@PAVDependency@2@@Z	0xDC	0x82D572B0
xgraphics	import.cpp	?MakeInstr_V_SETE@Compiler@D3DXShader@@QAAPAVInstruction@2@PAV32@PAVDependency@2@@Z	0xDC	0x82D57390
xgraphics	import.cpp	?MakeInstr_V_SETGE@Compiler@D3DXShader@@QAAPAVInstruction@2@PAV32@PAVDependency@2@@Z	0xDC	0x82D57470
xgraphics	import.cpp	?MakeInstr_V_FRACT@Compiler@D3DXShader@@QAAPAVInstruction@2@PAV32@@Z	0xA8	0x82D57550
xgraphics	import.cpp	?MakeInstr_S_EXP_IEEE@Compiler@D3DXShader@@QAAPAVInstruction@2@PAV32@@Z	0x94	0x82D575F8
xgraphics	import.cpp	?MakeInstr_S_LOG_IEEE@Compiler@D3DXShader@@QAAPAVInstruction@2@PAV32@@Z	0x94	0x82D57690
xgraphics	import.cpp	?MakeInstr_S_RECIP_IEEE@Compiler@D3DXShader@@QAAPAVInstruction@2@PAV32@@Z	0x94	0x82D57728
xgraphics	import.cpp	?MakeInstr_S_RECIPSQRT_IEEE@Compiler@D3DXShader@@QAAPAVInstruction@2@PAV32@@Z	0x94	0x82D577C0
xgraphics	import.cpp	?MakeInstr_S_SQRT_IEEE@Compiler@D3DXShader@@QAAPAVInstruction@2@PAV32@@Z	0x94	0x82D57858
xgraphics	import.cpp	?MakeInstr_V_ADD@Compiler@D3DXShader@@QAAPAVInstruction@2@PAVDependency@2@PAV32@@Z	0xDC	0x82D578F0
xgraphics	import.cpp	?MakeInstr_V_MUL@Compiler@D3DXShader@@QAAPAVInstruction@2@PAVDependency@2@PAV32@@Z	0xDC	0x82D579D0
xgraphics	import.cpp	?MakeInstr_V_SETGT@Compiler@D3DXShader@@QAAPAVInstruction@2@PAVDependency@2@PAV32@@Z	0xDC	0x82D57AB0
xgraphics	import.cpp	?MakeInstr_V_SETGE@Compiler@D3DXShader@@QAAPAVInstruction@2@PAVDependency@2@PAV32@@Z	0xDC	0x82D57B90
xgraphics	import.cpp	?MakeInstr_V_DOT3@Compiler@D3DXShader@@QAAPAVInstruction@2@PAVDependency@2@PAV32@@Z	0xD4	0x82D57C70
xgraphics	import.cpp	?MakeInstr_V_ADD@Compiler@D3DXShader@@QAAPAVInstruction@2@PAV32@0@Z	0xCC	0x82D57D48
xgraphics	import.cpp	?MakeInstr_V_MUL@Compiler@D3DXShader@@QAAPAVInstruction@2@PAV32@0@Z	0xCC	0x82D57E18
xgraphics	import.cpp	?MakeInstr_V_SETE@Compiler@D3DXShader@@QAAPAVInstruction@2@PAV32@0@Z	0xCC	0x82D57EE8
xgraphics	import.cpp	?MakeInstr_V_CNDGE@Compiler@D3DXShader@@QAAPAVInstruction@2@PAV32@0PAVDependency@2@@Z	0xFC	0x82D57FB8
xgraphics	import.cpp	?MakeInstr_V_ADD@Compiler@D3DXShader@@QAAPAVInstruction@2@VResult@2@0@Z	0xE4	0x82D580B8
xgraphics	import.cpp	?MakeInstr_V_CNDE@Compiler@D3DXShader@@QAAPAVInstruction@2@PAVDependency@2@VResult@2@1@Z	0xFC	0x82D581A0
xgraphics	import.cpp	?GetOrCreateVariableDefs@Block@D3DXShader@@QAAPAVResult@2@IPAVCompiler@2@@Z	0x84	0x82D582A0
xgraphics	import.cpp	?CreateRegisterNode@Compiler@D3DXShader@@AAAPAVCNodeRegister@2@DI@Z	0x88	0x82D58328
xgraphics	import.cpp	?CreateSemanticNode@Compiler@D3DXShader@@AAAPAVCNodeToken@2@KK@Z	0xAC	0x82D583B0
xgraphics	import.cpp	?ParseExportSemantic@Compiler@D3DXShader@@AAAIIIPBDII_N@Z	0x3E8	0x82D58460
xgraphics	import.cpp	?CreateMicrocodeVariableDeclaration@Compiler@D3DXShader@@AAAPAVCNodeDecl@2@PBDIIW4_D3DCOMPONENT_TYPE@2@IIPAPAVCNode@2@@Z	0x1B4	0x82D58848
xgraphics	import.cpp	?ImportMicrocodeInputVariable@Compiler@D3DXShader@@AAAXPBDIKKPAPAVCNode@2@1@Z	0x100	0x82D58A00
xgraphics	import.cpp	?ImportMicrocodeOutputVariable@Compiler@D3DXShader@@AAAXPBDIKKKPAPAVCNode@2@@Z	0xCC	0x82D58B00
xgraphics	import.cpp	?RecordLexicalScopeMapping@Compiler@D3DXShader@@AAAXXZ	0xAC	0x82D58BD0
xgraphics	import.cpp	?GenerateArrayLoad@Compiler@D3DXShader@@AAAPAVInstruction@2@PAUIndexedResult@2@VResult@2@I@Z	0x238	0x82D58C80
xgraphics	import.cpp	?MoveVariableDefinitionsFromBlock_SkipOutputs@Compiler@D3DXShader@@AAAXPAVBlock@2@0PAVCNodeFunction@2@PAV12@@Z	0x218	0x82D58EB8
xgraphics	import.cpp	merged_82D590D0	0x9C	0x82D590D0
xgraphics	import.cpp	?RemoveLast@?$ArrayList@VResult@D3DXShader@@$1?AllocInContext@CompilerHeap@2@SAPAXPAXK@Z$1?FreeInContext@42@SAX00K@Z@D3DXShader@@QAA?AVResult@2@I@Z	0xF0	0x82D59170
xgraphics	import.cpp	?SkipBackward@?$ArrayListEnumerator@VResult@D3DXShader@@$1?AllocInContext@CompilerHeap@2@SAPAXPAXK@Z$1?FreeInContext@42@SAX00K@Z@D3DXShader@@QAAXI@Z	0x6C	0x82D59260
xgraphics	import.cpp	?PeekPrev@?$ArrayListEnumerator@UParseStackEntry@ParseStack@D3DXShader@@$1?AllocInContext@CompilerHeap@3@SAPAXPAXK@Z$1?FreeInContext@53@SAX00K@Z@D3DXShader@@QAAPAUParseStackEntry@ParseStack@2@XZ	0x58	0x82D592D0
xgraphics	import.cpp	merged_82D59328	0x5C	0x82D59328
xgraphics	import.cpp	?GetPrev@?$ArrayListEnumerator@ULexicalScope@D3DXShader@@$1?AllocInContext@CompilerHeap@2@SAPAXPAXK@Z$1?FreeInContext@42@SAX00K@Z@D3DXShader@@QAAPAULexicalScope@2@XZ	0x5C	0x82D59388
xgraphics	import.cpp	?GetSpaceWorker@?$ArrayList@UContainerState@ComponentTypeEnumerator@D3DXShader@@$1?AllocInContext@CompilerHeap@3@SAPAXPAXK@Z$1?FreeInContext@53@SAX00K@Z@D3DXShader@@AAAPAUArrayListEntry@12@I@Z	0x84	0x82D593E8
xgraphics	import.cpp	merged_82D59470	0x84	0x82D59470
xgraphics	import.cpp	?GetSpaceWorker@?$ArrayList@ULexicalScope@D3DXShader@@$1?AllocInContext@CompilerHeap@2@SAPAXPAXK@Z$1?FreeInContext@42@SAX00K@Z@D3DXShader@@AAAPAUArrayListEntry@12@I@Z	0x84	0x82D594F8
xgraphics	import.cpp	merged_82D59580	0x84	0x82D59580
xgraphics	import.cpp	?StartNewIsolationGroup@Compiler@D3DXShader@@AAAXXZ	0x5C	0x82D59608
xgraphics	import.cpp	?Abs@Compiler@D3DXShader@@QAAPAVDependency@2@PAV32@@Z	0x64	0x82D59668
xgraphics	import.cpp	?GetNthResult@ResultStackEnumerator@D3DXShader@@QAAPAVResult@2@I@Z	0x40	0x82D596D0
xgraphics	import.cpp	?ReplaceResult@ResultStackEnumerator@D3DXShader@@QAAXPAVInstruction@2@I@Z	0x50	0x82D59710
xgraphics	import.cpp	?ReplaceResult@ResultStackEnumerator@D3DXShader@@QAAXPAVDependency@2@I@Z	0x50	0x82D59760
xgraphics	import.cpp	?ReplaceResults@ResultStackEnumerator@D3DXShader@@QAAXIPAVInstruction@2@@Z	0x58	0x82D597B0
xgraphics	import.cpp	?ReplaceResults@ResultStackEnumerator@D3DXShader@@QAAXIPAVDependency@2@@Z	0x58	0x82D59808
xgraphics	import.cpp	?ParseExportSemantic@Compiler@D3DXShader@@AAAIPAVCNode@2@II_N@Z	0xB4	0x82D59860
xgraphics	import.cpp	?ImportASMLiteralsCallback@Compiler@D3DXShader@@CAJPAXKKKPBX@Z	0x1FC	0x82D59918
xgraphics	import.cpp	?GetInstructionFromResult@Compiler@D3DXShader@@AAAPAVInstruction@2@PAVResult@2@@Z	0xFC	0x82D59B18
xgraphics	import.cpp	?GetDependencyFromResult@Compiler@D3DXShader@@AAAPAVDependency@2@PAVResult@2@@Z	0x1A0	0x82D59C18
xgraphics	import.cpp	?GetMergedDependency@Compiler@D3DXShader@@AAAPAVDependency@2@PAVResultStackEnumerator@2@I_N1@Z	0x228	0x82D59DB8
xgraphics	import.cpp	?PeekMergedDependency@Compiler@D3DXShader@@AAAPAVDependency@2@PAVResultStackEnumerator@2@II@Z	0x84	0x82D59FE0
xgraphics	import.cpp	?ConvertToRVal@Compiler@D3DXShader@@AAAXPAVResult@2@@Z	0x218	0x82D5A068
xgraphics	import.cpp	?Get@MatrixAccessor@D3DXShader@@QAAPAVResult@2@II@Z	0x50	0x82D5A280
xgraphics	import.cpp	?RemoveNext@?$ArrayListEnumerator@UAttributeState@D3DXShader@@$1?AllocInContext@CompilerHeap@2@SAPAXPAXK@Z$1?FreeInContext@42@SAX00K@Z@D3DXShader@@QAAXXZ	0x154	0x82D5A2D0
xgraphics	import.cpp	merged_82D5A428	0x40	0x82D5A428
xgraphics	import.cpp	?GoToTop@?$StackEnumerator@ULexicalScope@D3DXShader@@$1?AllocInContext@CompilerHeap@2@SAPAXPAXK@Z$1?FreeInContext@42@SAX00K@Z@D3DXShader@@QAAXXZ	0x44	0x82D5A468
xgraphics	import.cpp	?Negate@Compiler@D3DXShader@@QAAPAVDependency@2@VResult@2@@Z	0x40	0x82D5A4B0
xgraphics	import.cpp	?Abs@Compiler@D3DXShader@@QAAPAVDependency@2@VResult@2@@Z	0x40	0x82D5A4F0
xgraphics	import.cpp	?MakeInstr_V_ADD@Compiler@D3DXShader@@QAAPAVInstruction@2@VResult@2@PAVDependency@2@@Z	0xDC	0x82D5A530
xgraphics	import.cpp	?MakeInstr_V_MUL@Compiler@D3DXShader@@QAAPAVInstruction@2@VResult@2@PAVDependency@2@@Z	0xDC	0x82D5A610
xgraphics	import.cpp	?MakeInstr_V_SETGT@Compiler@D3DXShader@@QAAPAVInstruction@2@VResult@2@PAVDependency@2@@Z	0xDC	0x82D5A6F0
xgraphics	import.cpp	?MakeInstr_S_LOG_IEEE@Compiler@D3DXShader@@QAAPAVInstruction@2@VResult@2@@Z	0xAC	0x82D5A7D0
xgraphics	import.cpp	?MakeInstr_S_PRED_SETNE@Compiler@D3DXShader@@QAAPAVInstruction@2@VResult@2@@Z	0xAC	0x82D5A880
xgraphics	import.cpp	?MakeInstr_V_ADD@Compiler@D3DXShader@@QAAPAVInstruction@2@PAVResult@2@PAVDependency@2@@Z	0xDC	0x82D5A930
xgraphics	import.cpp	?MakeInstr_V_FRACT@Compiler@D3DXShader@@QAAPAVInstruction@2@PAVResult@2@@Z	0xA8	0x82D5AA10
xgraphics	import.cpp	?MakeInstr_S_EXP_IEEE@Compiler@D3DXShader@@QAAPAVInstruction@2@PAVResult@2@@Z	0x94	0x82D5AAB8
xgraphics	import.cpp	?MakeInstr_S_LOG_IEEE@Compiler@D3DXShader@@QAAPAVInstruction@2@PAVResult@2@@Z	0x94	0x82D5AB50
xgraphics	import.cpp	?MakeInstr_S_RECIP_IEEE@Compiler@D3DXShader@@QAAPAVInstruction@2@PAVResult@2@@Z	0x94	0x82D5ABE8
xgraphics	import.cpp	?MakeInstr_S_PRED_SETNE@Compiler@D3DXShader@@QAAPAVInstruction@2@W4PlacementMethod@12@PAV32@PAVResult@2@@Z	0x74	0x82D5AC80
xgraphics	import.cpp	?MakeInstr_T_TFETCH@Compiler@D3DXShader@@QAAPAVInstruction@2@PAVResult@2@PAVDependency@2@@Z	0xC4	0x82D5ACF8
xgraphics	import.cpp	?MakeInstr_V_MUL@Compiler@D3DXShader@@QAAPAVInstruction@2@VResult@2@PAV32@@Z	0xCC	0x82D5ADC0
xgraphics	import.cpp	?MakeInstr_V_MUL@Compiler@D3DXShader@@QAAPAVInstruction@2@PAVResult@2@PAV32@@Z	0xCC	0x82D5AE90
xgraphics	import.cpp	?MakeInstr_V_ADD@Compiler@D3DXShader@@QAAPAVInstruction@2@PAVDependency@2@VResult@2@@Z	0xDC	0x82D5AF60
xgraphics	import.cpp	?MakeInstr_V_MUL@Compiler@D3DXShader@@QAAPAVInstruction@2@PAVDependency@2@VResult@2@@Z	0xDC	0x82D5B040
xgraphics	import.cpp	?MakeInstr_V_SETE@Compiler@D3DXShader@@QAAPAVInstruction@2@PAVDependency@2@VResult@2@@Z	0xDC	0x82D5B120
xgraphics	import.cpp	?MakeInstr_V_SETGT@Compiler@D3DXShader@@QAAPAVInstruction@2@PAVDependency@2@VResult@2@@Z	0xDC	0x82D5B200
xgraphics	import.cpp	?MakeInstr_V_ADD@Compiler@D3DXShader@@QAAPAVInstruction@2@PAV32@VResult@2@@Z	0xCC	0x82D5B2E0
xgraphics	import.cpp	?MakeInstr_V_MUL@Compiler@D3DXShader@@QAAPAVInstruction@2@PAV32@VResult@2@@Z	0xCC	0x82D5B3B0
xgraphics	import.cpp	?MakeInstr_V_SETGE@Compiler@D3DXShader@@QAAPAVInstruction@2@PAV32@VResult@2@@Z	0xCC	0x82D5B480
xgraphics	import.cpp	?MakeInstr_V_MUL@Compiler@D3DXShader@@QAAPAVInstruction@2@VResult@2@0@Z	0xE4	0x82D5B550
xgraphics	import.cpp	?MakeInstr_V_MAX@Compiler@D3DXShader@@QAAPAVInstruction@2@PAVDependency@2@PAVResult@2@@Z	0xDC	0x82D5B638
xgraphics	import.cpp	?MakeInstr_V_SETGT@Compiler@D3DXShader@@QAAPAVInstruction@2@PAVDependency@2@PAVResult@2@@Z	0xDC	0x82D5B718
xgraphics	import.cpp	?MakeInstr_V_ADD@Compiler@D3DXShader@@QAAPAVInstruction@2@PAV32@PAVResult@2@@Z	0xCC	0x82D5B7F8
xgraphics	import.cpp	?MakeInstr_V_MUL@Compiler@D3DXShader@@QAAPAVInstruction@2@PAV32@PAVResult@2@@Z	0xCC	0x82D5B8C8
xgraphics	import.cpp	?MakeInstr_V_MUL@Compiler@D3DXShader@@QAAPAVInstruction@2@PAVResult@2@0@Z	0xCC	0x82D5B998
xgraphics	import.cpp	?MakeInstr_V_MAX@Compiler@D3DXShader@@QAAPAVInstruction@2@PAVResult@2@0@Z	0xCC	0x82D5BA68
xgraphics	import.cpp	?MakeInstr_V_MIN@Compiler@D3DXShader@@QAAPAVInstruction@2@PAVResult@2@0@Z	0xCC	0x82D5BB38
xgraphics	import.cpp	?MakeInstr_V_CNDGE@Compiler@D3DXShader@@QAAPAVInstruction@2@PAVDependency@2@VResult@2@1@Z	0xFC	0x82D5BC08
xgraphics	import.cpp	?MakeInstr_V_CNDE@Compiler@D3DXShader@@QAAPAVInstruction@2@PAV32@VResult@2@1@Z	0xEC	0x82D5BD08
xgraphics	import.cpp	?MakeInstr_V_CNDGE@Compiler@D3DXShader@@QAAPAVInstruction@2@PAVResult@2@V42@1@Z	0xEC	0x82D5BDF8
xgraphics	import.cpp	?Pop@ResultStack@D3DXShader@@QAA?AVResult@2@XZ	0xB0	0x82D5BEE8
xgraphics	import.cpp	?SetDepth@ResultStackEnumerator@D3DXShader@@QAAXI@Z	0x44	0x82D5BF98
xgraphics	import.cpp	?AdvanceToNextField@ComponentTypeEnumerator@D3DXShader@@AAAPAVCNode@2@XZ	0x108	0x82D5BFE0
xgraphics	import.cpp	?Pop@ParseStack@D3DXShader@@QAAPAVCNode@2@PAW4ParseStackEntryType@12@@Z	0xEC	0x82D5C0E8
xgraphics	import.cpp	?LeaveIsolateScope@Compiler@D3DXShader@@AAAPAVBlock@2@XZ	0xE4	0x82D5C1D8
xgraphics	import.cpp	?GenerateAssert@Compiler@D3DXShader@@AAAXPAVResult@2@PAVCNode@2@@Z	0x42C	0x82D5C2C0
xgraphics	import.cpp	?ImportVariableInitialValue@Compiler@D3DXShader@@AAAXPAVResultStack@2@IPAVCNode@2@@Z	0x174	0x82D5C6F0
xgraphics	import.cpp	?SwapResultStackRanges@Compiler@D3DXShader@@AAAXPAVResultStackEnumerator@2@I0I@Z	0x1A8	0x82D5C868
xgraphics	import.cpp	?GenerateSumOfProducts@Compiler@D3DXShader@@AAAPAVInstruction@2@PAVResultStackEnumerator@2@0I@Z	0x1B0	0x82D5CA10
xgraphics	import.cpp	?GenerateTextureLookup@Compiler@D3DXShader@@AAAPAVInstruction@2@PAVResult@2@PAVDependency@2@I_NW4TextureLookupSuffix@2@PAV32@111@Z	0x72C	0x82D5CBC0
xgraphics	import.cpp	?GenerateArrayStore@Compiler@D3DXShader@@AAAXPAUIndexedResult@2@VResult@2@I1@Z	0x1D4	0x82D5D2F0
xgraphics	import.cpp	?GenerateArrayVariableLoad@Compiler@D3DXShader@@AAA_NPAVResultStackEnumerator@2@VResult@2@III@Z	0x520	0x82D5D4C8
xgraphics	import.cpp	?GenerateTrigOp@Compiler@D3DXShader@@AAAPAVInstruction@2@PAVResult@2@W4_D3DINTRINSIC_OP@2@@Z	0x1C0	0x82D5D9E8
xgraphics	import.cpp	??0ResultStackEnumerator@D3DXShader@@QAA@PAVResultStack@1@I@Z	0x48	0x82D5DBA8
xgraphics	import.cpp	?Mark@ParseStack@D3DXShader@@QAAXPAUPosition@?$StackEnumerator@PAVCNode@D3DXShader@@$1?AllocInContext@CompilerHeap@2@SAPAXPAXK@Z$1?FreeInContext@42@SAX00K@Z@2@@Z	0x6C	0x82D5DBF0
xgraphics	import.cpp	?ApplyAttributeNode@Compiler@D3DXShader@@AAAXPAV?$ArrayList@UAttributeState@D3DXShader@@$1?AllocInContext@CompilerHeap@2@SAPAXPAXK@Z$1?FreeInContext@42@SAX00K@Z@2@PAVCNodeAttribute@2@@Z	0x278	0x82D5DC60
xgraphics	import.cpp	?PeekAttributeState@Compiler@D3DXShader@@AAAXPAV?$ArrayList@UAttributeState@D3DXShader@@$1?AllocInContext@CompilerHeap@2@SAPAXPAXK@Z$1?FreeInContext@42@SAX00K@Z@2@@Z	0x150	0x82D5DED8
xgraphics	import.cpp	?ImportParameterInitialValues@Compiler@D3DXShader@@AAAXPAUFunction@2@PAVCNode@2@PAVResultStack@2@@Z	0x110	0x82D5E028
xgraphics	import.cpp	?ConvertToRVals@Compiler@D3DXShader@@AAAXPAVResultStack@2@I@Z	0x6C	0x82D5E138
xgraphics	import.cpp	?GenerateSumOfSquares@Compiler@D3DXShader@@AAAPAVInstruction@2@PAVResultStack@2@I@Z	0x60	0x82D5E1A8
xgraphics	import.cpp	?GenerateDotProduct@Compiler@D3DXShader@@AAAPAVInstruction@2@PAVResultStack@2@I@Z	0x60	0x82D5E208
xgraphics	import.cpp	?AssignLValResult@Compiler@D3DXShader@@AAAXPAVResult@2@V32@@Z	0x248	0x82D5E268
xgraphics	import.cpp	?Push@?$Stack@ULexicalScope@D3DXShader@@$1?AllocInContext@CompilerHeap@2@SAPAXPAXK@Z$1?FreeInContext@42@SAX00K@Z@D3DXShader@@QAAPAULexicalScope@2@XZ	0x70	0x82D5E4B0
xgraphics	import.cpp	merged_82D5E520	0x70	0x82D5E520
xgraphics	import.cpp	?Push@ResultStack@D3DXShader@@QAAXVResult@2@@Z	0x7C	0x82D5E590
xgraphics	import.cpp	??0CNodeListWalker@D3DXShader@@QAA@PAVCNode@1@PAVCompiler@1@@Z	0xC0	0x82D5E610
xgraphics	import.cpp	?GetNext@CNodeListWalker@D3DXShader@@QAAPAVCNode@2@XZ	0x13C	0x82D5E6D0
xgraphics	import.cpp	?Reset@CNodeListWalker@D3DXShader@@QAAXPAVCNode@2@@Z	0x94	0x82D5E810
xgraphics	import.cpp	?IsDefaultCaseStatement@Compiler@D3DXShader@@AAA_NPAVCNodeStatement@2@@Z	0xAC	0x82D5E8A8
xgraphics	import.cpp	?StartNewNode@ComponentTypeEnumerator@D3DXShader@@AAA_NPAVCNode@2@@Z	0x2E4	0x82D5E958
xgraphics	import.cpp	?FindNextField@ComponentTypeEnumerator@D3DXShader@@AAA_NXZ	0x58	0x82D5EC40
xgraphics	import.cpp	?GetNextComponentType@ComponentTypeEnumerator@D3DXShader@@QAA?AW4_D3DCOMPONENT_TYPE@2@XZ	0x70	0x82D5EC98
xgraphics	import.cpp	merged_82D5ED08	0x80	0x82D5ED08
xgraphics	import.cpp	?PushLVal@ParseStack@D3DXShader@@QAAXPAVCNode@2@@Z	0x80	0x82D5ED88
xgraphics	import.cpp	?PushReduction@ParseStack@D3DXShader@@QAAXPAVCNode@2@_N@Z	0x90	0x82D5EE08
xgraphics	import.cpp	?Push@ParseStack@D3DXShader@@QAAXPAVCNode@2@W4ParseStackEntryType@12@@Z	0x7C	0x82D5EE98
xgraphics	import.cpp	?EnterIsolateScope@Compiler@D3DXShader@@AAAXPAPAVBlock@2@@Z	0x110	0x82D5EF18
xgraphics	import.cpp	?PushAttributeState@Compiler@D3DXShader@@AAAXXZ	0x128	0x82D5F028
xgraphics	import.cpp	?GenerateDebugPrint@Compiler@D3DXShader@@AAAXPAVResultStack@2@PAVCNodeExpression@2@_N@Z	0x8BC	0x82D5F150
xgraphics	import.cpp	?MarkVariableAssignments@Compiler@D3DXShader@@AAAXPAVCNode@2@PAV?$Stack@PAVCNode@D3DXShader@@$1?AllocInContext@CompilerHeap@2@SAPAXPAXK@Z$1?FreeInContext@42@SAX00K@Z@2@@Z	0x384	0x82D5FA10
xgraphics	import.cpp	?PushList@Compiler@D3DXShader@@AAAPAVCNode@2@PAVParseStack@2@PAV32@_NI2@Z	0x230	0x82D5FD98
xgraphics	import.cpp	?PushVariable@Compiler@D3DXShader@@AAAXPAVResultStack@2@IPAVResult@2@II_N@Z	0x118	0x82D5FFC8
xgraphics	import.cpp	?PushVariableRegister@Compiler@D3DXShader@@AAAIPAVResultStack@2@III_N@Z	0x140	0x82D600E0
xgraphics	import.cpp	?PushInstruction@Compiler@D3DXShader@@AAAXPAVResultStack@2@PAVInstruction@2@I@Z	0x40	0x82D60220
xgraphics	import.cpp	?PushRangeOfResults@Compiler@D3DXShader@@AAAXPAVResultStack@2@PAVResultStackEnumerator@2@I@Z	0x58	0x82D60260
xgraphics	import.cpp	?PushTextureLookup@Compiler@D3DXShader@@AAAXPAVResultStack@2@PAVCNodeExpression@2@I_N2W4TextureLookupSuffix@2@@Z	0x3C8	0x82D602B8
xgraphics	import.cpp	?AnyTypesRequireConversion@Compiler@D3DXShader@@AAA_NPAVCNode@2@@Z	0xFC	0x82D60680
xgraphics	import.cpp	?CollectUnresolvedOptions@Compiler@D3DXShader@@AAAXPAVResultStack@2@PAVCNodeUAsmInstruction@2@PAVInstruction@2@PAPAUUnresolvedUAsmOptions@2@@Z	0x23C	0x82D60780
xgraphics	import.cpp	?CommitAttributes@Compiler@D3DXShader@@AAAXPAV?$ArrayList@UAttributeState@D3DXShader@@$1?AllocInContext@CompilerHeap@2@SAPAXPAXK@Z$1?FreeInContext@42@SAX00K@Z@2@IIW4_D3DSCOPE_TYPE@2@PAPAVCNode@2@PAPAVBlock@2@PAUCommittedAttributeState@2@@Z	0x634	0x82D609C0
xgraphics	import.cpp	?CommitVariableAttributes@Compiler@D3DXShader@@AAAXPAUVariable@2@KPAVCNode@2@W4_D3DSCOPE_TYPE@2@2@Z	0x1A0	0x82D60FF8
xgraphics	import.cpp	?ExportVariable@Compiler@D3DXShader@@AAAXPAVResultStack@2@IPAVCNode@2@PAVInstruction@2@@Z	0x450	0x82D61198
xgraphics	import.cpp	?ExportOutParameters@Compiler@D3DXShader@@AAAXPAVCNodeFunction@2@PAVResultStack@2@PAVInstruction@2@@Z	0xD4	0x82D615E8
xgraphics	import.cpp	?GenerateShaderExit@Compiler@D3DXShader@@AAAPAVInstruction@2@PAUFunction@2@PAVResultStack@2@@Z	0x118	0x82D616C0
xgraphics	import.cpp	?CastNonFloatTypes@Compiler@D3DXShader@@AAAXPAVCNode@2@PAVResultStack@2@I@Z	0x770	0x82D617D8
xgraphics	import.cpp	?ImportVariableTypeInfo@Compiler@D3DXShader@@AAAXPAUVariable@2@KPAVCNode@2@W4_D3DSCOPE_TYPE@2@@Z	0xE0	0x82D61F48
xgraphics	import.cpp	?ImportReturnValue@Compiler@D3DXShader@@AAAXPAVCNodeFunction@2@W4VariableKind@2@PAVCNodeDecl@2@@Z	0x1C0	0x82D62028
xgraphics	import.cpp	?ImportVariableInfo@Compiler@D3DXShader@@AAAXIPAVCNodeDecl@2@PAVCNodeVariable@2@W4_D3DSCOPE_TYPE@2@PAUFunction@2@@Z	0x16C	0x82D621E8
xgraphics	import.cpp	?ImportGlobalVariable@Compiler@D3DXShader@@AAAPAUVariable@2@PAVCNodeDecl@2@@Z	0x15C	0x82D62358
xgraphics	import.cpp	?ImportParameters@Compiler@D3DXShader@@AAAXPAUFunction@2@W4VariableKind@2@_NPAVResultStack@2@@Z	0x504	0x82D624B8
xgraphics	import.cpp	?ImportVariableDeclaration@Compiler@D3DXShader@@AAAXPAVCNodeDecl@2@PAVResultStack@2@@Z	0x124	0x82D629C0
xgraphics	import.cpp	?ImportExpression@Compiler@D3DXShader@@AAAPAVDependency@2@PAVResultStack@2@PAVCNode@2@W4ExpressionUseType@12@@Z	0x96B0	0x82D62AE8
xgraphics	import.cpp	?PrepareToImportInlineMicrocode@Compiler@D3DXShader@@AAAXXZ	0x144	0x82D6C198
xgraphics	import.cpp	?PrepareBranchAttributes@Compiler@D3DXShader@@AAAXPAVResultStack@2@PAUCommittedAttributeState@2@@Z	0x58	0x82D6C2E0
xgraphics	import.cpp	?ScanForVariableAssignments@Compiler@D3DXShader@@AAAXPAUFunction@2@@Z	0x8D0	0x82D6C338
xgraphics	import.cpp	?Import@Compiler@D3DXShader@@AAAXPAUFunction@2@PAVCNode@2@@Z	0x3334	0x82D6CC08
xgraphics	import.cpp	?ImportProgram@Compiler@D3DXShader@@AAAPAUFunction@2@PAVCNode@2@0@Z	0xC3C	0x82D6FF40
xgraphics	import.cpp	?ImportASM@Compiler@D3DXShader@@AAAXPAVCNode@2@PAUID3DXBuffer@@@Z	0x850	0x82D70B80
xgraphics	ccodec.cpp	??1CCodec@XG_D3DXTex@@UAA@XZ	0x4C	0x82D713D0
xgraphics	ccodec.cpp	??1CCodecDXT@XG_D3DXTex@@UAA@XZ	0x98	0x82D71420
xgraphics	ccodec.cpp	??0CCodec@XG_D3DXTex@@IAA@PAUD3DX_BLT@@IK@Z	0x290	0x82D714B8
xgraphics	ccodec.cpp	?ConvertFrom@CCodec@XG_D3DXTex@@QAAJPAV12@@Z	0xC8	0x82D71748
xgraphics	ccodec.cpp	?DecodePalette@CCodec@XG_D3DXTex@@IAAJPAUD3DX_BLT@@@Z	0x178	0x82D71810
xgraphics	ccodec.cpp	?QuantizeColorKey@CCodec@XG_D3DXTex@@MAAXXZ	0xE4	0x82D71988
xgraphics	ccodec.cpp	merged_82D71A70	0x90	0x82D71A70
xgraphics	ccodec.cpp	?EncodeGamma22@CCodec@XG_D3DXTex@@IAAPAUD3DXCOLOR@2@PAU32@@Z	0x33C	0x82D71B00
xgraphics	ccodec.cpp	?DecodeGamma22@CCodec@XG_D3DXTex@@IAAXPAUD3DXCOLOR@2@@Z	0x264	0x82D71E40
xgraphics	ccodec.cpp	?Encode@CCodec_A8R8G8B8@XG_D3DXTex@@UAAXIIPAUD3DXCOLOR@2@@Z	0x47C	0x82D720A8
xgraphics	ccodec.cpp	?Encode@CCodec_X8R8G8B8@XG_D3DXTex@@UAAXIIPAUD3DXCOLOR@2@@Z	0x3C4	0x82D72528
xgraphics	ccodec.cpp	?Encode@CCodec_R5G6B5@XG_D3DXTex@@UAAXIIPAUD3DXCOLOR@2@@Z	0x3D4	0x82D728F0
xgraphics	ccodec.cpp	?Encode@CCodec_X1R5G5B5@XG_D3DXTex@@UAAXIIPAUD3DXCOLOR@2@@Z	0x3C4	0x82D72CC8
xgraphics	ccodec.cpp	?Encode@CCodec_A1R5G5B5@XG_D3DXTex@@UAAXIIPAUD3DXCOLOR@2@@Z	0x474	0x82D73090
xgraphics	ccodec.cpp	?Encode@CCodec_A4R4G4B4@XG_D3DXTex@@UAAXIIPAUD3DXCOLOR@2@@Z	0x47C	0x82D73508
xgraphics	ccodec.cpp	?Encode@CCodec_A8@XG_D3DXTex@@UAAXIIPAUD3DXCOLOR@2@@Z	0x228	0x82D73988
xgraphics	ccodec.cpp	?Encode@CCodec_X4R4G4B4@XG_D3DXTex@@UAAXIIPAUD3DXCOLOR@2@@Z	0x3C4	0x82D73BB0
xgraphics	ccodec.cpp	?Encode@CCodec_A2B10G10R10@XG_D3DXTex@@UAAXIIPAUD3DXCOLOR@2@@Z	0x48C	0x82D73F78
xgraphics	ccodec.cpp	?Encode@CCodec_A8B8G8R8@XG_D3DXTex@@UAAXIIPAUD3DXCOLOR@2@@Z	0x47C	0x82D74408
xgraphics	ccodec.cpp	?Encode@CCodec_X8B8G8R8@XG_D3DXTex@@UAAXIIPAUD3DXCOLOR@2@@Z	0x3C4	0x82D74888
xgraphics	ccodec.cpp	?Encode@CCodec_G16R16@XG_D3DXTex@@UAAXIIPAUD3DXCOLOR@2@@Z	0x300	0x82D74C50
xgraphics	ccodec.cpp	?Encode@CCodec_A2R10G10B10@XG_D3DXTex@@UAAXIIPAUD3DXCOLOR@2@@Z	0x48C	0x82D74F50
xgraphics	ccodec.cpp	?Encode@CCodec_A16B16G16R16@XG_D3DXTex@@UAAXIIPAUD3DXCOLOR@2@@Z	0x494	0x82D753E0
xgraphics	ccodec.cpp	?Encode@CCodec_L8@XG_D3DXTex@@UAAXIIPAUD3DXCOLOR@2@@Z	0x27C	0x82D75878
xgraphics	ccodec.cpp	?Encode@CCodec_A8L8@XG_D3DXTex@@UAAXIIPAUD3DXCOLOR@2@@Z	0x350	0x82D75AF8
xgraphics	ccodec.cpp	merged_82D75E48	0x28C	0x82D75E48
xgraphics	ccodec.cpp	?Encode@CCodec_V8U8@XG_D3DXTex@@UAAXIIPAUD3DXCOLOR@2@@Z	0x2F4	0x82D760D8
xgraphics	ccodec.cpp	?Encode@CCodec_L6V5U5@XG_D3DXTex@@UAAXIIPAUD3DXCOLOR@2@@Z	0x3CC	0x82D763D0
xgraphics	ccodec.cpp	?Encode@CCodec_X8L8V8U8@XG_D3DXTex@@UAAXIIPAUD3DXCOLOR@2@@Z	0x3D0	0x82D767A0
xgraphics	ccodec.cpp	?Encode@CCodec_Q8W8V8U8@XG_D3DXTex@@UAAXIIPAUD3DXCOLOR@2@@Z	0x470	0x82D76B70
xgraphics	ccodec.cpp	?Encode@CCodec_V16U16@XG_D3DXTex@@UAAXIIPAUD3DXCOLOR@2@@Z	0x2F4	0x82D76FE0
xgraphics	ccodec.cpp	?Encode@CCodec_A2W10V10U10@XG_D3DXTex@@UAAXIIPAUD3DXCOLOR@2@@Z	0x480	0x82D772D8
xgraphics	ccodec.cpp	?Encode@CCodec_Q16W16V16U16@XG_D3DXTex@@UAAXIIPAUD3DXCOLOR@2@@Z	0x480	0x82D77758
xgraphics	ccodec.cpp	?Encode@CCodec_R16F@XG_D3DXTex@@UAAXIIPAUD3DXCOLOR@2@@Z	0x98	0x82D77BD8
xgraphics	ccodec.cpp	?Encode@CCodec_G16R16F@XG_D3DXTex@@UAAXIIPAUD3DXCOLOR@2@@Z	0x98	0x82D77C70
xgraphics	ccodec.cpp	?Encode@CCodec_A16B16G16R16F@XG_D3DXTex@@UAAXIIPAUD3DXCOLOR@2@@Z	0x6C	0x82D77D08
xgraphics	ccodec.cpp	?Encode@CCodec_R32F@XG_D3DXTex@@UAAXIIPAUD3DXCOLOR@2@@Z	0x84	0x82D77D78
xgraphics	ccodec.cpp	?Encode@CCodec_G32R32F@XG_D3DXTex@@UAAXIIPAUD3DXCOLOR@2@@Z	0x8C	0x82D77E00
xgraphics	ccodec.cpp	?Encode@CCodec_A32B32G32R32F@XG_D3DXTex@@UAAXIIPAUD3DXCOLOR@2@@Z	0x60	0x82D77E90
xgraphics	ccodec.cpp	?Decode@CCodec_A8R8G8B8@XG_D3DXTex@@UAAXIIPAUD3DXCOLOR@2@@Z	0x11C	0x82D77EF0
xgraphics	ccodec.cpp	?Decode@CCodec_X8R8G8B8@XG_D3DXTex@@UAAXIIPAUD3DXCOLOR@2@@Z	0x10C	0x82D78010
xgraphics	ccodec.cpp	?Decode@CCodec_R5G6B5@XG_D3DXTex@@UAAXIIPAUD3DXCOLOR@2@@Z	0x120	0x82D78120
xgraphics	ccodec.cpp	?Decode@CCodec_X1R5G5B5@XG_D3DXTex@@UAAXIIPAUD3DXCOLOR@2@@Z	0x118	0x82D78240
xgraphics	ccodec.cpp	?Decode@CCodec_A1R5G5B5@XG_D3DXTex@@UAAXIIPAUD3DXCOLOR@2@@Z	0x128	0x82D78358
xgraphics	ccodec.cpp	?Decode@CCodec_A4R4G4B4@XG_D3DXTex@@UAAXIIPAUD3DXCOLOR@2@@Z	0x12C	0x82D78480
xgraphics	ccodec.cpp	?Decode@CCodec_A2B10G10R10@XG_D3DXTex@@UAAXIIPAUD3DXCOLOR@2@@Z	0x134	0x82D785B0
xgraphics	ccodec.cpp	?Decode@CCodec_A8B8G8R8@XG_D3DXTex@@UAAXIIPAUD3DXCOLOR@2@@Z	0x11C	0x82D786E8
xgraphics	ccodec.cpp	?Decode@CCodec_X8B8G8R8@XG_D3DXTex@@UAAXIIPAUD3DXCOLOR@2@@Z	0x10C	0x82D78808
xgraphics	ccodec.cpp	?Decode@CCodec_G16R16@XG_D3DXTex@@UAAXIIPAUD3DXCOLOR@2@@Z	0xF4	0x82D78918
xgraphics	ccodec.cpp	?Decode@CCodec_A2R10G10B10@XG_D3DXTex@@UAAXIIPAUD3DXCOLOR@2@@Z	0x134	0x82D78A10
xgraphics	ccodec.cpp	?Decode@CCodec_A16B16G16R16@XG_D3DXTex@@UAAXIIPAUD3DXCOLOR@2@@Z	0x130	0x82D78B48
xgraphics	ccodec.cpp	?Decode@CCodec_A8@XG_D3DXTex@@UAAXIIPAUD3DXCOLOR@2@@Z	0xCC	0x82D78C78
xgraphics	ccodec.cpp	?Decode@CCodec_X4R4G4B4@XG_D3DXTex@@UAAXIIPAUD3DXCOLOR@2@@Z	0x118	0x82D78D48
xgraphics	ccodec.cpp	?Decode@CCodec_L8@XG_D3DXTex@@UAAXIIPAUD3DXCOLOR@2@@Z	0xCC	0x82D78E60
xgraphics	ccodec.cpp	?Decode@CCodec_A8L8@XG_D3DXTex@@UAAXIIPAUD3DXCOLOR@2@@Z	0xEC	0x82D78F30
xgraphics	ccodec.cpp	merged_82D79020	0xDC	0x82D79020
xgraphics	ccodec.cpp	?Decode@CCodec_V8U8@XG_D3DXTex@@UAAXIIPAUD3DXCOLOR@2@@Z	0x128	0x82D79100
xgraphics	ccodec.cpp	?Decode@CCodec_L6V5U5@XG_D3DXTex@@UAAXIIPAUD3DXCOLOR@2@@Z	0x160	0x82D79228
xgraphics	ccodec.cpp	?Decode@CCodec_X8L8V8U8@XG_D3DXTex@@UAAXIIPAUD3DXCOLOR@2@@Z	0x148	0x82D79388
xgraphics	ccodec.cpp	?Decode@CCodec_Q8W8V8U8@XG_D3DXTex@@UAAXIIPAUD3DXCOLOR@2@@Z	0x188	0x82D794D0
xgraphics	ccodec.cpp	?Decode@CCodec_V16U16@XG_D3DXTex@@UAAXIIPAUD3DXCOLOR@2@@Z	0x12C	0x82D79658
xgraphics	ccodec.cpp	?Decode@CCodec_A2W10V10U10@XG_D3DXTex@@UAAXIIPAUD3DXCOLOR@2@@Z	0x18C	0x82D79788
xgraphics	ccodec.cpp	?Decode@CCodec_Q16W16V16U16@XG_D3DXTex@@UAAXIIPAUD3DXCOLOR@2@@Z	0x184	0x82D79918
xgraphics	ccodec.cpp	?Decode@CCodec_R16F@XG_D3DXTex@@UAAXIIPAUD3DXCOLOR@2@@Z	0xD0	0x82D79AA0
xgraphics	ccodec.cpp	?Decode@CCodec_G16R16F@XG_D3DXTex@@UAAXIIPAUD3DXCOLOR@2@@Z	0xCC	0x82D79B70
xgraphics	ccodec.cpp	?Decode@CCodec_A16B16G16R16F@XG_D3DXTex@@UAAXIIPAUD3DXCOLOR@2@@Z	0x9C	0x82D79C40
xgraphics	ccodec.cpp	?Decode@CCodec_R32F@XG_D3DXTex@@UAAXIIPAUD3DXCOLOR@2@@Z	0xC0	0x82D79CE0
xgraphics	ccodec.cpp	?Decode@CCodec_G32R32F@XG_D3DXTex@@UAAXIIPAUD3DXCOLOR@2@@Z	0xC4	0x82D79DA0
xgraphics	ccodec.cpp	?Decode@CCodec_A32B32G32R32F@XG_D3DXTex@@UAAXIIPAUD3DXCOLOR@2@@Z	0x90	0x82D79E68
xgraphics	ccodec.cpp	??0CCodecYUV@XG_D3DXTex@@QAA@PAUD3DX_BLT@@@Z	0xF0	0x82D79EF8
xgraphics	ccodec.cpp	?Commit@CCodecYUV@XG_D3DXTex@@QAAJXZ	0x32C	0x82D79FE8
xgraphics	ccodec.cpp	?Fetch@CCodecYUV@XG_D3DXTex@@QAAJIIH@Z	0x454	0x82D7A318
xgraphics	ccodec.cpp	?Encode@CCodecYUV@XG_D3DXTex@@UAAXIIPAUD3DXCOLOR@2@@Z	0xBC	0x82D7A770
xgraphics	ccodec.cpp	?Decode@CCodecYUV@XG_D3DXTex@@UAAXIIPAUD3DXCOLOR@2@@Z	0xAC	0x82D7A830
xgraphics	ccodec.cpp	??0CCodecDXT@XG_D3DXTex@@QAA@PAUD3DX_BLT@@@Z	0x1E0	0x82D7A8E0
xgraphics	ccodec.cpp	?QuantizeColorKey@CCodecDXT@XG_D3DXTex@@MAAXXZ	0x118	0x82D7AAC0
xgraphics	ccodec.cpp	?Encode@CCodecDXT@XG_D3DXTex@@UAAXIIPAUD3DXCOLOR@2@@Z	0x5BC	0x82D7ABD8
xgraphics	ccodec.cpp	?Decode@CCodecDXT@XG_D3DXTex@@UAAXIIPAUD3DXCOLOR@2@@Z	0x320	0x82D7B198
xgraphics	ccodec.cpp	merged_82D7B4B8	0x4C	0x82D7B4B8
xgraphics	ccodec.cpp	merged_82D7B508	0x4C	0x82D7B508
xgraphics	ccodec.cpp	??1CCodecYUV@XG_D3DXTex@@UAA@XZ	0x50	0x82D7B558
xgraphics	ccodec.cpp	?Create@CCodec@XG_D3DXTex@@SAPAV12@PAUD3DX_BLT@@@Z	0xB50	0x82D7B5A8
xgraphics	ccodec.cpp	merged_82D7C0F8	0x4C	0x82D7C0F8
xgraphics	statepreprocessor.cpp	?SP_Create@XGRAPHICS@@YAPAU_SP_STATE_PREPROCESSOR@1@PAXP6APAX0I@ZP6A?AW4_E_SSM_RETURNCODE@1@00@ZPAU_SC_STATE_CACHE@1@PAU_SSM_REGISTRY@1@@Z	0x114	0x82D7C148
xgraphics	statepreprocessor.cpp	?AS_GetStateBlkDtBit@XGRAPHICS@@YAIPAU_ABSTRACT_STATE@1@I@Z	0x7C	0x82D7C260
xgraphics	statepreprocessor.cpp	?PreprocessTexType@XGRAPHICS@@YAXPAU_ABSTRACT_STATE@1@I@Z	0x70	0x82D7C2E0
xgraphics	statepreprocessor.cpp	?PreprocessTexFormat@XGRAPHICS@@YAXPAU_ABSTRACT_STATE@1@I@Z	0xA0	0x82D7C350
xgraphics	statepreprocessor.cpp	?PreprocessTexClamp@XGRAPHICS@@YAXPAU_ABSTRACT_STATE@1@I@Z	0x168	0x82D7C3F0
xgraphics	statepreprocessor.cpp	?SP_ProcessOnly@XGRAPHICS@@YA?AW4_E_SSM_RETURNCODE@1@PAU_SP_STATE_PREPROCESSOR@1@PAU_ABSTRACT_STATE@1@@Z	0x80	0x82D7C558
xgraphics	ssmregistry.cpp	?SSMReg_Create@XGRAPHICS@@YAPAU_SSM_REGISTRY@1@PAXP6APAX0I@ZP6A?AW4_E_SSM_RETURNCODE@1@00@ZP6AI0PADPAI@Z@Z	0x154	0x82D7C5D8
xgraphics	ssmregistry.cpp	?SSMReg_Destroy@XGRAPHICS@@YAIPAU_SSM_REGISTRY@1@@Z	0x64	0x82D7C730
xgraphics	ssmregistry.cpp	?SSMReg_GetSetting@XGRAPHICS@@YAIPAU_SSM_REGISTRY@1@W4_E_SSM_SETTING@1@@Z	0x80	0x82D7C798
xgraphics	ssmregistry.cpp	?ImmedFlagFromRSBlockNum@XGRAPHICS@@YIII@Z	0x74	0x82D7C818
xgraphics	ssmrenderstate.cpp	?AS_InitValues@XGRAPHICS@@YAXPAU_ABSTRACT_STATE@1@@Z	0x218	0x82D7C890
xgraphics	as_object.cpp	?AS_AllocMemory@XGRAPHICS@@YAPAXPAU_ABSTRACT_STATE@1@I@Z	0x5C	0x82D7CAA8
xgraphics	as_object.cpp	?AS_Delete@XGRAPHICS@@YAXPAU_ABSTRACT_STATE@1@@Z	0x14C	0x82D7CB08
xgraphics	as_object.cpp	?AS_Initialize@XGRAPHICS@@YAPAU_ABSTRACT_STATE@1@PAXI@Z	0x4C8	0x82D7CC58
xgraphics	statepostprocessor.cpp	merged_82D7D120	0x8	0x82D7D120
xgraphics	statepostprocessor.cpp	?GetMaxStateSizeImm@XGRAPHICS@@YAIPAU_PS_PROGRAM_KEY@1@@Z	0x54	0x82D7D128
xgraphics	statepostprocessor.cpp	merged_82D7D180	0x34	0x82D7D180
xgraphics	statepostprocessor.cpp	?ProcCmdBufStateInd@XGRAPHICS@@YA?AW4_E_SSM_RETURNCODE@1@PAU_PP_STATE_POSTPROCESSOR@1@PAU_PS_PROGRAM_KEY@1@PAU_ABSTRACT_STATE@1@I@Z	0x1BC	0x82D7D1B8
xgraphics	statepostprocessor.cpp	?ProcCmdBufStateIndRts@XGRAPHICS@@YA?AW4_E_SSM_RETURNCODE@1@PAU_PP_STATE_POSTPROCESSOR@1@PAU_PS_PROGRAM_KEY@1@PAU_ABSTRACT_STATE@1@I@Z	0x1BC	0x82D7D378
xgraphics	statepostprocessor.cpp	?ProcCmdBufStateImm@XGRAPHICS@@YA?AW4_E_SSM_RETURNCODE@1@PAU_PP_STATE_POSTPROCESSOR@1@PAU_PS_PROGRAM_KEY@1@PAU_ABSTRACT_STATE@1@I@Z	0x3AC	0x82D7D538
xgraphics	statepostprocessor.cpp	?PP_Create@XGRAPHICS@@YAPAU_PP_STATE_POSTPROCESSOR@1@PAXP6APAX0I@ZP6A?AW4_E_SSM_RETURNCODE@1@00@ZPAU_SSM_REGISTRY@1@PAU_PS_PROGRAM_STORE@1@PAU_TS_TEXTURE_SERVER@1@I@Z	0x12C	0x82D7D8E8
xgraphics	hashstatecache.cpp	?SC_Create@XGRAPHICS@@YAPAU_SC_STATE_CACHE@1@PAXP6APAX0I@ZP6A?AW4_E_SSM_RETURNCODE@1@00@ZPAU_CC_STATE_COMPILER@1@PAU_PS_PROGRAM_STORE@1@PAU_PP_STATE_POSTPROCESSOR@1@PAU_INTEGER_LIST_FACTORY@1@PAU_ORDERED_LIST_FACTORY@1@@Z	0x1AC	0x82D7DA18
xgraphics	hashstatecache.cpp	?SC_Destroy@XGRAPHICS@@YA?AW4_E_SSM_RETURNCODE@1@PAU_SC_STATE_CACHE@1@@Z	0xC0	0x82D7DBC8
xgraphics	hashstatecache.cpp	?SC_CreateDataObject@XGRAPHICS@@YAPAXPAU_SC_STATE_CACHE@1@@Z	0x48	0x82D7DC88
xgraphics	hashstatecache.cpp	?SC_DestroyDataObject@XGRAPHICS@@YA?AW4_E_SSM_RETURNCODE@1@PAU_SC_STATE_CACHE@1@PAX@Z	0x74	0x82D7DCD0
xgraphics	hashstatecache.cpp	?SC_ReleaseProgKey@XGRAPHICS@@YA?AW4_E_SSM_RETURNCODE@1@PAU_SC_STATE_CACHE@1@PAU_ABSTRACT_STATE@1@@Z	0x8C	0x82D7DD48
xgraphics	mem.cpp	?MemoryInit@XGRAPHICS@@YAPAU_MEM_HEAD@1@HHP6APAXPAXI@ZP6A?AW4_E_SSM_RETURNCODE@1@00@Z0@Z	0xC0	0x82D7DDD8
xgraphics	mem.cpp	?MemoryTerminate@XGRAPHICS@@YAXPAU_MEM_HEAD@1@@Z	0x60	0x82D7DE98
xgraphics	mem.cpp	?MemoryNewNode@XGRAPHICS@@YAPAU_MEM_NODE@1@PAU_MEM_HEAD@1@@Z	0x104	0x82D7DEF8
xgraphics	mem.cpp	?MemoryFreeNode@XGRAPHICS@@YAHPAU_MEM_HEAD@1@PAU_MEM_NODE@1@@Z	0x68	0x82D7E000
xgraphics	linkedlistfactories.cpp	?OLF_Destroy@XGRAPHICS@@YAXPAU_ORDERED_LIST_FACTORY@1@@Z	0xA8	0x82D7E068
xgraphics	linkedlistfactories.cpp	?OLF_AcquireList@XGRAPHICS@@YAPAU_KEY_LIST@1@PAU_ORDERED_LIST_FACTORY@1@@Z	0xA4	0x82D7E110
xgraphics	linkedlistfactories.cpp	?OLF_ReleaseList@XGRAPHICS@@YAXPAU_ORDERED_LIST_FACTORY@1@PAU_KEY_LIST@1@@Z	0xFC	0x82D7E1B8
xgraphics	linkedlistfactories.cpp	?ILF_Destroy@XGRAPHICS@@YAXPAU_INTEGER_LIST_FACTORY@1@@Z	0xA8	0x82D7E2B8
xgraphics	linkedlistfactories.cpp	?ILF_AcquireList@XGRAPHICS@@YAPAU_INTEGER_LIST@1@PAU_INTEGER_LIST_FACTORY@1@@Z	0x98	0x82D7E360
xgraphics	linkedlistfactories.cpp	?ILF_ReleaseList@XGRAPHICS@@YAXPAU_INTEGER_LIST_FACTORY@1@PAU_INTEGER_LIST@1@@Z	0xFC	0x82D7E3F8
xgraphics	linkedlistfactories.cpp	?OBJLF_Destroy@XGRAPHICS@@YAXPAU_OBJECT_LIST_FACTORY@1@@Z	0xA8	0x82D7E4F8
xgraphics	linkedlistfactories.cpp	?OBJLF_AcquireList@XGRAPHICS@@YAPAU_OBJECT_LIST@1@PAU_OBJECT_LIST_FACTORY@1@@Z	0x98	0x82D7E5A0
xgraphics	linkedlistfactories.cpp	?OBJLF_ReleaseList@XGRAPHICS@@YAXPAU_OBJECT_LIST_FACTORY@1@PAU_OBJECT_LIST@1@@Z	0xFC	0x82D7E638
xgraphics	linkedlistfactories.cpp	?OLF_Create@XGRAPHICS@@YAPAU_ORDERED_LIST_FACTORY@1@PAXP6APAX0I@ZP6A?AW4_E_SSM_RETURNCODE@1@00@ZII@Z	0x198	0x82D7E738
xgraphics	linkedlistfactories.cpp	?ILF_Create@XGRAPHICS@@YAPAU_INTEGER_LIST_FACTORY@1@PAXP6APAX0I@ZP6A?AW4_E_SSM_RETURNCODE@1@00@ZII@Z	0x198	0x82D7E8D0
xgraphics	linkedlistfactories.cpp	?OBJLF_Create@XGRAPHICS@@YAPAU_OBJECT_LIST_FACTORY@1@PAXP6APAX0I@ZP6A?AW4_E_SSM_RETURNCODE@1@00@ZII@Z	0x198	0x82D7EA68
xgraphics	fetchconstallocator.cpp	?FA_Create@XGRAPHICS@@YAPAU_FA_FETCHCONST_ALLOC@1@PAXP6APAX0I@ZP6A?AW4_E_SSM_RETURNCODE@1@00@ZPAU_SSM_REGISTRY@1@W4E_FA_FETCH_ALLOCATOR_MODE@1@I@Z	0x150	0x82D7EC00
xgraphics	fetchconstallocator.cpp	merged_82D7ED50	0x14	0x82D7ED50
xgraphics	fetchconstallocator.cpp	?FA_GetNumAllocatedConsts@XGRAPHICS@@YAIPAU_FA_FETCHCONST_ALLOC@1@@Z	0x8	0x82D7ED68
xgraphics	fetchconstallocator.cpp	?FA_AllocFetchConst@XGRAPHICS@@YA?AW4_E_SSM_RETURNCODE@1@PAU_FA_FETCHCONST_ALLOC@1@W4E_FETCH_TYPE@1@IPAI2@Z	0x1AC	0x82D7ED70
xgraphics	fetchconstallocator.cpp	?FindVertexFetchConstUsingDecl@XGRAPHICS@@YAIPAU_FA_FETCHCONST_ALLOC@1@W4E_FETCH_TYPE@1@IPAI2@Z	0x130	0x82D7EF20
xgraphics	fetchconstallocator.cpp	?FindTextureFetchConst@XGRAPHICS@@YAIPAU_FA_FETCHCONST_ALLOC@1@W4E_FETCH_TYPE@1@IPAI2@Z	0x10C	0x82D7F050
xgraphics	fetchconstallocator.cpp	?FindVertexFetchConstUsingStream@XGRAPHICS@@YAIPAU_FA_FETCHCONST_ALLOC@1@PAU_ABSTRACT_STATE@1@W4E_FETCH_TYPE@1@IPAI3@Z	0x1A0	0x82D7F160
xgraphics	fetchconstallocator.cpp	?FA_FindFetchConst@XGRAPHICS@@YAIPAU_FA_FETCHCONST_ALLOC@1@PAU_ABSTRACT_STATE@1@W4E_FETCH_TYPE@1@IPAI3@Z	0x164	0x82D7F300
xgraphics	fetchconstallocator.cpp	?FA_FindOrAllocFetchConst@XGRAPHICS@@YA?AW4_E_SSM_RETURNCODE@1@PAU_FA_FETCHCONST_ALLOC@1@PAU_ABSTRACT_STATE@1@W4E_FETCH_TYPE@1@IPAI3@Z	0x134	0x82D7F468
xgraphics	compilewithqueries.cpp	?ProcessCompileWithFunction@XGRAPHICS@@YA?AW4_SSM_COMPILEWITH_RESULT@1@W4E_SSM_COMPILEWITH_QUERY@1@IPAU_ABSTRACT_STATE@1@@Z	0xA4	0x82D7F5A0
xgraphics	shaderrecycler.cpp	?SR_Destroy@XGRAPHICS@@YA?AW4_E_SSM_RETURNCODE@1@PAU_SR_SHADER_RECYCLER@1@@Z	0x100	0x82D7F648
xgraphics	shaderrecycler.cpp	?SR_StoreShaderPair@XGRAPHICS@@YA?AW4_E_SSM_RETURNCODE@1@PAU_SR_SHADER_RECYCLER@1@PAU_CS_COMPILED_SHADER@1@1@Z	0x208	0x82D7F748
xgraphics	shaderrecycler.cpp	?SR_Create@XGRAPHICS@@YAPAU_SR_SHADER_RECYCLER@1@PAXP6APAX0I@ZP6A?AW4_E_SSM_RETURNCODE@1@00@ZPAU_SS_SHADER_STORE@1@PAU_SSM_REGISTRY@1@@Z	0x1C8	0x82D7F950
xgraphics	shaderrecycler.cpp	?LinkableShaderPair@XGRAPHICS@@YAIPAU_CS_COMPILED_SHADER@1@0@Z	0x290	0x82D7FB18
xgraphics	shaderrecycler.cpp	?SR_SearchRecyclableShaders@XGRAPHICS@@YAIPAU_SR_SHADER_RECYCLER@1@PAU_ABSTRACT_STATE@1@PAU_CP_COMPILED_PROGRAM@1@@Z	0x190	0x82D7FDA8
xgraphics	shaderrecycler.cpp	?SR_FindPatchableShaderPair@XGRAPHICS@@YAIPAU_SR_SHADER_RECYCLER@1@PAU_ABSTRACT_STATE@1@PAU_CP_COMPILED_PROGRAM@1@@Z	0x2A8	0x82D7FF38
xgraphics	programstore.cpp	?PS_AllocCP@XGRAPHICS@@YAPAU_CP_COMPILED_PROGRAM@1@PAU_PS_PROGRAM_STORE@1@W4_E_COMPILED_PROGRAM_TYPE@1@@Z	0x48	0x82D801E0
xgraphics	programstore.cpp	?PS_RemoveBlock@XGRAPHICS@@YA?AW4_E_SSM_RETURNCODE@1@PAU_PS_PROGRAM_STORE@1@PAU_HASH_TABLE@1@PAU_PS_INTERNAL_BLOCK@1@W4_E_PS_BLOCK_TYPE@1@@Z	0x28C	0x82D80228
xgraphics	programstore.cpp	?PS_Release@XGRAPHICS@@YA?AW4_E_SSM_RETURNCODE@1@PAU_PS_PROGRAM_STORE@1@PAU_PS_PROGRAM_KEY@1@@Z	0x15C	0x82D804B8
xgraphics	programstore.cpp	?AllocVidMem@XGRAPHICS@@YA?AW4_E_SSM_RETURNCODE@1@PAU_PS_PROGRAM_STORE@1@IPAU_SSM_VIDMEM@1@@Z	0xC0	0x82D80618
xgraphics	programstore.cpp	?PS_UpdateProgKeyTS@XGRAPHICS@@YAXPAU_PS_PROGRAM_KEY@1@PA_K@Z	0x2C	0x82D806D8
xgraphics	programstore.cpp	?PS_Destroy@XGRAPHICS@@YA?AW4_E_SSM_RETURNCODE@1@PAU_PS_PROGRAM_STORE@1@@Z	0x1C8	0x82D80708
xgraphics	programstore.cpp	?PS_Create@XGRAPHICS@@YAPAU_PS_PROGRAM_STORE@1@PAXP6APAX0I@ZP6A?AW4_E_SSM_RETURNCODE@1@00@ZP6A?AW431@0IW4_E_SSM_VIDMEMHEAP@1@PAU_SSM_VIDMEM@1@@ZP6A?AW431@04@ZPAU_TS_TEXTURE_SERVER@1@PAU_SSM_REGISTRY@1@PAU_ORDERED_LIST_FACTORY@1@PAU_INTEGER_LIST_FACTORY@1@PAU_OBJECT_LIST_FACTORY@1@IPBI@Z	0x394	0x82D808D0
xgraphics	txserver.cpp	?TX_Create@XGRAPHICS@@YAPAU_TS_TEXTURE_SERVER@1@PBU_TS_TXCREATE_INFO@1@PBU_SSM_SSMDEVICE2CLIENT_INTERFACE@1@@Z	0x174	0x82D80C68
xgraphics	txserver.cpp	?TX_IntTxRelease@XGRAPHICS@@YA?AW4_E_SSM_RETURNCODE@1@PAU_TS_TEXTURE_SERVER@1@I@Z	0x11C	0x82D80DE0
xgraphics	txserver.cpp	?AS_GetStateF@XGRAPHICS@@YAMPAU_ABSTRACT_STATE@1@W4_E_AS_STATE@1@@Z	0x70	0x82D80F00
xgraphics	txserver.cpp	?TX_Destroy@XGRAPHICS@@YA?AW4_E_SSM_RETURNCODE@1@PAU_TS_TEXTURE_SERVER@1@@Z	0x68	0x82D80F70
xgraphics	hashtable.cpp	?HASHTABLE_Create@XGRAPHICS@@YAPAU_HASH_TABLE@1@PAXP6APAX0I@ZP6A?AW4_E_SSM_RETURNCODE@1@00@ZPAU_ORDERED_LIST_FACTORY@1@I@Z	0xEC	0x82D80FD8
xgraphics	hashtable.cpp	?HASHTABLE_Destroy@XGRAPHICS@@YAXPAU_HASH_TABLE@1@@Z	0xA0	0x82D810C8
xgraphics	hashtable.cpp	?HASHTABLE_InsertItem@XGRAPHICS@@YAXPAU_HASH_TABLE@1@IPAX@Z	0xA8	0x82D81168
xgraphics	hashtable.cpp	?HASHTABLE_GetSingleItem@XGRAPHICS@@YAPAXPAU_HASH_TABLE@1@I@Z	0xDC	0x82D81210
xgraphics	hashtable.cpp	?HASHTABLE_RemoveItem@XGRAPHICS@@YAPAXPAU_HASH_TABLE@1@I@Z	0xA0	0x82D812F0
xgraphics	hashtable.cpp	?SHASHTABLE_Create@XGRAPHICS@@YAPAU_HASH_TABLE@1@PAXP6APAX0I@ZP6A?AW4_E_SSM_RETURNCODE@1@00@ZPAU_ORDERED_LIST_FACTORY@1@I@Z	0x10C	0x82D81390
xgraphics	hashtable.cpp	?SHASHTABLE_Destroy@XGRAPHICS@@YAXPAU_HASH_TABLE@1@@Z	0xA0	0x82D814A0
xgraphics	hashtable.cpp	?SHASHTABLE_InsertItem@XGRAPHICS@@YAXPAU_HASH_TABLE@1@QAIIPAX@Z	0xC0	0x82D81540
xgraphics	hashtable.cpp	?SHASHTABLE_GetSingleItem@XGRAPHICS@@YAPAXPAU_HASH_TABLE@1@QAII@Z	0xF4	0x82D81600
xgraphics	hashtable.cpp	?SHASHTABLE_RemoveItem@XGRAPHICS@@YAPAXPAU_HASH_TABLE@1@QAII@Z	0xB8	0x82D816F8
xgraphics	hashtable.cpp	?SHASHTABLE_RemoveAnyItem@XGRAPHICS@@YAPAXPAU_HASH_TABLE@1@@Z	0x80	0x82D817B0
xgraphics	xltconvert.cpp	?GetAvailableTemp@XGRAPHICS@@YAIPAU_XLT_CONTEXT@1@@Z	0x88	0x82D81830
xgraphics	xltconvert.cpp	?AddExportInfo@XGRAPHICS@@YAIPAU_XLT_CONTEXT@1@PAU_XLT_EXPORT_CACHE@1@II@Z	0xB0	0x82D818B8
xgraphics	xltconvert.cpp	?AddExecInfo@XGRAPHICS@@YAXPAU_XLT_CONTEXT@1@PAU_XLT_EXEC_INFO@1@IIPAT_XLT_EXEC_INFO_DATA@1@@Z	0x8C	0x82D81968
xgraphics	xltconvert.cpp	?InsertVFetch@XGRAPHICS@@YAXPAU_XLT_CONTEXT@1@IIII@Z	0x2EC	0x82D819F8
xgraphics	xltconvert.cpp	?InsertTFetch@XGRAPHICS@@YAXPAU_XLT_CONTEXT@1@PAU_XLT_TEXTURE_INFO@1@IIIIII@Z	0x1E8	0x82D81CE8
xgraphics	xltconvert.cpp	?AS_GetArrayStateF@XGRAPHICS@@YAMPAU_ABSTRACT_STATE@1@W4_E_AS_ARRAY_STATE@1@I@Z	0xAC	0x82D81ED0
xgraphics	xltconvert.cpp	?InsertAlloc@XGRAPHICS@@YAXPAU_XLT_CONTEXT@1@I@Z	0xF0	0x82D81F80
xgraphics	xltconvert.cpp	?SetHardwareSwizzle@XGRAPHICS@@YAEPATIL_Src_Mod@1@@Z	0xB8	0x82D82070
xgraphics	xltconvert.cpp	?SetOpcode@XGRAPHICS@@YAXPAU_XLT_CONTEXT@1@III@Z	0x374	0x82D82128
xgraphics	xltconvert.cpp	?SetDst@XGRAPHICS@@YAXPAU_XLT_CONTEXT@1@PATIL_Dst@1@PATIL_Dst_Mod@1@PATIL_Rel_Addr@1@II@Z	0x360	0x82D824A0
xgraphics	xltconvert.cpp	?SetSrc@XGRAPHICS@@YAXPAU_XLT_CONTEXT@1@PATIL_Src@1@PATIL_Src_Mod@1@PATIL_Rel_Addr@1@IIPAI@Z	0x49C	0x82D82800
xgraphics	xltconvert.cpp	?DoAbs@XGRAPHICS@@YAPATIL_Token@1@PAU_XLT_CONTEXT@1@PAU_XLT_IL_INSTRUCTION@1@PAT21@@Z	0x1A0	0x82D82CA0
xgraphics	xltconvert.cpp	?DoCmp@XGRAPHICS@@YAPATIL_Token@1@PAU_XLT_CONTEXT@1@PAU_XLT_IL_INSTRUCTION@1@PAT21@@Z	0x3B0	0x82D82E40
xgraphics	xltconvert.cpp	?DoCrs@XGRAPHICS@@YAPATIL_Token@1@PAU_XLT_CONTEXT@1@PAU_XLT_IL_INSTRUCTION@1@PAT21@@Z	0x3D0	0x82D831F0
xgraphics	xltconvert.cpp	?DoDiv@XGRAPHICS@@YAPATIL_Token@1@PAU_XLT_CONTEXT@1@PAU_XLT_IL_INSTRUCTION@1@PAT21@@Z	0x454	0x82D835C0
xgraphics	xltconvert.cpp	?DoExpp@XGRAPHICS@@YAPATIL_Token@1@PAU_XLT_CONTEXT@1@PAU_XLT_IL_INSTRUCTION@1@PAT21@@Z	0x518	0x82D83A18
xgraphics	xltconvert.cpp	?DoLit@XGRAPHICS@@YAPATIL_Token@1@PAU_XLT_CONTEXT@1@PAU_XLT_IL_INSTRUCTION@1@PAT21@@Z	0x96C	0x82D83F30
xgraphics	xltconvert.cpp	?DoLogp@XGRAPHICS@@YAPATIL_Token@1@PAU_XLT_CONTEXT@1@PAU_XLT_IL_INSTRUCTION@1@PAT21@@Z	0x42C	0x82D848A0
xgraphics	xltconvert.cpp	?DoLrp@XGRAPHICS@@YAPATIL_Token@1@PAU_XLT_CONTEXT@1@PAU_XLT_IL_INSTRUCTION@1@PAT21@@Z	0x2F4	0x82D84CD0
xgraphics	xltconvert.cpp	?DoMMul@XGRAPHICS@@YAPATIL_Token@1@PAU_XLT_CONTEXT@1@PAU_XLT_IL_INSTRUCTION@1@PAT21@@Z	0x480	0x82D84FC8
xgraphics	xltconvert.cpp	?DoMod@XGRAPHICS@@YAPATIL_Token@1@PAU_XLT_CONTEXT@1@PAU_XLT_IL_INSTRUCTION@1@PAT21@@Z	0x554	0x82D85448
xgraphics	xltconvert.cpp	?DoNrm@XGRAPHICS@@YAPATIL_Token@1@PAU_XLT_CONTEXT@1@PAU_XLT_IL_INSTRUCTION@1@PAT21@@Z	0x3F4	0x82D859A0
xgraphics	xltconvert.cpp	?DoPow@XGRAPHICS@@YAPATIL_Token@1@PAU_XLT_CONTEXT@1@PAU_XLT_IL_INSTRUCTION@1@PAT21@@Z	0x22C	0x82D85D98
xgraphics	xltconvert.cpp	?DoSet@XGRAPHICS@@YAPATIL_Token@1@PAU_XLT_CONTEXT@1@PAU_XLT_IL_INSTRUCTION@1@PAT21@@Z	0x24C	0x82D85FC8
xgraphics	xltconvert.cpp	?DoSgn@XGRAPHICS@@YAPATIL_Token@1@PAU_XLT_CONTEXT@1@PAU_XLT_IL_INSTRUCTION@1@PAT21@@Z	0x2D8	0x82D86218
xgraphics	xltconvert.cpp	?DoSinCos@XGRAPHICS@@YAPATIL_Token@1@PAU_XLT_CONTEXT@1@PAU_XLT_IL_INSTRUCTION@1@PAT21@@Z	0x904	0x82D864F0
xgraphics	xltconvert.cpp	?DoSub@XGRAPHICS@@YAPATIL_Token@1@PAU_XLT_CONTEXT@1@PAU_XLT_IL_INSTRUCTION@1@PAT21@@Z	0x168	0x82D86DF8
xgraphics	xltconvert.cpp	?DoPredIfc@XGRAPHICS@@YAPATIL_Token@1@PAU_XLT_CONTEXT@1@PAU_XLT_IL_INSTRUCTION@1@PAT21@@Z	0x200	0x82D86F60
xgraphics	xltconvert.cpp	?DoPredBreakc@XGRAPHICS@@YAPATIL_Token@1@PAU_XLT_CONTEXT@1@PAU_XLT_IL_INSTRUCTION@1@PAT21@@Z	0x28C	0x82D87160
xgraphics	xltconvert.cpp	?DoPredEndLoop@XGRAPHICS@@YAPATIL_Token@1@PAU_XLT_CONTEXT@1@PAU_XLT_IL_INSTRUCTION@1@PAT21@@Z	0x114	0x82D873F0
xgraphics	xltconvert.cpp	?DoTexConv_CubeMap@XGRAPHICS@@YAPATIL_Token@1@PAU_XLT_CONTEXT@1@PAU_XLT_TEXTURE_INFO@1@PAU_XLT_IL_INSTRUCTION@1@PAT21@@Z	0x2FC	0x82D87508
xgraphics	xltconvert.cpp	?DoTexConv_YUV@XGRAPHICS@@YAPATIL_Token@1@PAU_XLT_CONTEXT@1@PAU_XLT_IL_INSTRUCTION@1@PAT21@@Z	0x298	0x82D87808
xgraphics	xltconvert.cpp	?DoTexConv_BdrClr@XGRAPHICS@@YAPATIL_Token@1@PAU_XLT_CONTEXT@1@PAU_XLT_TEXTURE_INFO@1@PAU_XLT_IL_INSTRUCTION@1@PAT21@@Z	0x21C	0x82D87AA0
xgraphics	xltconvert.cpp	?DoMemExport@XGRAPHICS@@YAPATIL_Token@1@PAU_XLT_CONTEXT@1@PAU_XLT_IL_INSTRUCTION@1@PAT21@PAI@Z	0x200	0x82D87CC0
xgraphics	xltconvert.cpp	?DoSrc01Swizzle@XGRAPHICS@@YAPATIL_Token@1@PAU_XLT_CONTEXT@1@PATIL_Src@1@PATIL_Src_Mod@1@PATIL_Rel_Addr@1@IPAT21@@Z	0x374	0x82D87EC0
xgraphics	xltconvert.cpp	?DoSrcInvert@XGRAPHICS@@YAPATIL_Token@1@PAU_XLT_CONTEXT@1@PATIL_Src@1@PATIL_Src_Mod@1@PATIL_Rel_Addr@1@IPAT21@@Z	0x144	0x82D88238
xgraphics	xltconvert.cpp	?DoSrcSign@XGRAPHICS@@YAPATIL_Token@1@PAU_XLT_CONTEXT@1@PATIL_Src@1@PATIL_Src_Mod@1@PATIL_Rel_Addr@1@IPAT21@@Z	0x27C	0x82D88380
xgraphics	xltconvert.cpp	?DoSrcDivComp@XGRAPHICS@@YAPATIL_Token@1@PAU_XLT_CONTEXT@1@PATIL_Src@1@PATIL_Src_Mod@1@PATIL_Rel_Addr@1@IPAT21@@Z	0x390	0x82D88600
xgraphics	xltconvert.cpp	?DoSrcNegation@XGRAPHICS@@YAPATIL_Token@1@PAU_XLT_CONTEXT@1@PATIL_Src@1@PATIL_Src_Mod@1@PATIL_Rel_Addr@1@IPAT21@@Z	0x16C	0x82D88990
xgraphics	xltconvert.cpp	?DoShiftScale@XGRAPHICS@@YAPATIL_Token@1@PAU_XLT_CONTEXT@1@PATIL_Dst@1@PATIL_Dst_Mod@1@PATIL_Rel_Addr@1@PAT21@@Z	0x1BC	0x82D88B00
xgraphics	xltconvert.cpp	?DoSaveMova@XGRAPHICS@@YAXPAU_XLT_CONTEXT@1@PAU_XLT_IL_INSTRUCTION@1@PATIL_Token@1@@Z	0x27C	0x82D88CC0
xgraphics	xltconvert.cpp	?DoMova@XGRAPHICS@@YAPATIL_Token@1@PAU_XLT_CONTEXT@1@PAU_XLT_IL_INSTRUCTION@1@PAT21@2PAI@Z	0x2A0	0x82D88F40
xgraphics	xltconvert.cpp	?DoDCLV@XGRAPHICS@@YAXPAU_XLT_CONTEXT@1@PATIL_Dst@1@PATIL_Dst_Mod@1@I@Z	0x12C	0x82D891E0
xgraphics	xltconvert.cpp	?DoDCLPI@XGRAPHICS@@YAPATIL_Token@1@PAU_XLT_CONTEXT@1@PAU_XLT_IL_INSTRUCTION@1@PAT21@PAI@Z	0x2B8	0x82D89310
xgraphics	xltconvert.cpp	?FinishShader@XGRAPHICS@@YAXPAU_XLT_CONTEXT@1@@Z	0x9B8	0x82D895C8
xgraphics	xltconvert.cpp	?XltSetupRenderstates@XGRAPHICS@@YAXPAU_XLT_CONTEXT@1@PAU_CP_COMPILED_PROGRAM@1@@Z	0x25C	0x82D89F80
xgraphics	xltconvert.cpp	?InitTranslatorKonsts@XGRAPHICS@@YAXPAU_XLT_CONTEXT@1@@Z	0x98C	0x82D8A1E0
xgraphics	xltconvert.cpp	?XLT_Create@XGRAPHICS@@YAPAU_XLT_STATE_TRANSLATOR@1@PAXP6APAX0I@ZP6A?AW4_E_SSM_RETURNCODE@1@00@ZPAU_SS_SHADER_STORE@1@PAU_TS_TEXTURE_SERVER@1@PAU_SSM_REGISTRY@1@@Z	0x140	0x82D8AB70
xgraphics	xltconvert.cpp	?DoColorClamp@XGRAPHICS@@YAPATIL_Token@1@PAU_XLT_CONTEXT@1@PAU_XLT_IL_INSTRUCTION@1@PAT21@I@Z	0x3F0	0x82D8ACB0
xgraphics	xltconvert.cpp	?DoTexLd@XGRAPHICS@@YAPATIL_Token@1@PAU_XLT_CONTEXT@1@PAU_XLT_IL_INSTRUCTION@1@PAT21@PAI@Z	0x784	0x82D8B0A0
xgraphics	xltconvert.cpp	?DoVtxFogLinear@XGRAPHICS@@YAPATIL_Token@1@PAU_XLT_CONTEXT@1@PAT21@@Z	0x32C	0x82D8B828
xgraphics	xltconvert.cpp	?AssembleAluMacro@XGRAPHICS@@YAPATIL_Token@1@PAU_XLT_CONTEXT@1@PAT21@1PAII@Z	0x1124	0x82D8BB58
xgraphics	xltconvert.cpp	?DoTranslation@XGRAPHICS@@YAXPAU_XLT_CONTEXT@1@@Z	0xD34	0x82D8CC80
xgraphics	xltconvert.cpp	?BuildSymbolTable@XGRAPHICS@@YAXPAU_XLT_CONTEXT@1@PATIL_Token@1@@Z	0xA7C	0x82D8D9B8
xgraphics	xltconvert.cpp	?TranslateShader@XGRAPHICS@@YAIPAU_XLT_CONTEXT@1@PAEPAX@Z	0x114	0x82D8E438
xgraphics	xltconvert.cpp	?XLT_TranslateProgram@XGRAPHICS@@YA?AW4_E_SSM_RETURNCODE@1@PAU_XLT_STATE_TRANSLATOR@1@PAU_ABSTRACT_STATE@1@PAU_CP_COMPILED_PROGRAM@1@@Z	0x278	0x82D8E550
xgraphics	xltconvert.cpp	?XLT_TranslateShader@XGRAPHICS@@YA?AW4_E_SSM_RETURNCODE@1@PAU_XLT_STATE_TRANSLATOR@1@PAU_ABSTRACT_STATE@1@PAU_CP_COMPILED_PROGRAM@1@PAE@Z	0x1A8	0x82D8E7C8
xgraphics	compilerinc.cpp	?SetInterpUsage@Compiler@XGRAPHICS@@QAAXHHHHPAH00@Z	0x14	0x82D8E970
xgraphics	compilerinc.cpp	?GetTextureFetchConstForPointAA@Compiler@XGRAPHICS@@QAAIXZ	0x68	0x82D8E988
xgraphics	compilerinc.cpp	?GetTextureFetchConstForPixelFog@Compiler@XGRAPHICS@@QAAIXZ	0x68	0x82D8E9F0
xgraphics	compilerinc.cpp	?GetTextureFetchConstForLineAA@Compiler@XGRAPHICS@@QAAIXZ	0x68	0x82D8EA58
xgraphics	compilerinc.cpp	?Malloc@Arena@XGRAPHICS@@QBAPAXI@Z	0xC4	0x82D8EAC0
xgraphics	compilerinc.cpp	?GetTextureFetchConstForPolyStipple@Compiler@XGRAPHICS@@QAAIXZ	0x68	0x82D8EB88
xgraphics	compilerinc.cpp	?GetVertexFetchConst@Compiler@XGRAPHICS@@QAAIHPAI0@Z	0x58	0x82D8EBF0
xgraphics	compilerinc.cpp	?Free@Arena@XGRAPHICS@@QBAXPAX@Z	0x7C	0x82D8EC48
xgraphics	compilerinc.cpp	?GetTextureFetchConst@Compiler@XGRAPHICS@@QAAIH@Z	0x68	0x82D8ECC8
xgraphics	compilerinc.cpp	?SetConstByValue@ShaderOutput@XGRAPHICS@@UAAXHHM@Z	0x8	0x82D8ED30
xgraphics	compilerinc.cpp	?SetConstByValue@ShaderPairOutput@XGRAPHICS@@UAAXHHM@Z	0x20	0x82D8ED38
xgraphics	compilerinc.cpp	?SetConstByName@ShaderPairOutput@XGRAPHICS@@UAAXHHHH@Z	0x20	0x82D8ED58
xgraphics	compilerinc.cpp	?SetInterpUsage@ShaderPairOutput@XGRAPHICS@@UAAXHHHHPAH00@Z	0x13C	0x82D8ED78
xgraphics	compilerinc.cpp	merged_82D8EEB8	0x50	0x82D8EEB8
xgraphics	compilerinc.cpp	?GetPCS@ShaderPairOutput@XGRAPHICS@@UAAPAU_CS_COMPILED_SHADER@2@XZ	0x20	0x82D8EF08
xgraphics	compilerinc.cpp	?SetConstByName@ShaderOutput@XGRAPHICS@@UAAXHHHH@Z	0x8	0x82D8EF28
xgraphics	compilerinc.cpp	?SetInterpUsage@ShaderOutput@XGRAPHICS@@UAAXHHHHPAH00@Z	0x124	0x82D8EF30
xgraphics	compilerinc.cpp	merged_82D8F058	0x30	0x82D8F058
xgraphics	compilerinc.cpp	?RSLog@Compiler@XGRAPHICS@@QAAXPBDPAD@Z	0xAC	0x82D8F088
xgraphics	compilerinc.cpp	?FlushOutput@Compiler@XGRAPHICS@@QAAXXZ	0x44	0x82D8F138
xgraphics	compilerinc.cpp	?CodeBuffer@Compiler@XGRAPHICS@@QAAPADHH@Z	0x50	0x82D8F180
xgraphics	compilerinc.cpp	?Malloc@Compiler@XGRAPHICS@@QAAPAXI@Z	0x54	0x82D8F1D0
xgraphics	compilerinc.cpp	?MakeAp@Compiler@XGRAPHICS@@QAAXH@Z	0xA0	0x82D8F228
xgraphics	compilerinc.cpp	?ReleaseSpace@Compiler@XGRAPHICS@@QAAX_N@Z	0x74	0x82D8F2C8
xgraphics	compilerinc.cpp	?SetConstantComponent@Compiler@XGRAPHICS@@QAAXHHUkonst@2@@Z	0x94	0x82D8F340
xgraphics	compilerinc.cpp	?AllocFetchConst@ShaderPairOutput@XGRAPHICS@@UAAXW4IL_Shader_Type@2@W4E_FETCH_TYPE@2@IPAI2@Z	0x6C	0x82D8F3D8
xgraphics	compilerinc.cpp	?OutputVertexPatch@ShaderPairOutput@XGRAPHICS@@UAAXHHPAVCompiler@2@H@Z	0xB0	0x82D8F448
xgraphics	compilerinc.cpp	?AllocFetchConst@ShaderOutput@XGRAPHICS@@UAAXW4IL_Shader_Type@2@W4E_FETCH_TYPE@2@IPAI2@Z	0x58	0x82D8F4F8
xgraphics	compilerinc.cpp	?SetRecycle@Compiler@XGRAPHICS@@QAAXXZ	0x44	0x82D8F550
xgraphics	compilerinc.cpp	?RSLogWrapper@Compiler@XGRAPHICS@@SAXPAXPBDZZ	0x4C	0x82D8F598
xgraphics	compilerinc.cpp	?FlushRSLog@Compiler@XGRAPHICS@@QAAXXZ	0x84	0x82D8F5E8
xgraphics	compilerinc.cpp	?OpenCompilerOutputFile@Compiler@XGRAPHICS@@AAAXPBDPAD@Z	0x84	0x82D8F670
xgraphics	compilerinc.cpp	?RelOutput@Compiler@XGRAPHICS@@QAAXPBDZZ	0x60	0x82D8F6F8
xgraphics	compilerinc.cpp	?InitContextPerApp@Compiler@XGRAPHICS@@QAAXXZ	0xB0	0x82D8F758
xgraphics	compilerinc.cpp	?InitContextPerShader@Compiler@XGRAPHICS@@QAAXXZ	0x78	0x82D8F808
xgraphics	compilerinc.cpp	?Make@SSMHandle@XGRAPHICS@@SAPAV12@PAU_CS_COMPILED_SHADER@2@0PAVCompiler@2@@Z	0x60	0x82D8F880
xgraphics	compilerinc.cpp	?OutputVertexPatch@ShaderOutput@XGRAPHICS@@UAAXHHPAVCompiler@2@H@Z	0x9C	0x82D8F8E0
xgraphics	compilerinc.cpp	?AdjustForPixelShader@Crayola@XGRAPHICS@@UAAXXZ	0x1C	0x82D8F980
xgraphics	compilerinc.cpp	?AdjustForVertexShader@Crayola@XGRAPHICS@@UAAXXZ	0x1C	0x82D8F9A0
xgraphics	compilerinc.cpp	??0Compiler@XGRAPHICS@@QAA@PAXP6APAX0I@ZP6A?AW4_E_SSM_RETURNCODE@1@00@ZPAU_SS_SHADER_STORE@1@PAU_SSM_REGISTRY@1@@Z	0x100	0x82D8F9C0
xgraphics	compilerinc.cpp	?PerfDumpData@Compiler@XGRAPHICS@@QAAXXZ	0x70	0x82D8FAC0
xgraphics	compilerinc.cpp	?Compile@Compiler@XGRAPHICS@@AAAXPAVILProgram@2@@Z	0x5C8	0x82D8FB30
xgraphics	compilerinc.cpp	?Make@SSMHandle@XGRAPHICS@@SAPAV12@PAU_CS_COMPILED_SHADER@2@PAVCompiler@2@@Z	0x58	0x82D900F8
xgraphics	compilerinc.cpp	?CompileShaderPair@Compiler@XGRAPHICS@@QAAHPAU_CS_COMPILED_SHADER@2@0PAE1PAU_ABSTRACT_STATE@2@@Z	0x5CC	0x82D90150
xgraphics	compilerinc.cpp	?CompileShader@Compiler@XGRAPHICS@@QAAHPAU_CS_COMPILED_SHADER@2@PAEPAU_ABSTRACT_STATE@2@@Z	0x47C	0x82D90720
xgraphics	cp_compiler.cpp	?InitCompiledRenderState@XGRAPHICS@@YAXPAU_CP_COMPILED_PROGRAM@1@@Z	0x330	0x82D90BA0
xgraphics	cp_compiler.cpp	?AS_GetArrayStateAndIdx@XGRAPHICS@@YAIPAU_ABSTRACT_STATE@1@W4_E_AS_ARRAY_STATE@1@IPAT__AS_STATEVALUE@1@@Z	0xDC	0x82D90ED0
xgraphics	cp_compiler.cpp	?CP_CompileRenderStateGetBlendEnable@XGRAPHICS@@YAXPAU_CP_COMPILED_PROGRAM@1@PAU_ABSTRACT_STATE@1@QAPAI@Z	0x190	0x82D90FB0
xgraphics	cp_compiler.cpp	?CP_GetXenosZBufferElementFmt@XGRAPHICS@@YAIPAU_ABSTRACT_STATE@1@@Z	0xC0	0x82D91140
xgraphics	cp_compiler.cpp	?CP_CompileRenderState@XGRAPHICS@@YAXPAU_CP_COMPILED_PROGRAM@1@PAU_ABSTRACT_STATE@1@@Z	0xD0C	0x82D91200
xgraphics	compiledprogram.cpp	?CP_Destroy@XGRAPHICS@@YA?AW4_E_SSM_RETURNCODE@1@PAU_CP_COMPILED_PROGRAM@1@@Z	0x128	0x82D91F10
xgraphics	compiledprogram.cpp	?CP_CreateDataObject@XGRAPHICS@@YAPAXPAU_SSM_SSMDEVICE2CLIENT_INTERFACE@1@@Z	0xD8	0x82D92038
xgraphics	compiledprogram.cpp	?CP_DestroyDataObject@XGRAPHICS@@YA?AW4_E_SSM_RETURNCODE@1@PAX@Z	0x64	0x82D92110
xgraphics	compiledprogram.cpp	?CP_GetCS_ps@XGRAPHICS@@YAPAU_CS_COMPILED_SHADER@1@PAU_CP_COMPILED_PROGRAM@1@@Z	0x54	0x82D92178
xgraphics	compiledprogram.cpp	?CP_GetCS_vs@XGRAPHICS@@YAPAU_CS_COMPILED_SHADER@1@PAU_CP_COMPILED_PROGRAM@1@@Z	0x54	0x82D921D0
xgraphics	compiledprogram.cpp	?CP_GetRS@XGRAPHICS@@YAPAU_CP_RENDERSTATE_BLOCK@1@PAU_CP_COMPILED_PROGRAM@1@I@Z	0x80	0x82D92228
xgraphics	compiledprogram.cpp	?ConvertVertexFetchInstrMask@XGRAPHICS@@YA?AW4_VERTEX_INSTR_DESTSEL@1@D@Z	0xB0	0x82D922A8
xgraphics	compiledprogram.cpp	?ProcessVertexInputPatch@XGRAPHICS@@YAXPAU_CS_VERTEX_INPUT_PATCH@1@PAU_CP_SHADERPROGRAM_BLOCK@1@PAU_ABSTRACT_STATE@1@PAU_SSM_REGISTRY@1@@Z	0x174	0x82D92358
xgraphics	compiledprogram.cpp	?PatchCompiledShader@XGRAPHICS@@YAPAU_CP_SHADERPROGRAM_BLOCK@1@PAU_CP_COMPILED_PROGRAM@1@PAU_CS_COMPILED_SHADER@1@PAU_ABSTRACT_STATE@1@@Z	0xFC	0x82D924D0
xgraphics	compiledprogram.cpp	?CP_AllocFetchConst@XGRAPHICS@@YA?AW4_E_SSM_RETURNCODE@1@PAU_CP_COMPILED_PROGRAM@1@W4IL_Shader_Type@1@W4E_FETCH_TYPE@1@IPAI3@Z	0xAC	0x82D925D0
xgraphics	compiledprogram.cpp	?CP_AllocStaticScalarConst@XGRAPHICS@@YA?AW4_E_SSM_RETURNCODE@1@PAU_CP_COMPILED_PROGRAM@1@W4IL_Shader_Type@1@IW4E_IA_FLOAT_CHANNEL@1@M@Z	0xAC	0x82D92680
xgraphics	compiledprogram.cpp	?CP_AllocExportConst@XGRAPHICS@@YA?AW4_E_SSM_RETURNCODE@1@PAU_CP_COMPILED_PROGRAM@1@W4IL_Shader_Type@1@II@Z	0x9C	0x82D92730
xgraphics	compiledprogram.cpp	?CP_CopyPixelShader@XGRAPHICS@@YA?AW4_E_SSM_RETURNCODE@1@PAU_CP_COMPILED_PROGRAM@1@IPAX@Z	0x5C	0x82D927D0
xgraphics	compiledprogram.cpp	?CP_CopyVertexShader@XGRAPHICS@@YA?AW4_E_SSM_RETURNCODE@1@PAU_CP_COMPILED_PROGRAM@1@IPAX@Z	0x5C	0x82D92830
xgraphics	compiledprogram.cpp	?CP_SetInterpUsage@XGRAPHICS@@YA?AW4_E_SSM_RETURNCODE@1@PAU_CP_COMPILED_PROGRAM@1@W4IL_Shader_Type@1@IW4_E_INTERP_USAGE@1@IT_CS_COMPONENT_SEL@1@W4_E_INTERP_SAMPLING@1@HPAH55@Z	0x104	0x82D92890
xgraphics	compiledprogram.cpp	?CP_Create@XGRAPHICS@@YAPAU_CP_COMPILED_PROGRAM@1@PAXP6APAX0I@ZP6A?AW4_E_SSM_RETURNCODE@1@00@ZPAU_TS_TEXTURE_SERVER@1@PAU_SSM_REGISTRY@1@PAU_ORDERED_LIST_FACTORY@1@PAU_INTEGER_LIST_FACTORY@1@PAU_OBJECT_LIST_FACTORY@1@W4_E_COMPILED_PROGRAM_TYPE@1@@Z	0x234	0x82D92998
xgraphics	compiledprogram.cpp	?ProcessCompilerStates@XGRAPHICS@@YAXPAU_CP_COMPILED_PROGRAM@1@PAU_OBJECT_LIST@1@@Z	0xB0	0x82D92BD0
xgraphics	compiledprogram.cpp	?CP_ReplacePS@XGRAPHICS@@YAXPAU_CP_COMPILED_PROGRAM@1@PAU_CS_COMPILED_SHADER@1@PAU_ABSTRACT_STATE@1@@Z	0x104	0x82D92C80
xgraphics	compiledprogram.cpp	?CP_ReplaceVS@XGRAPHICS@@YAXPAU_CP_COMPILED_PROGRAM@1@PAU_CS_COMPILED_SHADER@1@PAU_ABSTRACT_STATE@1@@Z	0x104	0x82D92D88
xgraphics	compiledprogram.cpp	?CP_UpdatePSCompilerState@XGRAPHICS@@YAXPAU_CP_COMPILED_PROGRAM@1@@Z	0x88	0x82D92E90
xgraphics	compiledprogram.cpp	?CP_UpdateVSCompilerState@XGRAPHICS@@YAXPAU_CP_COMPILED_PROGRAM@1@@Z	0x88	0x82D92F18
xgraphics	instr.cpp	?ComputesScalarResult@Instruction@D3DXShader@@QAA_NXZ	0x58	0x82D92FA0
xgraphics	instr.cpp	?XenosSaturate@D3DXShader@@YAMM@Z	0xC0	0x82D92FF8
xgraphics	instr.cpp	?Xenos2ToX@D3DXShader@@YANN@Z	0x88	0x82D930B8
xgraphics	instr.cpp	?XenosLog2@D3DXShader@@YANN@Z	0x94	0x82D93140
xgraphics	instr.cpp	?XenosSqrtIEEE@D3DXShader@@YANN@Z	0x90	0x82D931D8
xgraphics	instr.cpp	?XenosRecipSqrtIEEE@D3DXShader@@YANN@Z	0xCC	0x82D93268
xgraphics	instr.cpp	?XenosRecipIEEE@D3DXShader@@YANN@Z	0xBC	0x82D93338
xgraphics	instr.cpp	?Skip@ComponentTypeEnumerator@D3DXShader@@QAAXI@Z	0x7C	0x82D933F8
xgraphics	instr.cpp	?GetLinkageFromInputSemantic@Compiler@D3DXShader@@AAA_NPAUInputSemantic@2@IPBDPAULinkageSemantics@2@PAW4PARAMGEN@2@@Z	0xB0	0x82D93478
xgraphics	instr.cpp	?GetSemanticName@Compiler@D3DXShader@@AAAXPADKPAVCNode@2@I@Z	0x128	0x82D93528
xgraphics	instr.cpp	?ChangeInterpolationMode@Compiler@D3DXShader@@AAA_NPAULinkageSemantics@2@I_NPAVCNode@2@I@Z	0x90	0x82D93650
xgraphics	instr.cpp	?GetVariableRegisterComponentRange@Compiler@D3DXShader@@AAAXIIPAI0000@Z	0x140	0x82D936E0
xgraphics	instr.cpp	?CacheVariableRegisterInstr@Compiler@D3DXShader@@AAAXPAUVariable@2@IIIPAVInstruction@2@@Z	0xC0	0x82D93820
xgraphics	instr.cpp	?DetectOrReportDuplicateSemantic@Compiler@D3DXShader@@QAA_NULinkageSemantics@2@PAVComponentTypeEnumerator@2@PAUVariable@2@I@Z	0xC8	0x82D938E0
xgraphics	instr.cpp	??0Instruction@D3DXShader@@QAA@W4Opcode@1@@Z	0x5C	0x82D939A8
xgraphics	instr.cpp	?ApplyModifiers@D3DXShader@@YAMMI@Z	0x68	0x82D93A08
xgraphics	instr.cpp	?ApplyModifiers@D3DXShader@@YANNW4ConstantValueType@1@I@Z	0x7C	0x82D93A70
xgraphics	instr.cpp	?ChangeDependency@Instruction@D3DXShader@@QAA_NPAVDependency@2@PAV12@II@Z	0x190	0x82D93AF0
xgraphics	instr.cpp	?GetModifiedFloatConstantValue@Instruction@D3DXShader@@QAAMII@Z	0x14	0x82D93C80
xgraphics	instr.cpp	?GetModifiedConstantValue@Instruction@D3DXShader@@QAANII@Z	0x78	0x82D93C98
xgraphics	instr.cpp	?ComputeBoundsFromConstraintFlags@D3DXShader@@YA_NIPAN0@Z	0x70	0x82D93D10
xgraphics	instr.cpp	?ApplyModifiersToConstraintBounds@D3DXShader@@YAXPAN0I@Z	0xC4	0x82D93D80
xgraphics	instr.cpp	?ConstraintMul@D3DXShader@@YANNN@Z	0xD8	0x82D93E48
xgraphics	instr.cpp	?FlipCondition_InPlace@Instruction@D3DXShader@@QAAXPAVCompiler@2@@Z	0xF0	0x82D93F20
xgraphics	instr.cpp	?CanNormalizeSwizzle@Instruction@D3DXShader@@QAA_NII@Z	0xC8	0x82D94010
xgraphics	instr.cpp	?NormalizeSwizzle@Instruction@D3DXShader@@QAAXII@Z	0x250	0x82D940D8
xgraphics	instr.cpp	?DecodeSwizzle@D3DXShader@@YAII@Z	0x48	0x82D94328
xgraphics	instr.cpp	?EncodeOperand@Instruction@D3DXShader@@QAAIIPATGPUALU_INSTRUCTION@@IPAUVectorOperandEncoding@2@@Z	0x290	0x82D94370
xgraphics	instr.cpp	?ValidateTextureInstructionOptions@Compiler@D3DXShader@@QAA?AW4ErrorCode@2@PAVInstruction@2@PATGPUTEXTURE_FETCH_INSTRUCTION@@_N@Z	0xA4	0x82D94600
xgraphics	instr.cpp	??0Dependency@D3DXShader@@QAA@PAVInstruction@1@@Z	0x30	0x82D946A8
xgraphics	instr.cpp	?IsEquivalentConstantDependency@Dependency@D3DXShader@@QAA_NPAV12@@Z	0xF0	0x82D946D8
xgraphics	instr.cpp	?FindAddressDef@Instruction@D3DXShader@@QAAPAV12@XZ	0x70	0x82D947C8
xgraphics	instr.cpp	?GetDependencyWithModifiers@Compiler@D3DXShader@@QAAPAVDependency@2@PAVInstruction@2@III@Z	0xA4	0x82D94838
xgraphics	instr.cpp	?ParseInputSemantic@Compiler@D3DXShader@@AAA_NPBDIPAUInputSemantic@2@K_NPAVCNode@2@PAULinkageSemantics@2@PAW4PARAMGEN@2@PA_N@Z	0x148	0x82D948E0
xgraphics	instr.cpp	?ComputeReverseRegisterEffect@Compiler@D3DXShader@@QAAHPAVInstruction@2@@Z	0xF8	0x82D94A28
xgraphics	instr.cpp	?SetRegister@Instruction@D3DXShader@@QAAXII@Z	0x484	0x82D94B20
xgraphics	instr.cpp	?GetResultBounds@Instruction@D3DXShader@@QAAXIPAN0@Z	0x16C	0x82D94FA8
xgraphics	instr.cpp	?SetResultBounds@Instruction@D3DXShader@@QAA_NINNPAVCompiler@2@@Z	0x208	0x82D95118
xgraphics	instr.cpp	?GetResultBounds@Dependency@D3DXShader@@QAAXIPAN0@Z	0x50	0x82D95320
xgraphics	instr.cpp	?EncodeVFETCH@Instruction@D3DXShader@@QAAXPATGPUVERTEX_FETCH_INSTRUCTION@@PAVCompiler@2@@Z	0x330	0x82D95370
xgraphics	instr.cpp	?EncodeTexture@Instruction@D3DXShader@@QAAXPATGPUTEXTURE_FETCH_INSTRUCTION@@PAVCompiler@2@@Z	0x424	0x82D956A0
xgraphics	instr.cpp	?FindScalarOperandSourceWorker@Dependency@D3DXShader@@QAAXW4Component@2@PAPAVInstruction@2@PAW432@PAIPAVBlock@2@PAV42@I@Z	0x45C	0x82D95AC8
xgraphics	instr.cpp	?IsAnyBitClear@?$DynamicBitSet@I$1?AllocInContext@CompilerHeap@D3DXShader@@SAPAXPAXK@Z$1?FreeInContext@23@SAX00K@Z@D3DXShader@@QAA_NII@Z	0xBC	0x82D95F28
xgraphics	instr.cpp	?RemoveAllDependencies@Instruction@D3DXShader@@QAAXPAVCompiler@2@@Z	0x50	0x82D95FE8
xgraphics	instr.cpp	?DisconnectOrderingDependencies@Compiler@D3DXShader@@QAAXPAVInstruction@2@@Z	0x28C	0x82D96038
xgraphics	instr.cpp	?ParseInputSemantic@Compiler@D3DXShader@@AAAXPAVCNodeVariable@2@PAVCNode@2@KIPAUInputSemantic@2@KPAULinkageSemantics@2@PAW4PARAMGEN@2@PA_N@Z	0x184	0x82D962C8
xgraphics	instr.cpp	?ParsePixelShaderInputSemantic@Compiler@D3DXShader@@AAAXPAVCNodeVariable@2@PAVCNode@2@KIPAULinkageSemantics@2@PAW4PARAMGEN@2@@Z	0x70	0x82D96450
xgraphics	instr.cpp	?SetInstructionSequence@Compiler@D3DXShader@@QAAXPAVBlock@2@@Z	0xE0	0x82D964C0
xgraphics	instr.cpp	?SimplifyVectorDependent@Compiler@D3DXShader@@QAA_NPAVInstruction@2@PAVDependency@2@0II@Z	0x36C	0x82D965A0
xgraphics	instr.cpp	?Init@Instruction@D3DXShader@@QAAXPAVCompiler@2@PAVBlock@2@W4Opcode@2@II@Z	0x1B4	0x82D96910
xgraphics	instr.cpp	?EncodeControl@Instruction@D3DXShader@@QAA_NPATGPUFLOW_INSTRUCTION@@PAVCompiler@2@@Z	0x2C0	0x82D96AC8
xgraphics	instr.cpp	?PlaceInstruction@Compiler@D3DXShader@@QAAXPAVInstruction@2@UInstructionPlacementPoint@12@@Z	0x114	0x82D96D88
xgraphics	instr.cpp	?InitVARIABLE@Instruction@D3DXShader@@QAAXPAVCompiler@2@W4Opcode@2@PAVBlock@2@IIIIIW4VariableComponentType@2@@Z	0xF0	0x82D96EA0
xgraphics	instr.cpp	?MakeInstr@Compiler@D3DXShader@@QAAPAVInstruction@2@PAVBlock@2@PAV?$DoubleLinkList@VInstruction@D3DXShader@@$0CE@@2@W4Opcode@2@II@Z	0xA8	0x82D96F90
xgraphics	instr.cpp	?MakeInstr_PHI@Compiler@D3DXShader@@QAAPAVInstruction@2@PAVBlock@2@@Z	0xBC	0x82D97038
xgraphics	instr.cpp	?MakeInstr_MERGE@Compiler@D3DXShader@@QAAPAVInstruction@2@PAVBlock@2@PAV?$DoubleLinkList@VInstruction@D3DXShader@@$0CE@@2@I@Z	0xA0	0x82D970F8
xgraphics	instr.cpp	?Clone@Compiler@D3DXShader@@QAAPAVInstruction@2@PAV32@@Z	0x30C	0x82D97198
xgraphics	instr.cpp	?CloneFetchWithDifferentSampler@Compiler@D3DXShader@@QAAPAVInstruction@2@PAV32@PAVDependency@2@@Z	0x11C	0x82D974A8
xgraphics	instr.cpp	?CreateVertexShaderInputInstr@Compiler@D3DXShader@@QAAPAVInstruction@2@ULinkageSemantics@2@I@Z	0x46C	0x82D975C8
xgraphics	instr.cpp	?CreateVariableInstrWorker@Compiler@D3DXShader@@QAAPAVInstruction@2@II_NW4Opcode@2@PAVBlock@2@UInstructionPlacementPoint@12@@Z	0x194	0x82D97A38
xgraphics	instr.cpp	?CloneUserVariable@Compiler@D3DXShader@@QAAPAUVariable@2@PAU32@W4_D3DXREGISTER_SET@@@Z	0x184	0x82D97BD0
xgraphics	instr.cpp	?CreateInternalVariable@Compiler@D3DXShader@@QAAPAUVariable@2@W4VariableKind@2@IPBD@Z	0x2E8	0x82D97D58
xgraphics	instr.cpp	?GetOrCreatePHI@Compiler@D3DXShader@@QAA?AVResult@2@PAVBlock@2@II@Z	0x2CC	0x82D98040
xgraphics	instr.cpp	?HasIdenticalDependencies@Instruction@D3DXShader@@QAA_NPAV12@PAVCompiler@2@@Z	0x270	0x82D98310
xgraphics	instr.cpp	?HasIdenticalNonVectorDependencies@Instruction@D3DXShader@@QAA_NPAV12@@Z	0x134	0x82D98580
xgraphics	instr.cpp	?IsLocatedAfter@Instruction@D3DXShader@@QAA_NPAV12@@Z	0x38	0x82D986B8
xgraphics	instr.cpp	?MakeInstr_S_RECIP_CLAMPED@Compiler@D3DXShader@@QAAPAVInstruction@2@PAVBlock@2@PAVDependency@2@@Z	0xA0	0x82D986F0
xgraphics	instr.cpp	?MakeInstr_S_PRED_SETE@Compiler@D3DXShader@@QAAPAVInstruction@2@PAVBlock@2@PAVDependency@2@@Z	0xA0	0x82D98790
xgraphics	instr.cpp	?MakeInstr_S_PRED_SETNE@Compiler@D3DXShader@@QAAPAVInstruction@2@PAVBlock@2@PAVDependency@2@@Z	0xA0	0x82D98830
xgraphics	instr.cpp	?MakeInstr_S_PRED_SETGT@Compiler@D3DXShader@@QAAPAVInstruction@2@PAVBlock@2@PAVDependency@2@@Z	0xA0	0x82D988D0
xgraphics	instr.cpp	?MakeInstr_S_PRED_SETGE@Compiler@D3DXShader@@QAAPAVInstruction@2@PAVBlock@2@PAVDependency@2@@Z	0xA0	0x82D98970
xgraphics	instr.cpp	?MakeInstr_T_TFETCH@Compiler@D3DXShader@@QAAPAVInstruction@2@PAVBlock@2@PAV?$DoubleLinkList@VInstruction@D3DXShader@@$0CE@@2@PAVDependency@2@2@Z	0xD4	0x82D98A10
xgraphics	instr.cpp	?MakeInstr_V_ADD@Compiler@D3DXShader@@QAAPAVInstruction@2@PAVBlock@2@PAV32@PAVDependency@2@@Z	0xD8	0x82D98AE8
xgraphics	instr.cpp	?MakeInstr_V_MUL@Compiler@D3DXShader@@QAAPAVInstruction@2@PAVBlock@2@PAV32@VResult@2@@Z	0xC8	0x82D98BC0
xgraphics	instr.cpp	?MakeInstr_V_SETGE@Compiler@D3DXShader@@QAAPAVInstruction@2@PAVBlock@2@PAV32@VResult@2@@Z	0xC8	0x82D98C88
xgraphics	instr.cpp	?ComputeQuaternaryOperatorPrecision@Compiler@D3DXShader@@SA?AW4ConstantValueType@2@V?$BitFieldSet@V?$FixedSizeBitSet@I$00@D3DXShader@@II$01@2@@Z	0x44	0x82D98D50
xgraphics	instr.cpp	?GetDependencyWithModifiers@Compiler@D3DXShader@@QAAPAVDependency@2@PAV32@I@Z	0x100	0x82D98D98
xgraphics	instr.cpp	?ConvertToExport@Compiler@D3DXShader@@QAAPAVDependency@2@PAV32@IPAVInstruction@2@_N@Z	0x258	0x82D98E98
xgraphics	instr.cpp	?MakeInstr_CONSTANT@Compiler@D3DXShader@@QAAPAVInstruction@2@IQAMV?$BitFieldSet@V?$FixedSizeBitSet@I$00@D3DXShader@@II$01@2@@Z	0x224	0x82D990F0
xgraphics	instr.cpp	?GetOrCreateUniformVariableInstrWorker@Compiler@D3DXShader@@QAAPAVInstruction@2@II_N@Z	0x12C	0x82D99318
xgraphics	instr.cpp	?GetOrCreateConstant@Compiler@D3DXShader@@QAA?AVResult@2@IMMMM@Z	0x1E4	0x82D99448
xgraphics	instr.cpp	?GetOrCreateConstantInstr@Compiler@D3DXShader@@QAAPAVInstruction@2@IQAMV?$BitFieldSet@V?$FixedSizeBitSet@I$00@D3DXShader@@II$01@2@@Z	0x184	0x82D99630
xgraphics	instr.cpp	?GetOrCreateConstantInstr@Compiler@D3DXShader@@QAAPAVInstruction@2@IQAUCONSTVALDATA@2@@Z	0x78	0x82D997B8
xgraphics	instr.cpp	?GetOrCreateConstantInstr@Compiler@D3DXShader@@QAAPAVInstruction@2@IQANV?$BitFieldSet@V?$FixedSizeBitSet@I$00@D3DXShader@@II$01@2@@Z	0xF4	0x82D99830
xgraphics	instr.cpp	?GetModifiedConstantData@Instruction@D3DXShader@@QAA?AUCONSTVALDATA@2@II@Z	0x110	0x82D99928
xgraphics	instr.cpp	?ComputeConstantOutputs@Instruction@D3DXShader@@QAAIQANPAV?$BitFieldSet@V?$FixedSizeBitSet@I$00@D3DXShader@@II$01@2@@Z	0x1DB8	0x82D99A38
xgraphics	instr.cpp	?FlipCondition@Instruction@D3DXShader@@QAAPAV12@PAVCompiler@2@@Z	0x100	0x82D9B7F0
xgraphics	instr.cpp	?EncodeALU@Instruction@D3DXShader@@QAAXPATGPUALU_INSTRUCTION@@_N@Z	0x8C8	0x82D9B8F0
xgraphics	instr.cpp	?WillBePlacedAfter@Compiler@D3DXShader@@QAA_NPAVInstruction@2@UInstructionPlacementPoint@12@@Z	0xB8	0x82D9C1B8
xgraphics	instr.cpp	?InsertNewCopy@Compiler@D3DXShader@@QAAXPAVBlock@2@UInstructionPlacementPoint@12@PAVDependency@2@@Z	0x348	0x82D9C270
xgraphics	instr.cpp	?InsertCopy@Compiler@D3DXShader@@QAA_NPAVBlock@2@UInstructionPlacementPoint@12@PAVDependency@2@@Z	0x24	0x82D9C5B8
xgraphics	instr.cpp	?CreatePixelShaderInputInstr@Compiler@D3DXShader@@QAAPAVInstruction@2@ULinkageSemantics@2@IW4PARAMGEN@2@_N2@Z	0x464	0x82D9C5E0
xgraphics	instr.cpp	?GetOrCreateInputVariable@Compiler@D3DXShader@@QAA?AVResult@2@II@Z	0x2F0	0x82D9CA48
xgraphics	instr.cpp	?GetOrCreateInputInstr@Compiler@D3DXShader@@QAAPAVInstruction@2@IIPBDI_N@Z	0x25C	0x82D9CD38
xgraphics	instr.cpp	?GetOrCreateDiagnosticBaseIndexVariableInstr@Compiler@D3DXShader@@QAAPAVInstruction@2@XZ	0xF8	0x82D9CF98
xgraphics	instr.cpp	?GetOrCreateIntegerConstantInstr@Compiler@D3DXShader@@QAAPAVInstruction@2@I_N@Z	0x6C	0x82D9D090
xgraphics	instr.cpp	?GetOrCreateIntegerConstant@Compiler@D3DXShader@@QAA?AVResult@2@I_N@Z	0x50	0x82D9D100
xgraphics	instr.cpp	?GetOrCreateConstantInstr@Compiler@D3DXShader@@QAAPAVInstruction@2@IMMMM@Z	0x44	0x82D9D150
xgraphics	instr.cpp	?GetOrCreateConstantInstr@Compiler@D3DXShader@@QAAPAVInstruction@2@NW4ConstantValueType@2@@Z	0xD8	0x82D9D198
xgraphics	instr.cpp	?InsertNewCopy@Compiler@D3DXShader@@QAAPAVInstruction@2@PAVBlock@2@UInstructionPlacementPoint@12@PAV32@@Z	0x258	0x82D9D270
xgraphics	instr.cpp	?InsertNewCopy@Compiler@D3DXShader@@QAAPAVInstruction@2@PAVBlock@2@UInstructionPlacementPoint@12@PAV32@W4Component@2@@Z	0x84	0x82D9D4C8
xgraphics	instr.cpp	?GetOrCreateUniformVariable@Compiler@D3DXShader@@QAA?AVResult@2@II@Z	0x3BC	0x82D9D550
xgraphics	instr.cpp	?GetOrCreateVariable@Compiler@D3DXShader@@QAA?AVResult@2@II@Z	0xAC	0x82D9D910
xgraphics	instr.cpp	?RemoveDeadInstruction@Compiler@D3DXShader@@QAAXPAVInstruction@2@PAV?$Stack@PAVInstruction@D3DXShader@@$1?AllocInContext@CompilerHeap@2@SAPAXPAXK@Z$1?FreeInContext@42@SAX00K@Z@2@_N@Z	0x284	0x82D9D9C0
xgraphics	instr.cpp	?RemoveDeadCodeTree@Compiler@D3DXShader@@QAAXPAVInstruction@2@@Z	0x220	0x82D9DC48
xgraphics	instr.cpp	?RemovePredicate@Compiler@D3DXShader@@QAA_NPAVInstruction@2@PAVDependency@2@_N@Z	0x1C4	0x82D9DE68
xgraphics	instr.cpp	?DependsOnWorker@Instruction@D3DXShader@@AAA_NPAV12@PAVBlock@2@_NPAVCompiler@2@@Z	0x300	0x82D9E030
xgraphics	instr.cpp	?CanReorderAdjacentWorker@Compiler@D3DXShader@@QAA_NPAVInstruction@2@0_N1@Z	0x31C	0x82D9E330
xgraphics	instr.cpp	?ReorderAdjacentWorker@Compiler@D3DXShader@@QAAXPAVInstruction@2@0_N1@Z	0x410	0x82D9E650
xgraphics	instr.cpp	?CanReorderBefore@Compiler@D3DXShader@@QAA_NPAVInstruction@2@0_N@Z	0xD0	0x82D9EA60
xgraphics	instr.cpp	?MarkThroughControllingBranches@Compiler@D3DXShader@@QAAXPAVInstruction@2@PAVBlock@2@PAV?$Stack@PAVInstruction@D3DXShader@@$1?AllocInContext@CompilerHeap@2@SAPAXPAXK@Z$1?FreeInContext@42@SAX00K@Z@2@@Z	0x2D4	0x82D9EB30
xgraphics	instr.cpp	?FindConstantOutput@Compiler@D3DXShader@@AAA?AW4Component@2@PAVInstruction@2@MI_N@Z	0x914	0x82D9EE08
xgraphics	instr.cpp	?RevokeConstantOutput@Compiler@D3DXShader@@AAAXPAVInstruction@2@W4Component@2@@Z	0x1E4	0x82D9F720
xgraphics	instr.cpp	?SimplifyDependents@Compiler@D3DXShader@@QAA_NPAVInstruction@2@0IIPAV?$Stack@PAVInstruction@D3DXShader@@$1?AllocInContext@CompilerHeap@2@SAPAXPAXK@Z$1?FreeInContext@42@SAX00K@Z@2@PA_N@Z	0x4E0	0x82D9F908
xgraphics	instr.cpp	?FindPHIDef_Isolated@Compiler@D3DXShader@@QAA_NPAVInstruction@2@PAPAV32@PAW4Component@2@PAI00@Z	0x27C	0x82D9FDE8
xgraphics	instr.cpp	?CanReorderAdjacent@Compiler@D3DXShader@@QAA_NPAVInstruction@2@0_N1@Z	0x118	0x82DA0068
xgraphics	instr.cpp	?ReorderAdjacent@Compiler@D3DXShader@@QAAXPAVInstruction@2@0_N1@Z	0xB4	0x82DA0180
xgraphics	instr.cpp	?ReorderBefore@Compiler@D3DXShader@@QAAXPAVInstruction@2@0_N@Z	0xA0	0x82DA0238
xgraphics	instr.cpp	?DependsOnLocal_Sequenced@Instruction@D3DXShader@@QAA_NPAV12@PAVCompiler@2@@Z	0x88	0x82DA02D8
xgraphics	instr.cpp	?MarkThroughDependencies@Compiler@D3DXShader@@QAAXPAVDependency@2@_N@Z	0x938	0x82DA0360
xgraphics	instr.cpp	?MarkThroughDependents@Compiler@D3DXShader@@QAAXPAVDependency@2@@Z	0x1CC	0x82DA0C98
xgraphics	instr.cpp	?MarkThroughBranchInstruction@Compiler@D3DXShader@@QAAXPAVInstruction@2@PAV?$Stack@PAVInstruction@D3DXShader@@$1?AllocInContext@CompilerHeap@2@SAPAXPAXK@Z$1?FreeInContext@42@SAX00K@Z@2@@Z	0x1C4	0x82DA0E68
xgraphics	instr.cpp	?Fold@Compiler@D3DXShader@@QAA?AUFoldResult@2@PAVInstruction@2@IQANPAV?$Stack@PAVInstruction@D3DXShader@@$1?AllocInContext@CompilerHeap@2@SAPAXPAXK@Z$1?FreeInContext@42@SAX00K@Z@2@V?$BitFieldSet@V?$FixedSizeBitSet@I$00@D3DXShader@@II$01@2@@Z	0x4F8	0x82DA1030
xgraphics	instr.cpp	?FindDef_Isolated@Dependency@D3DXShader@@QAAXPAPAVInstruction@2@PAI1PAV32@@Z	0x2F4	0x82DA1528
xgraphics	instr.cpp	?Fold@Instruction@D3DXShader@@QAA?AUFoldResult@2@PAVCompiler@2@PAV?$Stack@PAVInstruction@D3DXShader@@$1?AllocInContext@CompilerHeap@2@SAPAXPAXK@Z$1?FreeInContext@42@SAX00K@Z@2@@Z	0xD0	0x82DA1820
xgraphics	instr.cpp	?ResolveDependencyDef@Compiler@D3DXShader@@QAAXPAVDependency@2@PAPAVInstruction@2@PAI2@Z	0x590	0x82DA18F0
xgraphics	cfgimpl.cpp	?RevokeSideEffect@Instruction@D3DXShader@@QAAXW4SideEffect@2@@Z	0x60	0x82DA1E80
xgraphics	cfgimpl.cpp	?ChangePredecessor@Block@D3DXShader@@QAAXPAUControlFlowEdge@2@PAV12@@Z	0x3C	0x82DA1EE0
xgraphics	cfgimpl.cpp	?ChangeSuccessor@Block@D3DXShader@@QAAXPAUControlFlowEdge@2@PAV12@@Z	0x3C	0x82DA1F20
xgraphics	cfgimpl.cpp	?RemoveSuccessor@Block@D3DXShader@@QAAXPAV12@PAVCompiler@2@@Z	0x54	0x82DA1F60
xgraphics	cfgimpl.cpp	?SetNextEdge@DataFlowPredecessorEnumerator@D3DXShader@@AAAXPAUControlFlowEdge@2@@Z	0xAC	0x82DA1FB8
xgraphics	cfgimpl.cpp	?AddPredecessor@Block@D3DXShader@@QAAPAUControlFlowEdge@2@PAV12@PAVCompiler@2@@Z	0x6C	0x82DA2068
xgraphics	cfgimpl.cpp	?AddSuccessor@Block@D3DXShader@@QAAPAUControlFlowEdge@2@PAV12@PAVCompiler@2@@Z	0x6C	0x82DA20D8
xgraphics	cfgimpl.cpp	?FindCommonDominator@Block@D3DXShader@@QAAPAV12@PAV12@@Z	0x40	0x82DA2148
xgraphics	cfgimpl.cpp	?RemoveSideEffect@Block@D3DXShader@@QAAXW4SideEffect@2@PAVInstruction@2@PAVCompiler@2@@Z	0x240	0x82DA2188
xgraphics	cfgimpl.cpp	?IsLexicallyControlledBy@Block@D3DXShader@@QAA_NPAV12@@Z	0x88	0x82DA23C8
xgraphics	dxtn.cpp	merged_82DA2450	0xA8	0x82DA2450
xgraphics	dxtn.cpp	merged_82DA24F8	0x2D4	0x82DA24F8
xgraphics	dxtn.cpp	?OptimizeRGB@XG_D3DXTex@@YAXPAUD3DXCOLOR@1@0PBU21@I@Z	0x480	0x82DA27D0
xgraphics	dxtn.cpp	?EncodeDXT1@XG_D3DXTex@@YAJPAEPBUD3DXCOLOR@1@HH@Z	0x984	0x82DA2C50
xgraphics	dxtn.cpp	?D3DXDecodeDXT1@XG_D3DXTex@@YAJPAUD3DXCOLOR@1@PBE@Z	0x244	0x82DA35D8
xgraphics	dxtn.cpp	?D3DXDecodeDXT3A@XG_D3DXTex@@YAJPAUD3DXCOLOR@1@PBE@Z	0x80	0x82DA3820
xgraphics	dxtn.cpp	?D3DXDecodeDXT5A@XG_D3DXTex@@YAJPAUD3DXCOLOR@1@PBE@Z	0x204	0x82DA38A0
xgraphics	dxtn.cpp	?D3DXEncodeDXT1@XG_D3DXTex@@YAJPAEPBUD3DXCOLOR@1@H@Z	0x148	0x82DA3AA8
xgraphics	dxtn.cpp	?D3DXEncodeDXT3A@XG_D3DXTex@@YAJPAEPBUD3DXCOLOR@1@H@Z	0x164	0x82DA3BF0
xgraphics	dxtn.cpp	?D3DXEncodeDXT5A@XG_D3DXTex@@YAJPAEPBUD3DXCOLOR@1@H@Z	0x5A0	0x82DA3D58
xgraphics	dxtn.cpp	?D3DXDecodeDXT3@XG_D3DXTex@@YAJPAUD3DXCOLOR@1@PBE@Z	0x58	0x82DA42F8
xgraphics	dxtn.cpp	?D3DXEncodeDXT3@XG_D3DXTex@@YAJPAEPBUD3DXCOLOR@1@H@Z	0x54	0x82DA4350
xgraphics	dxtn.cpp	?D3DXDecodeDXT4@XG_D3DXTex@@YAJPAUD3DXCOLOR@1@PBE@Z	0x5C	0x82DA43A8
xgraphics	dxtn.cpp	?D3DXEncodeDXT2@XG_D3DXTex@@YAJPAEPBUD3DXCOLOR@1@H@Z	0x7C	0x82DA4408
xgraphics	dxtn.cpp	?D3DXEncodeDXT4@XG_D3DXTex@@YAJPAEPBUD3DXCOLOR@1@H@Z	0xB8	0x82DA4488
xgraphics	dxtn.cpp	?D3DXDecodeDXT2_3@XG_D3DXTex@@YAJPAUD3DXCOLOR@1@PBE@Z	0x5C	0x82DA4540
xgraphics	dxtn.cpp	?D3DXDecodeDXT4_5@XG_D3DXTex@@YAJPAUD3DXCOLOR@1@PBE@Z	0x5C	0x82DA45A0
xgraphics	dxtn.cpp	?D3DXEncodeDXT2_3@XG_D3DXTex@@YAJPAEPBUD3DXCOLOR@1@H@Z	0x18	0x82DA4600
xgraphics	dxtn.cpp	?D3DXEncodeDXT4_5@XG_D3DXTex@@YAJPAEPBUD3DXCOLOR@1@H@Z	0x60	0x82DA4618
xgraphics	host_mem.cpp	?MemsetAndFlush@XGRAPHICS@@YAXPAXII@Z	0x4	0x82DA4678
xgraphics	compilertossm.cpp	?FloatToString@XGRAPHICS@@YAXMPAD@Z	0xF8	0x82DA4680
xgraphics	compilertossm.cpp	?CompileWithPointSprites@XGRAPHICS@@YA?AW4_SSM_COMPILEWITH_RESULT@1@PAUCompAState@1@HPAU_CS_COMPILED_SHADER@1@P6AXPAXPBDZZ2@Z	0x114	0x82DA4778
xgraphics	compilertossm.cpp	?CompileWithVertexFog@XGRAPHICS@@YA?AW4_SSM_COMPILEWITH_RESULT@1@PAUCompAState@1@HPAU_CS_COMPILED_SHADER@1@P6AXPAXPBDZZ2@Z	0x12C	0x82DA4890
xgraphics	compilertossm.cpp	?CompileWithFogBlendInRB@XGRAPHICS@@YA?AW4_SSM_COMPILEWITH_RESULT@1@PAUCompAState@1@HPAU_CS_COMPILED_SHADER@1@P6AXPAXPBDZZ2@Z	0x8C	0x82DA49C0
xgraphics	compilertossm.cpp	?CompileWithBorderColor@XGRAPHICS@@YA?AW4_SSM_COMPILEWITH_RESULT@1@PAUCompAState@1@HPAU_CS_COMPILED_SHADER@1@P6AXPAXPBDZZ2@Z	0x7C	0x82DA4A50
xgraphics	compilertossm.cpp	?CompileWithLodClampEnable@XGRAPHICS@@YA?AW4_SSM_COMPILEWITH_RESULT@1@PAUCompAState@1@HPAU_CS_COMPILED_SHADER@1@P6AXPAXPBDZZ2@Z	0xA8	0x82DA4AD0
xgraphics	compilertossm.cpp	?CompileWithTextureDimensionCube@XGRAPHICS@@YA?AW4_SSM_COMPILEWITH_RESULT@1@PAUCompAState@1@HPAU_CS_COMPILED_SHADER@1@P6AXPAXPBDZZ2@Z	0xF4	0x82DA4B78
xgraphics	compilertossm.cpp	?CompileWithPixelFog@XGRAPHICS@@YA?AW4_SSM_COMPILEWITH_RESULT@1@PAUCompAState@1@HPAU_CS_COMPILED_SHADER@1@P6AXPAXPBDZZ2@Z	0x12C	0x82DA4C70
xgraphics	compilertossm.cpp	?CompileWithPointAA@XGRAPHICS@@YA?AW4_SSM_COMPILEWITH_RESULT@1@PAUCompAState@1@HPAU_CS_COMPILED_SHADER@1@P6AXPAXPBDZZ2@Z	0x110	0x82DA4DA0
xgraphics	compilertossm.cpp	?CompileWithLineAA@XGRAPHICS@@YA?AW4_SSM_COMPILEWITH_RESULT@1@PAUCompAState@1@HPAU_CS_COMPILED_SHADER@1@P6AXPAXPBDZZ2@Z	0x110	0x82DA4EB0
xgraphics	compilertossm.cpp	?CompileWithFogIndexOFog@XGRAPHICS@@YA?AW4_SSM_COMPILEWITH_RESULT@1@PAUCompAState@1@HPAU_CS_COMPILED_SHADER@1@P6AXPAXPBDZZ2@Z	0x114	0x82DA4FC0
xgraphics	compilertossm.cpp	?CompileWithFogIndexZ@XGRAPHICS@@YA?AW4_SSM_COMPILEWITH_RESULT@1@PAUCompAState@1@HPAU_CS_COMPILED_SHADER@1@P6AXPAXPBDZZ2@Z	0x110	0x82DA50D8
xgraphics	compilertossm.cpp	?CompileWithFogIndexW@XGRAPHICS@@YA?AW4_SSM_COMPILEWITH_RESULT@1@PAUCompAState@1@HPAU_CS_COMPILED_SHADER@1@P6AXPAXPBDZZ2@Z	0x114	0x82DA51E8
xgraphics	compilertossm.cpp	?CompileWithTableFogALU@XGRAPHICS@@YA?AW4_SSM_COMPILEWITH_RESULT@1@PAUCompAState@1@HPAU_CS_COMPILED_SHADER@1@P6AXPAXPBDZZ2@Z	0x114	0x82DA5300
xgraphics	compilertossm.cpp	?CompileWithTableFogLinear@XGRAPHICS@@YA?AW4_SSM_COMPILEWITH_RESULT@1@PAUCompAState@1@HPAU_CS_COMPILED_SHADER@1@P6AXPAXPBDZZ2@Z	0x114	0x82DA5418
xgraphics	compilertossm.cpp	?CompileWithTableFogExp@XGRAPHICS@@YA?AW4_SSM_COMPILEWITH_RESULT@1@PAUCompAState@1@HPAU_CS_COMPILED_SHADER@1@P6AXPAXPBDZZ2@Z	0x114	0x82DA5530
xgraphics	compilertossm.cpp	?CompileWithTableFogExp2@XGRAPHICS@@YA?AW4_SSM_COMPILEWITH_RESULT@1@PAUCompAState@1@HPAU_CS_COMPILED_SHADER@1@P6AXPAXPBDZZ2@Z	0x114	0x82DA5648
xgraphics	compilertossm.cpp	?CompileWithTwoSidedLighting@XGRAPHICS@@YA?AW4_SSM_COMPILEWITH_RESULT@1@PAUCompAState@1@HPAU_CS_COMPILED_SHADER@1@P6AXPAXPBDZZ2@Z	0x114	0x82DA5760
xgraphics	compilertossm.cpp	?CompileWithTexProjectedY@XGRAPHICS@@YA?AW4_SSM_COMPILEWITH_RESULT@1@PAUCompAState@1@HPAU_CS_COMPILED_SHADER@1@P6AXPAXPBDZZ2@Z	0x124	0x82DA5878
xgraphics	compilertossm.cpp	?CompileWithTexProjectedZ@XGRAPHICS@@YA?AW4_SSM_COMPILEWITH_RESULT@1@PAUCompAState@1@HPAU_CS_COMPILED_SHADER@1@P6AXPAXPBDZZ2@Z	0x124	0x82DA59A0
xgraphics	compilertossm.cpp	?CompileWithTexProjectedW@XGRAPHICS@@YA?AW4_SSM_COMPILEWITH_RESULT@1@PAUCompAState@1@HPAU_CS_COMPILED_SHADER@1@P6AXPAXPBDZZ2@Z	0x124	0x82DA5AC8
xgraphics	compilertossm.cpp	?CompileWithPolyStipple@XGRAPHICS@@YA?AW4_SSM_COMPILEWITH_RESULT@1@PAUCompAState@1@HPAU_CS_COMPILED_SHADER@1@P6AXPAXPBDZZ2@Z	0x114	0x82DA5BF0
xgraphics	compilertossm.cpp	?CompileWithYUVConversion@XGRAPHICS@@YA?AW4_SSM_COMPILEWITH_RESULT@1@PAUCompAState@1@HPAU_CS_COMPILED_SHADER@1@P6AXPAXPBDZZ2@Z	0xA8	0x82DA5D08
xgraphics	compilertossm.cpp	?CompileWithPointModeShadowBuffering@XGRAPHICS@@YA?AW4_SSM_COMPILEWITH_RESULT@1@PAUCompAState@1@HPAU_CS_COMPILED_SHADER@1@P6AXPAXPBDZZ2@Z	0x140	0x82DA5DB0
xgraphics	compilertossm.cpp	?CompileWithBilinearModeShadowBuffering@XGRAPHICS@@YA?AW4_SSM_COMPILEWITH_RESULT@1@PAUCompAState@1@HPAU_CS_COMPILED_SHADER@1@P6AXPAXPBDZZ2@Z	0x140	0x82DA5EF0
xgraphics	compilertossm.cpp	?CompileWithShadowGEqualCompareFunc@XGRAPHICS@@YA?AW4_SSM_COMPILEWITH_RESULT@1@PAUCompAState@1@HPAU_CS_COMPILED_SHADER@1@P6AXPAXPBDZZ2@Z	0x120	0x82DA6030
xgraphics	compilertossm.cpp	?CompileWithShadowLEqualCompareFunc@XGRAPHICS@@YA?AW4_SSM_COMPILEWITH_RESULT@1@PAUCompAState@1@HPAU_CS_COMPILED_SHADER@1@P6AXPAXPBDZZ2@Z	0x124	0x82DA6150
xgraphics	compilertossm.cpp	?CompileWithShadowUsageLuminance@XGRAPHICS@@YA?AW4_SSM_COMPILEWITH_RESULT@1@PAUCompAState@1@HPAU_CS_COMPILED_SHADER@1@P6AXPAXPBDZZ2@Z	0x124	0x82DA6278
xgraphics	compilertossm.cpp	?CompileWithShadowUsageIntensity@XGRAPHICS@@YA?AW4_SSM_COMPILEWITH_RESULT@1@PAUCompAState@1@HPAU_CS_COMPILED_SHADER@1@P6AXPAXPBDZZ2@Z	0x124	0x82DA63A0
xgraphics	compilertossm.cpp	?CompileWithShadowUsageAlpha@XGRAPHICS@@YA?AW4_SSM_COMPILEWITH_RESULT@1@PAUCompAState@1@HPAU_CS_COMPILED_SHADER@1@P6AXPAXPBDZZ2@Z	0x120	0x82DA64C8
xgraphics	compilertossm.cpp	?CompileWithColorClampNone@XGRAPHICS@@YA?AW4_SSM_COMPILEWITH_RESULT@1@PAUCompAState@1@HPAU_CS_COMPILED_SHADER@1@P6AXPAXPBDZZ2@Z	0x120	0x82DA65E8
xgraphics	compilertossm.cpp	?CompileWithColorClamp01@XGRAPHICS@@YA?AW4_SSM_COMPILEWITH_RESULT@1@PAUCompAState@1@HPAU_CS_COMPILED_SHADER@1@P6AXPAXPBDZZ2@Z	0x124	0x82DA6708
xgraphics	compilertossm.cpp	?CompileWithColorClampNeg11@XGRAPHICS@@YA?AW4_SSM_COMPILEWITH_RESULT@1@PAUCompAState@1@HPAU_CS_COMPILED_SHADER@1@P6AXPAXPBDZZ2@Z	0x124	0x82DA6830
xgraphics	compilertossm.cpp	?CompileWithHOSMode@XGRAPHICS@@YA?AW4_SSM_COMPILEWITH_RESULT@1@PAUCompAState@1@HPAU_CS_COMPILED_SHADER@1@P6AXPAXPBDZZ2@Z	0xE4	0x82DA6958
xgraphics	compilertossm.cpp	?CompileWithEdgeFlag@XGRAPHICS@@YA?AW4_SSM_COMPILEWITH_RESULT@1@PAUCompAState@1@HPAU_CS_COMPILED_SHADER@1@P6AXPAXPBDZZ2@Z	0x114	0x82DA6A40
xgraphics	compilertossm.cpp	?CompileWithCXVUTextureFormat@XGRAPHICS@@YA?AW4_SSM_COMPILEWITH_RESULT@1@PAUCompAState@1@HPAU_CS_COMPILED_SHADER@1@P6AXPAXPBDZZ2@Z	0xA8	0x82DA6B58
xgraphics	compilertossm.cpp	?CompileWithVertexStreamFrequencyDivide@XGRAPHICS@@YA?AW4_SSM_COMPILEWITH_RESULT@1@PAUCompAState@1@HPAU_CS_COMPILED_SHADER@1@P6AXPAXPBDZZ2@Z	0x124	0x82DA6C00
xgraphics	compilertossm.cpp	?CompileWithTransformedVertices@XGRAPHICS@@YA?AW4_SSM_COMPILEWITH_RESULT@1@PAUCompAState@1@HPAU_CS_COMPILED_SHADER@1@P6AXPAXPBDZZ2@Z	0x120	0x82DA6D28
xgraphics	compilertossm.cpp	?CompileWithShadowBuffering@XGRAPHICS@@YA?AW4_SSM_COMPILEWITH_RESULT@1@PAUCompAState@1@HPAU_CS_COMPILED_SHADER@1@P6AXPAXPBDZZ2@Z	0xA8	0x82DA6E48
xgraphics	compilertossm.cpp	?CompileGetHOSMode@XGRAPHICS@@YA?AW4_SSM_COMPILEWITH_RESULT@1@PAUCompAState@1@PAHP6AXPAXPBDZZ2@Z	0xE8	0x82DA6EF0
xgraphics	compilertossm.cpp	?CompileGetIntegerConstRegister@XGRAPHICS@@YA?AW4_SSM_COMPILEWITH_RESULT@1@PAUCompAState@1@W4_SSM_COMPILEWITH_SHADER_TYPE@1@HPAHP6AXPAXPBDZZ3@Z	0x14	0x82DA6FD8
xgraphics	compilertossm.cpp	?CompileGetBooleanConstRegister@XGRAPHICS@@YA?AW4_SSM_COMPILEWITH_RESULT@1@PAUCompAState@1@W4_SSM_COMPILEWITH_SHADER_TYPE@1@HPAHP6AXPAXPBDZZ3@Z	0x14	0x82DA6FF0
xgraphics	compilertossm.cpp	?CompileGetEdgeStream@XGRAPHICS@@YA?AW4_SSM_COMPILEWITH_RESULT@1@PAUCompAState@1@PAHP6AXPAXPBDZZ2@Z	0x10	0x82DA7008
xgraphics	compilertossm.cpp	?CompileGetTextureFormatData@XGRAPHICS@@YA?AW4_SSM_COMPILEWITH_RESULT@1@PAUCompAState@1@HPAU_SSM_TEXTUREFORMAT_DATA@1@P6AXPAXPBDZZ2@Z	0xF0	0x82DA7018
xgraphics	compilertossm.cpp	?CompileGetVertexFormatData@XGRAPHICS@@YA?AW4_SSM_COMPILEWITH_RESULT@1@PAUCompAState@1@HPAU_SSM_VERTEXFORMAT_DATA@1@PAU_SSM_REGISTRY@1@P6AXPAXPBDZZ3@Z	0x29C	0x82DA7108
xgraphics	compilertossm.cpp	?CompileGetVertexFetchMask@XGRAPHICS@@YA?AW4_SSM_COMPILEWITH_RESULT@1@PAUCompAState@1@HHPAPADPAU_SSM_REGISTRY@1@P6AXPAXPBDZZ3@Z	0x200	0x82DA73A8
xgraphics	compilertossm.cpp	?CompileGetVertexNumDwords@XGRAPHICS@@YA?AW4_SSM_COMPILEWITH_RESULT@1@PAUCompAState@1@HPAHPAU_SSM_REGISTRY@1@P6AXPAXPBDZZ3@Z	0x1D0	0x82DA75A8
xgraphics	compilertossm.cpp	?CompileGetVertexNumFetches@XGRAPHICS@@YA?AW4_SSM_COMPILEWITH_RESULT@1@PAUCompAState@1@HPAHPAU_SSM_REGISTRY@1@P6AXPAXPBDZZ3@Z	0x174	0x82DA7778
xgraphics	compilertossm.cpp	?CompileGetTexClampMode@XGRAPHICS@@YA?AW4_SSM_COMPILEWITH_RESULT@1@PAUCompAState@1@HPAH11P6AXPAXPBDZZ2@Z	0xB8	0x82DA78F0
xgraphics	compilertossm.cpp	?CompileGetPointSizeMax@XGRAPHICS@@YA?AW4_SSM_COMPILEWITH_RESULT@1@PAUCompAState@1@HPAMP6AXPAXPBDZZ2@Z	0xA0	0x82DA79A8
xgraphics	compilertossm.cpp	?CompileGetPointSizeMin@XGRAPHICS@@YA?AW4_SSM_COMPILEWITH_RESULT@1@PAUCompAState@1@HPAMP6AXPAXPBDZZ2@Z	0xA0	0x82DA7A48
xgraphics	compilertossm.cpp	?CompileGetWincoordOffsetsForPolyStippleX@XGRAPHICS@@YA?AW4_SSM_COMPILEWITH_RESULT@1@PAUCompAState@1@HPAMP6AXPAXPBDZZ2@Z	0x14	0x82DA7AE8
xgraphics	compilertossm.cpp	?CompileGetWincoordOffsetsForPolyStippleY@XGRAPHICS@@YA?AW4_SSM_COMPILEWITH_RESULT@1@PAUCompAState@1@HPAMP6AXPAXPBDZZ2@Z	0xEC	0x82DA7B00
xgraphics	compilertossm.cpp	merged_82DA7BF0	0x14	0x82DA7BF0
xgraphics	compilertossm.cpp	?CompileGetFogColorR@XGRAPHICS@@YA?AW4_SSM_COMPILEWITH_RESULT@1@PAUCompAState@1@HPAMP6AXPAXPBDZZ2@Z	0xA0	0x82DA7C08
xgraphics	compilertossm.cpp	?CompileGetFogColorG@XGRAPHICS@@YA?AW4_SSM_COMPILEWITH_RESULT@1@PAUCompAState@1@HPAMP6AXPAXPBDZZ2@Z	0xA0	0x82DA7CA8
xgraphics	compilertossm.cpp	?CompileGetFogColorB@XGRAPHICS@@YA?AW4_SSM_COMPILEWITH_RESULT@1@PAUCompAState@1@HPAMP6AXPAXPBDZZ2@Z	0xA0	0x82DA7D48
xgraphics	compilertossm.cpp	?CompileGetBorderColorR@XGRAPHICS@@YA?AW4_SSM_COMPILEWITH_RESULT@1@PAUCompAState@1@HPAMP6AXPAXPBDZZ2@Z	0xAC	0x82DA7DE8
xgraphics	compilertossm.cpp	?CompileGetBorderColorG@XGRAPHICS@@YA?AW4_SSM_COMPILEWITH_RESULT@1@PAUCompAState@1@HPAMP6AXPAXPBDZZ2@Z	0xAC	0x82DA7E98
xgraphics	compilertossm.cpp	?CompileGetBorderColorB@XGRAPHICS@@YA?AW4_SSM_COMPILEWITH_RESULT@1@PAUCompAState@1@HPAMP6AXPAXPBDZZ2@Z	0xAC	0x82DA7F48
xgraphics	compilertossm.cpp	?CompileGetBorderColorA@XGRAPHICS@@YA?AW4_SSM_COMPILEWITH_RESULT@1@PAUCompAState@1@HPAMP6AXPAXPBDZZ2@Z	0xAC	0x82DA7FF8
xgraphics	compilertossm.cpp	?CompileGetFogBias@XGRAPHICS@@YA?AW4_SSM_COMPILEWITH_RESULT@1@PAUCompAState@1@HPAMP6AXPAXPBDZZ2@Z	0x104	0x82DA80A8
xgraphics	compilertossm.cpp	?CompileGetFogScale@XGRAPHICS@@YA?AW4_SSM_COMPILEWITH_RESULT@1@PAUCompAState@1@HPAMP6AXPAXPBDZZ2@Z	0x160	0x82DA81B0
xgraphics	compilertossm.cpp	?CompileGetZScale@XGRAPHICS@@YA?AW4_SSM_COMPILEWITH_RESULT@1@PAUCompAState@1@HPAMP6AXPAXPBDZZ2@Z	0xA0	0x82DA8310
xgraphics	compilertossm.cpp	?CompileGetZOffset@XGRAPHICS@@YA?AW4_SSM_COMPILEWITH_RESULT@1@PAUCompAState@1@HPAMP6AXPAXPBDZZ2@Z	0xA0	0x82DA83B0
xgraphics	compilertossm.cpp	?CompileGetYUVConstantsC00@XGRAPHICS@@YA?AW4_SSM_COMPILEWITH_RESULT@1@PAUCompAState@1@HPAMP6AXPAXPBDZZ2@Z	0x14	0x82DA8450
xgraphics	compilertossm.cpp	?CompileGetYUVConstantsC01@XGRAPHICS@@YA?AW4_SSM_COMPILEWITH_RESULT@1@PAUCompAState@1@HPAMP6AXPAXPBDZZ2@Z	0x14	0x82DA8468
xgraphics	compilertossm.cpp	?CompileGetYUVConstantsC02@XGRAPHICS@@YA?AW4_SSM_COMPILEWITH_RESULT@1@PAUCompAState@1@HPAMP6AXPAXPBDZZ2@Z	0x14	0x82DA8480
xgraphics	compilertossm.cpp	merged_82DA8498	0x14	0x82DA8498
xgraphics	compilertossm.cpp	merged_82DA84B0	0x14	0x82DA84B0
xgraphics	compilertossm.cpp	merged_82DA84C8	0x14	0x82DA84C8
xgraphics	compilertossm.cpp	?CompileGetYUVConstantsC21@XGRAPHICS@@YA?AW4_SSM_COMPILEWITH_RESULT@1@PAUCompAState@1@HPAMP6AXPAXPBDZZ2@Z	0x14	0x82DA84E0
xgraphics	compilertossm.cpp	?CompileGetYUVConstantsC22@XGRAPHICS@@YA?AW4_SSM_COMPILEWITH_RESULT@1@PAUCompAState@1@HPAMP6AXPAXPBDZZ2@Z	0x14	0x82DA84F8
xgraphics	compilertossm.cpp	?CompileGetYUVConstantsC30@XGRAPHICS@@YA?AW4_SSM_COMPILEWITH_RESULT@1@PAUCompAState@1@HPAMP6AXPAXPBDZZ2@Z	0x14	0x82DA8510
xgraphics	compilertossm.cpp	?CompileGetYUVConstantsC31@XGRAPHICS@@YA?AW4_SSM_COMPILEWITH_RESULT@1@PAUCompAState@1@HPAMP6AXPAXPBDZZ2@Z	0x14	0x82DA8528
xgraphics	compilertossm.cpp	?CompileGetShadowFailThreshold@XGRAPHICS@@YA?AW4_SSM_COMPILEWITH_RESULT@1@PAUCompAState@1@HPAMP6AXPAXPBDZZ2@Z	0xAC	0x82DA8540
xgraphics	compilertossm.cpp	?CompileGetVertexStreamFrequencyDivideInterval@XGRAPHICS@@YA?AW4_SSM_COMPILEWITH_RESULT@1@PAUCompAState@1@HPAMP6AXPAXPBDZZ2@Z	0xBC	0x82DA85F0
xgraphics	compilertossm.cpp	?CompileGetFogStart@XGRAPHICS@@YA?AW4_SSM_COMPILEWITH_RESULT@1@PAUCompAState@1@HPAMP6AXPAXPBDZZ2@Z	0xA0	0x82DA86B0
xgraphics	compilertossm.cpp	?CompileGetFogEnd@XGRAPHICS@@YA?AW4_SSM_COMPILEWITH_RESULT@1@PAUCompAState@1@HPAMP6AXPAXPBDZZ2@Z	0xA0	0x82DA8750
xgraphics	compilertossm.cpp	?CompileGetFogDensity@XGRAPHICS@@YA?AW4_SSM_COMPILEWITH_RESULT@1@PAUCompAState@1@HPAMP6AXPAXPBDZZ2@Z	0xA0	0x82DA87F0
xgraphics	compilertossm.cpp	?CompileGetLodBias@XGRAPHICS@@YA?AW4_SSM_COMPILEWITH_RESULT@1@PAUCompAState@1@HPAMP6AXPAXPBDZZ2@Z	0xA0	0x82DA8890
xgraphics	compilertossm.cpp	?CompileGetLodClampMax@XGRAPHICS@@YA?AW4_SSM_COMPILEWITH_RESULT@1@PAUCompAState@1@HPAMP6AXPAXPBDZZ2@Z	0xAC	0x82DA8930
xgraphics	compilertossm.cpp	?CompileGetLodClampMin@XGRAPHICS@@YA?AW4_SSM_COMPILEWITH_RESULT@1@PAUCompAState@1@HPAMP6AXPAXPBDZZ2@Z	0xAC	0x82DA89E0
xgraphics	compilertossm.cpp	?CompileGetMemExportConstant0@XGRAPHICS@@YA?AW4_SSM_COMPILEWITH_RESULT@1@PAUCompAState@1@HPAMP6AXPAXPBDZZ2@Z	0xB8	0x82DA8A90
xgraphics	compilertossm.cpp	?CompileGetMemExportConstant1@XGRAPHICS@@YA?AW4_SSM_COMPILEWITH_RESULT@1@PAUCompAState@1@HPAMP6AXPAXPBDZZ2@Z	0x74	0x82DA8B48
xgraphics	compilertossm.cpp	?CompileGetMemExportConstant2@XGRAPHICS@@YA?AW4_SSM_COMPILEWITH_RESULT@1@PAUCompAState@1@HPAMP6AXPAXPBDZZ2@Z	0x144	0x82DA8BC0
xgraphics	compilertossm.cpp	?CompileGetMemExportConstant3@XGRAPHICS@@YA?AW4_SSM_COMPILEWITH_RESULT@1@PAUCompAState@1@HPAMP6AXPAXPBDZZ2@Z	0xB4	0x82DA8D08
xgraphics	compilertossm.cpp	?CompileWithPointSizeClamp@XGRAPHICS@@YA?AW4_SSM_COMPILEWITH_RESULT@1@PAUCompAState@1@HPAU_CS_COMPILED_SHADER@1@P6AXPAXPBDZZ2@Z	0x124	0x82DA8DC0
xgraphics	compilertossm.cpp	?CompileWithPointSpriteReplaceModeNone@XGRAPHICS@@YA?AW4_SSM_COMPILEWITH_RESULT@1@PAUCompAState@1@HPAU_CS_COMPILED_SHADER@1@P6AXPAXPBDZZ2@Z	0x170	0x82DA8EE8
xgraphics	compilertossm.cpp	?CompileWithPointSpriteReplaceModeZero@XGRAPHICS@@YA?AW4_SSM_COMPILEWITH_RESULT@1@PAUCompAState@1@HPAU_CS_COMPILED_SHADER@1@P6AXPAXPBDZZ2@Z	0x190	0x82DA9058
xgraphics	compilertossm.cpp	?CompileWithPointSpriteReplaceModeS@XGRAPHICS@@YA?AW4_SSM_COMPILEWITH_RESULT@1@PAUCompAState@1@HPAU_CS_COMPILED_SHADER@1@P6AXPAXPBDZZ2@Z	0x190	0x82DA91E8
xgraphics	compilertossm.cpp	?CompileWithPointSpriteReplaceModeR@XGRAPHICS@@YA?AW4_SSM_COMPILEWITH_RESULT@1@PAUCompAState@1@HPAU_CS_COMPILED_SHADER@1@P6AXPAXPBDZZ2@Z	0x190	0x82DA9378
xgraphics	ternary.cpp	?TST_Search@XGRAPHICS@@YAIPAU_TERNARY_SEARCH_TREE@1@QAIIPAPAU_TERNARY_NODE@1@@Z	0xC0	0x82DA9508
xgraphics	ternary.cpp	?TST_GetDataValue@XGRAPHICS@@YAIPAU_TERNARY_NODE@1@@Z	0x18	0x82DA95C8
xgraphics	ternary.cpp	?TST_NodeCreate@XGRAPHICS@@YAPAU_TERNARY_NODE@1@PAU_TERNARY_SEARCH_TREE@1@IPAU21@@Z	0x54	0x82DA95E0
xgraphics	ternary.cpp	?TST_Create@XGRAPHICS@@YAPAU_TERNARY_SEARCH_TREE@1@PAXP6APAX0I@ZP6A?AW4_E_SSM_RETURNCODE@1@00@ZI@Z	0x10C	0x82DA9638
xgraphics	ternary.cpp	?TST_Insert@XGRAPHICS@@YAPAU_TERNARY_NODE@1@PAU_TERNARY_SEARCH_TREE@1@QAIII@Z	0x178	0x82DA9748
xgraphics	ternary.cpp	?TST_Clear@XGRAPHICS@@YAXPAU_TERNARY_SEARCH_TREE@1@@Z	0x114	0x82DA98C0
xgraphics	ternary.cpp	?TST_Destroy@XGRAPHICS@@YAXPAU_TERNARY_SEARCH_TREE@1@@Z	0x74	0x82DA99D8
xgraphics	hash32.cpp	?Hash32@XGRAPHICS@@YAIPAIII@Z	0x198	0x82DA9A50
xgraphics	cp_common.cpp	?R400SetRenderState@XGRAPHICS@@YAXPAU_CP_COMPILED_PROGRAM@1@W4_E_R400_STATE@1@I@Z	0xF8	0x82DA9BE8
xgraphics	cp_common.cpp	?r400ConvertColorFloatArrayToHwIntArray@XGRAPHICS@@YAIQAMQAIIIII@Z	0x1E0	0x82DA9CE0
xgraphics	cp_common.cpp	?CP_GetR400ColorElementFmt@XGRAPHICS@@YAXPAU_ABSTRACT_STATE@1@IPAU_R400_COLOR_ELEMENT_FMT@1@@Z	0x480	0x82DA9EC0
xgraphics	cp_common.cpp	?CP_GetXenosColorElementFmt@XGRAPHICS@@YAXPAU_ABSTRACT_STATE@1@IPAU_XENOS_COLOR_ELEMENT_FMT@1@@Z	0x134	0x82DAA340
xgraphics	cfg.cpp	?InsertAfter@CFG@XGRAPHICS@@QAAXAAVBlock@2@0@Z	0x60	0x82DAA478
xgraphics	cfg.cpp	?IsVertexShader@CFG@XGRAPHICS@@QAA_NXZ	0x8	0x82DAA4D8
xgraphics	cfg.cpp	?ClearSymbolTable@CFG@XGRAPHICS@@QAAXXZ	0x3C	0x82DAA4E0
xgraphics	cfg.cpp	?BuildOutputLinkage@CFG@XGRAPHICS@@QAAXAAVLinkageInfo@2@@Z	0x48	0x82DAA520
xgraphics	cfg.cpp	?GetEnableParameterGeneration@CFG@XGRAPHICS@@QAA_NXZ	0x8	0x82DAA568
xgraphics	cfg.cpp	?GetParameterGenerationPosition@CFG@XGRAPHICS@@QAAHXZ	0x8	0x82DAA570
xgraphics	cfg.cpp	?GetScreenXYFaceness@CFG@XGRAPHICS@@QAA_NXZ	0x8	0x82DAA578
xgraphics	cfg.cpp	??0InternalVector@XGRAPHICS@@IAA@PAVArena@1@@Z	0x54	0x82DAA580
xgraphics	cfg.cpp	merged_82DAA5D8	0x4C	0x82DAA5D8
xgraphics	cfg.cpp	?GetPWInput@IRInst@XGRAPHICS@@QAAPAV12@XZ	0x68	0x82DAA628
xgraphics	cfg.cpp	?RemovePWInput@IRInst@XGRAPHICS@@QAAXXZ	0x84	0x82DAA690
xgraphics	cfg.cpp	?AddResource@IRInst@XGRAPHICS@@QAAXPAV12@@Z	0xA8	0x82DAA718
xgraphics	cfg.cpp	?SetParm@IRInst@XGRAPHICS@@QAAXHPAV12@@Z	0xA8	0x82DAA7C0
xgraphics	cfg.cpp	?AddToRootSet@CFG@XGRAPHICS@@QAAXPAVIRInst@2@@Z	0x38	0x82DAA868
xgraphics	cfg.cpp	?RemoveFromRootSet@CFG@XGRAPHICS@@QAAXPAVIRInst@2@@Z	0x84	0x82DAA8A0
xgraphics	cfg.cpp	?AddImplicitInputs@CFG@XGRAPHICS@@AAAXXZ	0x1A8	0x82DAA928
xgraphics	cfg.cpp	?SetDfOrder@CFG@XGRAPHICS@@QAAXPAPAVBlock@2@I@Z	0x70	0x82DAAAD0
xgraphics	cfg.cpp	?GetExecutionOrder@CFG@XGRAPHICS@@QAAPAPAVBlock@2@XZ	0x160	0x82DAAB40
xgraphics	cfg.cpp	?SetUpParamGen@CFG@XGRAPHICS@@AAAPAVVRegInfo@2@XZ	0x48	0x82DAACA0
xgraphics	cfg.cpp	?InsertInstructionsForTwoSidedLighting@CFG@XGRAPHICS@@AAAXXZ	0x12C	0x82DAACE8
xgraphics	cfg.cpp	?BuildUsesAndDefs@CFG@XGRAPHICS@@AAAXAAVIRInst@2@@Z	0x394	0x82DAAE18
xgraphics	cfg.cpp	?MakeBitSet@bitset@XGRAPHICS@@SAPAV12@IPBVArena@2@@Z	0x70	0x82DAB1B0
xgraphics	cfg.cpp	?Validate@CFG@XGRAPHICS@@QBA_NXZ	0x58	0x82DAB220
xgraphics	cfg.cpp	?InsertInstructionsForVertexFog@CFG@XGRAPHICS@@AAAXXZ	0x150	0x82DAB278
xgraphics	cfg.cpp	?InsertInstructionsForVertexFogWithBlend@CFG@XGRAPHICS@@AAAXXZ	0x1EC	0x82DAB3C8
xgraphics	cfg.cpp	?InsertInstructionsForWritePixelFogInterps@CFG@XGRAPHICS@@AAAXXZ	0x59C	0x82DAB5B8
xgraphics	cfg.cpp	?InsertInstructionsForExportVertexFogFactor@CFG@XGRAPHICS@@AAAXXZ	0xC0	0x82DABB58
xgraphics	cfg.cpp	?FixupMultipleConstants@CFG@XGRAPHICS@@AAAXXZ	0x1E0	0x82DABC18
xgraphics	cfg.cpp	?MaybeWriteWincoord@CFG@XGRAPHICS@@AAAXXZ	0x4D0	0x82DABDF8
xgraphics	cfg.cpp	?MaybeExportZAndW@CFG@XGRAPHICS@@AAAXXZ	0x314	0x82DAC2C8
xgraphics	cfg.cpp	?MaybeExportEdgeFlags@CFG@XGRAPHICS@@AAAXXZ	0x1F4	0x82DAC5E0
xgraphics	cfg.cpp	?MaybeClampPointSize@CFG@XGRAPHICS@@AAAXAAVILInstIterator@2@@Z	0x220	0x82DAC7D8
xgraphics	cfg.cpp	?InsertInstructionsForPointSprites@CFG@XGRAPHICS@@AAAXXZ	0x69C	0x82DAC9F8
xgraphics	cfg.cpp	?EnsurePositionExport@CFG@XGRAPHICS@@AAAXXZ	0x174	0x82DAD098
xgraphics	cfg.cpp	?InsertPosAllocInstruction@CFG@XGRAPHICS@@QAAXXZ	0xE4	0x82DAD210
xgraphics	cfg.cpp	?DomTest@XGRAPHICS@@YA_NPAVIRInst@1@PAVIRAlloc@1@@Z	0x5C	0x82DAD2F8
xgraphics	cfg.cpp	?InsertICExportInstructions@CFG@XGRAPHICS@@QAAXXZ	0x5DC	0x82DAD358
xgraphics	cfg.cpp	?InsertICAllocInstruction@CFG@XGRAPHICS@@QAAXXZ	0x478	0x82DAD938
xgraphics	cfg.cpp	??0CFG@XGRAPHICS@@QAA@AAVLinkageInfo@1@PAUCompAState@1@PAVCompiler@1@@Z	0x2F4	0x82DADDB0
xgraphics	cfg.cpp	??1CFG@XGRAPHICS@@QAA@XZ	0xDC	0x82DAE0A8
xgraphics	cfg.cpp	?GetDfOrder@CFG@XGRAPHICS@@QAAPAPAVBlock@2@XZ	0xA8	0x82DAE188
xgraphics	cfg.cpp	?GetPostOrder@CFG@XGRAPHICS@@QAAPAPAVBlock@2@XZ	0x8C	0x82DAE230
xgraphics	cfg.cpp	?MaybeExpandTwoSidedLighting@CFG@XGRAPHICS@@AAAXXZ	0xA4	0x82DAE2C0
xgraphics	cfg.cpp	?MaybeExpandVertexFog@CFG@XGRAPHICS@@AAAXXZ	0xE8	0x82DAE368
xgraphics	cfg.cpp	?InsertInstructionsForPointAA@CFG@XGRAPHICS@@AAAXXZ	0x574	0x82DAE450
xgraphics	cfg.cpp	?MaybeExportVertexFogFactor@CFG@XGRAPHICS@@AAAXXZ	0x100	0x82DAE9C8
xgraphics	cfg.cpp	?MaybeWritePixelFogInterps@CFG@XGRAPHICS@@AAAXXZ	0xA4	0x82DAEAC8
xgraphics	cfg.cpp	?InsertInstructionsForPixelFog@CFG@XGRAPHICS@@AAAXXZ	0xAE8	0x82DAEB70
xgraphics	cfg.cpp	?InsertInstructionsForLineAA@CFG@XGRAPHICS@@AAAXXZ	0x718	0x82DAF658
xgraphics	cfg.cpp	?InsertInstructionsForPolyStipple@CFG@XGRAPHICS@@AAAXXZ	0x998	0x82DAFD70
xgraphics	cfg.cpp	?MaybeExpandPointSprites@CFG@XGRAPHICS@@AAAXXZ	0xA4	0x82DB0708
xgraphics	cfg.cpp	?MarkBlocksForFetchesAndMemexports@CFG@XGRAPHICS@@QAAXXZ	0xE8	0x82DB07B0
xgraphics	cfg.cpp	?GroupDeclaredVFetches@CFG@XGRAPHICS@@AAAXXZ	0x4FC	0x82DB0898
xgraphics	cfg.cpp	?MaybeExpandPointAA@CFG@XGRAPHICS@@AAAXXZ	0xA4	0x82DB0D98
xgraphics	cfg.cpp	?MaybeExpandPixelFog@CFG@XGRAPHICS@@AAAXXZ	0xA4	0x82DB0E40
xgraphics	cfg.cpp	?MaybeExpandLineAA@CFG@XGRAPHICS@@AAAXXZ	0xA4	0x82DB0EE8
xgraphics	cfg.cpp	?MaybeExpandPolyStipple@CFG@XGRAPHICS@@AAAXXZ	0xA4	0x82DB0F90
xgraphics	cfg.cpp	?SetUpAllocs@CFG@XGRAPHICS@@QAAXXZ	0x44	0x82DB1038
xgraphics	cfg.cpp	?MaybeExpandColor@CFG@XGRAPHICS@@AAAXXZ	0xBC	0x82DB1080
xgraphics	cfg.cpp	?InitialInput@CFG@XGRAPHICS@@QAAXAAVILInstIterator@2@@Z	0x140	0x82DB1140
xgraphics	arena.cpp	?ReleaseInternal@Arena@XGRAPHICS@@QAAXXZ	0x78	0x82DB1280
xgraphics	arena.cpp	?Size@Arena@XGRAPHICS@@QBAHXZ	0x48	0x82DB12F8
xgraphics	arena.cpp	?Grow@Arena@XGRAPHICS@@QBAXI@Z	0x6C	0x82DB1340
xgraphics	ilprogram.cpp	??1ILProgram@XGRAPHICS@@QAA@XZ	0x1C	0x82DB13B0
xgraphics	ilprogram.cpp	?Make@ILProgram@XGRAPHICS@@SAPAV12@PAEPAVCompiler@2@@Z	0x80	0x82DB13D0
xgraphics	ilprogram.cpp	?MakePair@ILProgram@XGRAPHICS@@SAPAV12@PAE0PAVCompiler@2@@Z	0x94	0x82DB1450
xgraphics	ilinstiterator.cpp	?AddTarget@XGRAPHICS@@YAXPAHH@Z	0x5C	0x82DB14E8
xgraphics	ilinstiterator.cpp	?SetVersion@ILFormatDecode@XGRAPHICS@@SAXPBIPAVCompiler@2@@Z	0x7C	0x82DB1548
xgraphics	ilinstiterator.cpp	?GetTarget@ILFormatDecode@XGRAPHICS@@SAIPBI@Z	0x64	0x82DB15C8
xgraphics	ilinstiterator.cpp	?IsIf@ILFormatDecode@XGRAPHICS@@SA_NPBI@Z	0x4C	0x82DB1630
xgraphics	ilinstiterator.cpp	?NextStatement@ILInstIterator@XGRAPHICS@@AAAXXZ	0x1F4	0x82DB1680
xgraphics	ilinstiterator.cpp	?SetBool@ILInstIterator@XGRAPHICS@@AAAXH_N@Z	0x4C	0x82DB1878
xgraphics	ilinstiterator.cpp	?IsCall@ILFormatDecode@XGRAPHICS@@SA_NPBI@Z	0x4C	0x82DB18C8
xgraphics	ilinstiterator.cpp	?IsJmp@ILFormatDecode@XGRAPHICS@@SA_NPBI@Z	0x4C	0x82DB1918
xgraphics	ilinstiterator.cpp	?IsCloseScope@ILFormatDecode@XGRAPHICS@@SA_NPBI@Z	0x6C	0x82DB1968
xgraphics	ilinstiterator.cpp	?IsOpenScope@ILFormatDecode@XGRAPHICS@@SA_NPBI@Z	0x64	0x82DB19D8
xgraphics	ilinstiterator.cpp	??0ILInstIterator@XGRAPHICS@@QAA@PAIPAVCompiler@1@@Z	0x218	0x82DB1A40
xgraphics	ilinstiterator.cpp	merged_82DB1C58	0x58	0x82DB1C58
xgraphics	ilinstiterator.cpp	??1ILInstIterator@XGRAPHICS@@QAA@XZ	0x78	0x82DB1CB0
xgraphics	ilinstiterator.cpp	?Step@ILInstIterator@XGRAPHICS@@QAA_NXZ	0xF60	0x82DB1D28
xgraphics	asm.cpp	?AssemblerStats@CFG@XGRAPHICS@@QAAXAAVAssembler@2@@Z	0x188	0x82DB2C88
xgraphics	asm.cpp	?EmitExec_base@Assembler@XGRAPHICS@@QAAXIIHH@Z	0xD4	0x82DB2E10
xgraphics	asm.cpp	?EmitAlloc@Assembler@XGRAPHICS@@QAAXHH@Z	0xB4	0x82DB2EE8
xgraphics	asm.cpp	?EmitCfNop@Assembler@XGRAPHICS@@QAAXXZ	0xA4	0x82DB2FA0
xgraphics	asm.cpp	?ExportBuffer@IRExport@XGRAPHICS@@QBAHXZ	0x70	0x82DB3048
xgraphics	asm.cpp	?VFetchDstModifierToDstSel@XGRAPHICS@@YAHH@Z	0xAC	0x82DB30B8
xgraphics	asm.cpp	?TFetchDstModifierToDstSel@XGRAPHICS@@YAHHH@Z	0xA4	0x82DB3168
xgraphics	asm.cpp	?PostAssemble@IREndMakeCall@XGRAPHICS@@UAAXPAVAssembler@2@PADPAVCompiler@2@@Z	0x40	0x82DB3210
xgraphics	asm.cpp	?EmitCall@Assembler@XGRAPHICS@@QAAXH@Z	0x94	0x82DB3250
xgraphics	asm.cpp	?EmitRet@Assembler@XGRAPHICS@@QAAXXZ	0x5C	0x82DB32E8
xgraphics	asm.cpp	?DefIsDead@IRInst@XGRAPHICS@@QBA_NXZ	0x60	0x82DB3348
xgraphics	asm.cpp	?IsUse@IRInst@XGRAPHICS@@QBA_NH@Z	0xB4	0x82DB33A8
xgraphics	asm.cpp	?HasLiteralWrites@IRInst@XGRAPHICS@@QBA_NXZ	0x80	0x82DB3460
xgraphics	asm.cpp	?GetPrdStackRegIniter@Assembler@XGRAPHICS@@QAAPAVIRInst@2@XZ	0x78	0x82DB34E0
xgraphics	asm.cpp	?FinishUp@Assembler@XGRAPHICS@@QAAXXZ	0x268	0x82DB3558
xgraphics	asm.cpp	?OutputPatches@Assembler@XGRAPHICS@@QAAXH@Z	0x90	0x82DB37C0
xgraphics	asm.cpp	?IsHeadOfConditionalBreak@IfHeader@XGRAPHICS@@QAA_NAA_N@Z	0x148	0x82DB3850
xgraphics	asm.cpp	?MakePWCopy@IRMov@XGRAPHICS@@SAPAVIRInst@2@PAV32@H0PAVCompiler@2@@Z	0x60	0x82DB3998
xgraphics	asm.cpp	?MakePWCorrection@XGRAPHICS@@YAPAVIRInst@1@PAV21@H0PAVCompiler@1@@Z	0x88	0x82DB39F8
xgraphics	asm.cpp	?IsPWInput@IRInst@XGRAPHICS@@QBA_NH@Z	0x8C	0x82DB3A80
xgraphics	asm.cpp	?ProcessPartialWrites@Assembler@XGRAPHICS@@QAAXAAVDList@2@AAPAVIRInst@2@@Z	0x75C	0x82DB3B10
xgraphics	asm.cpp	??0Assembler@XGRAPHICS@@QAA@PAVCFG@1@@Z	0x1F0	0x82DB4270
xgraphics	asm.cpp	?NeedAlloc@Assembler@XGRAPHICS@@AAA_NW4RegType@R400Tables@@@Z	0xAC	0x82DB4460
xgraphics	asm.cpp	?ReplaceLit@Assembler@XGRAPHICS@@AAAPAVIRInst@2@PAV32@@Z	0x8A8	0x82DB4510
xgraphics	asm.cpp	?KorrectSwizzle@XGRAPHICS@@YAXPAVIRInst@1@H@Z	0xC8	0x82DB4DB8
xgraphics	asm.cpp	?AssembleSrcRegConst@IRAlu@XGRAPHICS@@IAAXPADHH@Z	0x574	0x82DB4E80
xgraphics	asm.cpp	?AssembleDest@IRAlu@XGRAPHICS@@IAAXPAD@Z	0x378	0x82DB53F8
xgraphics	asm.cpp	?ExportSize@IRExport@XGRAPHICS@@QBAHPAVCFG@2@@Z	0x80	0x82DB5770
xgraphics	asm.cpp	?Assemble@IRTextureFetch@XGRAPHICS@@UAAXPAVAssembler@2@PADPAVCompiler@2@@Z	0x544	0x82DB57F0
xgraphics	asm.cpp	?PostAssemble@IRStartCallRoutine@XGRAPHICS@@UAAXPAVAssembler@2@PADPAVCompiler@2@@Z	0x80	0x82DB5D38
xgraphics	asm.cpp	?PostAssemble@IREndCallRoutine@XGRAPHICS@@UAAXPAVAssembler@2@PADPAVCompiler@2@@Z	0x54	0x82DB5DB8
xgraphics	asm.cpp	?PostAssemble@IRStartMakeCall@XGRAPHICS@@UAAXPAVAssembler@2@PADPAVCompiler@2@@Z	0xA4	0x82DB5E10
xgraphics	asm.cpp	merged_82DB5EB8	0x5C	0x82DB5EB8
xgraphics	asm.cpp	?IsSimple@IRInst@XGRAPHICS@@QBA_NXZ	0xB0	0x82DB5F18
xgraphics	asm.cpp	?IsSimpleMov@IRInst@XGRAPHICS@@QBA_NXZ	0x68	0x82DB5FC8
xgraphics	asm.cpp	?IsRedundantCopy@IRInst@XGRAPHICS@@QBA_NXZ	0xE4	0x82DB6030
xgraphics	asm.cpp	?OutputPatch@VertexPatch@XGRAPHICS@@UAAXHPAVCompiler@2@@Z	0x64	0x82DB6118
xgraphics	asm.cpp	?AssembleIRList@Assembler@XGRAPHICS@@QAAXAAVDList@2@_N@Z	0x6AC	0x82DB6180
xgraphics	asm.cpp	?FulfillCurrentCfJmp@Assembler@XGRAPHICS@@QAAXH@Z	0x8C	0x82DB6830
xgraphics	asm.cpp	??1Assembler@XGRAPHICS@@QAA@XZ	0x120	0x82DB68C0
xgraphics	asm.cpp	?EmitCJmp@Assembler@XGRAPHICS@@QAAX_NH0@Z	0xC8	0x82DB69E0
xgraphics	asm.cpp	?EmitLoopStart@Assembler@XGRAPHICS@@QAAXH@Z	0xE0	0x82DB6AA8
xgraphics	asm.cpp	?EmitLoopEnd@Assembler@XGRAPHICS@@QAAXH@Z	0x138	0x82DB6B88
xgraphics	asm.cpp	?Assemble@IRAlu@XGRAPHICS@@UAAXPAVAssembler@2@PADPAVCompiler@2@@Z	0x3DC	0x82DB6CC0
xgraphics	asm.cpp	?Assemble@IRExport@XGRAPHICS@@UAAXPAVAssembler@2@PADPAVCompiler@2@@Z	0x244	0x82DB70A0
xgraphics	asm.cpp	?Assemble@IRExportColorAndFog@XGRAPHICS@@UAAXPAVAssembler@2@PADPAVCompiler@2@@Z	0x350	0x82DB72E8
xgraphics	asm.cpp	?Assemble@IRMov@XGRAPHICS@@UAAXPAVAssembler@2@PADPAVCompiler@2@@Z	0x2B8	0x82DB7638
xgraphics	asm.cpp	?Assemble@IRMovBase@XGRAPHICS@@UAAXPAVAssembler@2@PADPAVCompiler@2@@Z	0xB8	0x82DB78F0
xgraphics	asm.cpp	merged_82DB79A8	0x4C	0x82DB79A8
xgraphics	asm.cpp	?AddVertexPatch@Assembler@XGRAPHICS@@QAAXHPADH@Z	0xC8	0x82DB79F8
xgraphics	asm.cpp	?Assemble@Block@XGRAPHICS@@UAAXAAVAssembler@2@@Z	0x74	0x82DB7AC0
xgraphics	asm.cpp	?Assemble@IfHeader@XGRAPHICS@@UAAXAAVAssembler@2@@Z	0x360	0x82DB7B38
xgraphics	asm.cpp	?AssembleAsConditionalBreak@IfHeader@XGRAPHICS@@QAAXAAVAssembler@2@AA_N@Z	0x2E4	0x82DB7E98
xgraphics	asm.cpp	?Assemble@IfFooter@XGRAPHICS@@UAAXAAVAssembler@2@@Z	0x140	0x82DB8180
xgraphics	asm.cpp	?Assemble@IfHeaderStatic@XGRAPHICS@@UAAXAAVAssembler@2@@Z	0x58	0x82DB82C0
xgraphics	asm.cpp	?Assemble@IfFooterStatic@XGRAPHICS@@UAAXAAVAssembler@2@@Z	0x50	0x82DB8318
xgraphics	asm.cpp	?Assemble@LoopHeader@XGRAPHICS@@UAAXAAVAssembler@2@@Z	0x238	0x82DB8368
xgraphics	asm.cpp	?Assemble@LoopFooter@XGRAPHICS@@UAAXAAVAssembler@2@@Z	0x198	0x82DB85A0
xgraphics	asm.cpp	?Assemble@PostLoopFooter@XGRAPHICS@@UAAXAAVAssembler@2@@Z	0x218	0x82DB8738
xgraphics	asm.cpp	?Assemble@BreakBlock@XGRAPHICS@@UAAXAAVAssembler@2@@Z	0xA8	0x82DB8950
xgraphics	asm.cpp	?Assemble@ContinueBlock@XGRAPHICS@@UAAXAAVAssembler@2@@Z	0xA8	0x82DB89F8
xgraphics	asm.cpp	?EmitElse@Assembler@XGRAPHICS@@QAAXPAVIfHeader@2@@Z	0x224	0x82DB8AA0
xgraphics	asm.cpp	?Assemble@IRVertexFetch@XGRAPHICS@@UAAXPAVAssembler@2@PADPAVCompiler@2@@Z	0x320	0x82DB8CC8
xgraphics	asm.cpp	?Assemble@CFG@XGRAPHICS@@QAAXAAIH@Z	0x3BC	0x82DB8FE8
xgraphics	vregtable.cpp	?HashKonstant1@VRegTable@XGRAPHICS@@CAHPAX@Z	0x8	0x82DB93A8
xgraphics	vregtable.cpp	?HashKonstant2@VRegTable@XGRAPHICS@@CAHPAX@Z	0x10	0x82DB93B0
xgraphics	vregtable.cpp	?HashKonstant3@VRegTable@XGRAPHICS@@CAHPAX@Z	0x18	0x82DB93C0
xgraphics	vregtable.cpp	?HashKonstant4@VRegTable@XGRAPHICS@@CAHPAX@Z	0x20	0x82DB93D8
xgraphics	vregtable.cpp	?CompareKonstant1@VRegTable@XGRAPHICS@@CAHPAX0@Z	0x2C	0x82DB93F8
xgraphics	vregtable.cpp	?CompareKonstant2@VRegTable@XGRAPHICS@@CAHPAX0@Z	0x4C	0x82DB9428
xgraphics	vregtable.cpp	?CompareKonstant3@VRegTable@XGRAPHICS@@CAHPAX0@Z	0x6C	0x82DB9478
xgraphics	vregtable.cpp	?CompareKonstant4@VRegTable@XGRAPHICS@@CAHPAX0@Z	0x8C	0x82DB94E8
xgraphics	vregtable.cpp	merged_82DB9578	0x8	0x82DB9578
xgraphics	vregtable.cpp	?compare_floats@XGRAPHICS@@YAHPAX0@Z	0x24	0x82DB9580
xgraphics	vregtable.cpp	?find_bit@XGRAPHICS@@YAHPAHH@Z	0x68	0x82DB95A8
xgraphics	vregtable.cpp	?print_konst@XGRAPHICS@@YAXUkonst@1@PAD@Z	0x60	0x82DB9610
xgraphics	vregtable.cpp	??0InternalHashTable@XGRAPHICS@@IAA@PAVArena@1@P6AHPAX1@ZP6AH1@ZI@Z	0x8C	0x82DB9670
xgraphics	vregtable.cpp	?HashVRegInfo@XGRAPHICS@@YAHPAX@Z	0x10	0x82DB9700
xgraphics	vregtable.cpp	?CompareVRegInfo@XGRAPHICS@@YAHPAX0@Z	0x2C	0x82DB9710
xgraphics	vregtable.cpp	?NextKonstRegNum@VRegTable@XGRAPHICS@@AAAHXZ	0x5C	0x82DB9740
xgraphics	vregtable.cpp	?Find@VRegTable@XGRAPHICS@@QAAPAVVRegInfo@2@AAVIRInst@2@H@Z	0x34	0x82DB97A0
xgraphics	vregtable.cpp	?Find@VRegTable@XGRAPHICS@@QAAPAVVRegInfo@2@W4RegType@R400Tables@@H@Z	0x1C	0x82DB97D8
xgraphics	vregtable.cpp	?Create@VRegTable@XGRAPHICS@@QAAPAVVRegInfo@2@W4RegType@R400Tables@@H@Z	0x50	0x82DB97F8
xgraphics	vregtable.cpp	?Create@VRegTable@XGRAPHICS@@QAAPAVVRegInfo@2@W4RegType@R400Tables@@HH@Z	0x78	0x82DB9848
xgraphics	vregtable.cpp	?FindOrCreateInst@VRegTable@XGRAPHICS@@AAAPAVIRInst@2@HUkonst@2@000@Z	0x2D8	0x82DB98C0
xgraphics	vregtable.cpp	?compare_loadconsts@XGRAPHICS@@YAHPAX0@Z	0x10C	0x82DB9B98
xgraphics	vregtable.cpp	?RemoveConstant@VRegTable@XGRAPHICS@@QAAXPAVIRLoadConst@2@@Z	0x74	0x82DB9CA8
xgraphics	vregtable.cpp	?Init@VRegTable@XGRAPHICS@@QAAX_N@Z	0x270	0x82DB9D20
xgraphics	vregtable.cpp	?Clear@VRegTable@XGRAPHICS@@QAAXXZ	0xC4	0x82DB9F90
xgraphics	vregtable.cpp	??1VRegTable@XGRAPHICS@@QAA@XZ	0x84	0x82DBA058
xgraphics	vregtable.cpp	?FindOrCreate@VRegTable@XGRAPHICS@@QAAPAVVRegInfo@2@W4RegType@R400Tables@@H@Z	0x54	0x82DBA0E0
xgraphics	vregtable.cpp	?FindOrCreate@VRegTable@XGRAPHICS@@QAAPAVVRegInfo@2@W4RegType@R400Tables@@HH@Z	0x5C	0x82DBA138
xgraphics	vregtable.cpp	?FindOrCreateVReg@VRegTable@XGRAPHICS@@AAAPAVVRegInfo@2@HUkonst@2@000@Z	0x250	0x82DBA198
xgraphics	vregtable.cpp	?FindOrCreateInst@VRegTable@XGRAPHICS@@AAAPAVIRInst@2@Ukonst@2@@Z	0x1C	0x82DBA3E8
xgraphics	vregtable.cpp	?FindOrCreateInst@VRegTable@XGRAPHICS@@AAAPAVIRInst@2@Ukonst@2@0@Z	0x1C	0x82DBA408
xgraphics	vregtable.cpp	?FindOrCreateInst@VRegTable@XGRAPHICS@@AAAPAVIRInst@2@Ukonst@2@00@Z	0x1C	0x82DBA428
xgraphics	vregtable.cpp	?FindOrCreateInst@VRegTable@XGRAPHICS@@AAAPAVIRInst@2@Ukonst@2@000@Z	0x18	0x82DBA448
xgraphics	vregtable.cpp	?get_index@XGRAPHICS@@YAHPAV?$Vector@PAUkonst@XGRAPHICS@@@1@Ukonst@1@@Z	0xC8	0x82DBA460
xgraphics	vregtable.cpp	?AssignKonstantRegisters@VRegTable@XGRAPHICS@@QAAXPAVCFG@2@@Z	0x17F0	0x82DBA528
xgraphics	vregtable.cpp	?FindOrCreateVReg@VRegTable@XGRAPHICS@@AAAPAVVRegInfo@2@Ukonst@2@@Z	0x1C	0x82DBBD18
xgraphics	vregtable.cpp	?FindOrCreateVReg@VRegTable@XGRAPHICS@@AAAPAVVRegInfo@2@Ukonst@2@0@Z	0x1C	0x82DBBD38
xgraphics	vregtable.cpp	?FindOrCreateVReg@VRegTable@XGRAPHICS@@AAAPAVVRegInfo@2@Ukonst@2@00@Z	0x1C	0x82DBBD58
xgraphics	vregtable.cpp	?FindOrCreateVReg@VRegTable@XGRAPHICS@@AAAPAVVRegInfo@2@Ukonst@2@000@Z	0x18	0x82DBBD78
xgraphics	vregtable.cpp	?AssignKonstantRegisters@CFG@XGRAPHICS@@QAAXXZ	0x40	0x82DBBD90
xgraphics	globalregs.cpp	?first@bitset@XGRAPHICS@@QBAHXZ	0x4C	0x82DBBDD0
xgraphics	globalregs.cpp	?MakeRegisterNonAllocatable@CFG@XGRAPHICS@@QAAXH@Z	0x2C	0x82DBBE20
xgraphics	globalregs.cpp	?IsRegisterAllocatable@CFG@XGRAPHICS@@QBA_NH@Z	0x30	0x82DBBE50
xgraphics	globalregs.cpp	?ReservePhysicalRegister@CFG@XGRAPHICS@@QAAXH@Z	0x2C	0x82DBBE80
xgraphics	globalregs.cpp	?grow@bitset@XGRAPHICS@@QAA_NI@Z	0x6C	0x82DBBEB0
xgraphics	globalregs.cpp	?Add@SparseIntSet@XGRAPHICS@@QAAXH@Z	0x58	0x82DBBF20
xgraphics	globalregs.cpp	?Remove@SparseIntSet@XGRAPHICS@@QAAHXZ	0x54	0x82DBBF78
xgraphics	globalregs.cpp	?SetMaxTempNumber@CFG@XGRAPHICS@@QAAXXZ	0x68	0x82DBBFD0
xgraphics	globalregs.cpp	?AllocatePhysicalRegister@CFG@XGRAPHICS@@QAAHXZ	0x94	0x82DBC038
xgraphics	globalregs.cpp	?ReleasePhysicalRegister@CFG@XGRAPHICS@@QAAXH@Z	0x78	0x82DBC0D0
xgraphics	globalregs.cpp	?BuildIGraph@CFG@XGRAPHICS@@QAAXPAVInterference@2@HH_N@Z	0x66C	0x82DBC148
xgraphics	globalregs.cpp	?AllocateGlobalRegisters@CFG@XGRAPHICS@@QAAXXZ	0x6C8	0x82DBC7B8
xgraphics	ssa.cpp	?CmpExpr@XGRAPHICS@@YAHPAX0@Z	0x38	0x82DBCE80
xgraphics	ssa.cpp	??ASwizzleOrMaskInfo@XGRAPHICS@@QBA?BHH@Z	0x6C	0x82DBCEB8
xgraphics	ssa.cpp	?ParmCmp@IRInst@XGRAPHICS@@QBA_NXZ	0x64	0x82DBCF28
xgraphics	ssa.cpp	?HashExpr@XGRAPHICS@@YAHPAX@Z	0x68	0x82DBCF90
xgraphics	ssa.cpp	?MakeRHS@CurrentValue@XGRAPHICS@@QAAXXZ	0x3E8	0x82DBCFF8
xgraphics	ssa.cpp	?VNLookupInst@XGRAPHICS@@YAPAUCurrentValue@1@PAV?$HashTable@PAUCurrentValue@XGRAPHICS@@@1@PAU21@PAVCompiler@1@@Z	0x54	0x82DBD3E0
xgraphics	ssa.cpp	?MakeValue@CurrentValue@XGRAPHICS@@QAAXXZ	0x1B4	0x82DBD438
xgraphics	ssa.cpp	?VNInsert@XGRAPHICS@@YAXPAV?$HashTable@PAUCurrentValue@XGRAPHICS@@@1@PAUCurrentValue@1@@Z	0x48	0x82DBD5F0
xgraphics	ssa.cpp	?SrcIsFromConstMov@IRInst@XGRAPHICS@@QBA_NPAV12@H@Z	0xF0	0x82DBD638
xgraphics	ssa.cpp	?ScheduleCopies@CFG@XGRAPHICS@@AAAXPAVBlock@2@PAV?$Vector@_N@2@PAV?$Vector@H@2@22PAV?$Vector@PAVIRInst@XGRAPHICS@@@2@AAH@Z	0x5D4	0x82DBD728
xgraphics	ssa.cpp	?EdgesAreSplit@CFG@XGRAPHICS@@AAA_NXZ	0x9C	0x82DBDD00
xgraphics	ssa.cpp	?PlacePhiNodes@CFG@XGRAPHICS@@AAAXXZ	0x354	0x82DBDDA0
xgraphics	ssa.cpp	?ReplacePhiNodesWithCopies@CFG@XGRAPHICS@@QAAXXZ	0x21C	0x82DBE0F8
xgraphics	ssa.cpp	?Rename@CFG@XGRAPHICS@@AAAXXZ	0xCFC	0x82DBE318
xgraphics	ssa.cpp	?BuildSSA@CFG@XGRAPHICS@@QAAXXZ	0x88	0x82DBF018
xgraphics	sched.cpp	?ComparePriority@SchedNode@XGRAPHICS@@CAHPAV12@0@Z	0x10C	0x82DBF0A0
xgraphics	sched.cpp	?Check@R400ThreadModel@XGRAPHICS@@QAA_NPBVIRInst@2@@Z	0x94	0x82DBF1B0
xgraphics	sched.cpp	?AdvanceCycle@R400ThreadModel@XGRAPHICS@@QAAXPBUParallelGroup@2@@Z	0x358	0x82DBF248
xgraphics	sched.cpp	?ReactivateMova@R400ThreadModel@XGRAPHICS@@QAAXPAVSchedNode@2@@Z	0xB8	0x82DBF5A0
xgraphics	sched.cpp	?first_unset@bitset@XGRAPHICS@@QBAHXZ	0x4C	0x82DBF658
xgraphics	sched.cpp	?Reset@ResourceModel@XGRAPHICS@@UAAXXZ	0xC	0x82DBF6A8
xgraphics	sched.cpp	?Reset@R400SchedModel@XGRAPHICS@@UAAXXZ	0x50	0x82DBF6B8
xgraphics	sched.cpp	?CompareDestination@SchedNode@XGRAPHICS@@CAHPAX0@Z	0x2C	0x82DBF708
xgraphics	sched.cpp	?HashByDestination@SchedNode@XGRAPHICS@@CAHPAX@Z	0x88	0x82DBF738
xgraphics	sched.cpp	?AssignSlot@ParallelGroup@XGRAPHICS@@QAAXPAVSchedNode@2@@Z	0x108	0x82DBF7C0
xgraphics	sched.cpp	?Preprocess@Scheduler@XGRAPHICS@@AAAXXZ	0x428	0x82DBF8C8
xgraphics	sched.cpp	?AddToReadyList@Scheduler@XGRAPHICS@@AAAXPAVSchedNode@2@@Z	0x64	0x82DBFCF0
xgraphics	sched.cpp	?IsInstReady@Scheduler@XGRAPHICS@@AAA_NPAVSchedNode@2@@Z	0x148	0x82DBFD58
xgraphics	sched.cpp	?AddToHoldOrReadyList@Scheduler@XGRAPHICS@@AAAXPAVSchedNode@2@@Z	0xA8	0x82DBFEA0
xgraphics	sched.cpp	?SelectReadyPartialWrite@Scheduler@XGRAPHICS@@AAAPAVSchedNode@2@AA_N@Z	0x150	0x82DBFF48
xgraphics	sched.cpp	?DefIsLocalTemp@IRInst@XGRAPHICS@@QBA_NXZ	0x68	0x82DC0098
xgraphics	sched.cpp	?AdvanceCycle@R400SlotModel@XGRAPHICS@@UAAXXZ	0x1C	0x82DC0100
xgraphics	sched.cpp	?FullState@R400SlotModel@XGRAPHICS@@UAA_NXZ	0x14	0x82DC0120
xgraphics	sched.cpp	?HasRoomForVector@R400SlotModel@XGRAPHICS@@UAA_NXZ	0x24	0x82DC0138
xgraphics	sched.cpp	?HasRoomForScalar@R400SlotModel@XGRAPHICS@@UAA_NXZ	0x24	0x82DC0160
xgraphics	sched.cpp	??0R400SchedModel@XGRAPHICS@@QAA@PBVArena@1@@Z	0xB0	0x82DC0188
xgraphics	sched.cpp	?Check@R400SchedModel@XGRAPHICS@@UAA_NPBVIRInst@2@@Z	0x5C	0x82DC0238
xgraphics	sched.cpp	?Apply@R400SchedModel@XGRAPHICS@@UAAXPBVIRInst@2@@Z	0x40	0x82DC0298
xgraphics	sched.cpp	?FullState@R400SchedModel@XGRAPHICS@@UAA_NXZ	0x6C	0x82DC02D8
xgraphics	sched.cpp	?ZeroState@R400SchedModel@XGRAPHICS@@UAA_NXZ	0x6C	0x82DC0348
xgraphics	sched.cpp	?HasRoomForVector@R400SchedModel@XGRAPHICS@@UAA_NXZ	0x6C	0x82DC03B8
xgraphics	sched.cpp	?HasRoomForScalar@R400SchedModel@XGRAPHICS@@UAA_NXZ	0x6C	0x82DC0428
xgraphics	sched.cpp	?EquivalentMovBase@XGRAPHICS@@YA_NPBVIRInst@1@0@Z	0xE0	0x82DC0498
xgraphics	sched.cpp	?Apply@R400ThreadModel@XGRAPHICS@@QAAXPAVSchedNode@2@@Z	0x248	0x82DC0578
xgraphics	sched.cpp	??_GParallelGroup@XGRAPHICS@@QAAPAXI@Z	0x58	0x82DC07C0
xgraphics	sched.cpp	?MarkGlobalDefs@Scheduler@XGRAPHICS@@AAAXXZ	0x330	0x82DC0818
xgraphics	sched.cpp	?BuildPhysicalLiveness@Scheduler@XGRAPHICS@@AAAXXZ	0x370	0x82DC0B48
xgraphics	sched.cpp	?FindOrCreateInputDefNode@Scheduler@XGRAPHICS@@AAAPAVSchedNode@2@PAVIRInst@2@@Z	0x1C4	0x82DC0EB8
xgraphics	sched.cpp	?BuildGraph@Scheduler@XGRAPHICS@@AAAXPAVBlock@2@@Z	0xE88	0x82DC1080
xgraphics	sched.cpp	?ComputeNumbers@Scheduler@XGRAPHICS@@AAAXXZ	0x304	0x82DC1F08
xgraphics	sched.cpp	?EnableDepSuccessors@Scheduler@XGRAPHICS@@AAAXPAVSchedNode@2@@Z	0x16C	0x82DC2210
xgraphics	sched.cpp	?CycleForward@Scheduler@XGRAPHICS@@AAAXXZ	0x15C	0x82DC2380
xgraphics	sched.cpp	?CollapseExtraMova@Scheduler@XGRAPHICS@@AAAXPAVSchedNode@2@@Z	0x32C	0x82DC24E0
xgraphics	sched.cpp	?AllocateLocalRegister@Scheduler@XGRAPHICS@@AAAXPAVSchedNode@2@@Z	0x304	0x82DC2810
xgraphics	sched.cpp	?CleanGraph@Scheduler@XGRAPHICS@@AAAXXZ	0x308	0x82DC2B18
xgraphics	sched.cpp	?SelectFromReadyList@Scheduler@XGRAPHICS@@AAAPAVSchedNode@2@XZ	0x8A0	0x82DC2E20
xgraphics	sched.cpp	?ScheduleInst@Scheduler@XGRAPHICS@@AAAXPAVSchedNode@2@@Z	0x200	0x82DC36C0
xgraphics	sched.cpp	?ScheduleParallelGroup@Scheduler@XGRAPHICS@@AAAXXZ	0x138	0x82DC38C0
xgraphics	sched.cpp	?ScheduleBlock@Scheduler@XGRAPHICS@@AAAXPAVBlock@2@@Z	0x384	0x82DC39F8
xgraphics	sched.cpp	?Run@Scheduler@XGRAPHICS@@QAAXPAVCFG@2@@Z	0x2E8	0x82DC3D80
xgraphics	sched.cpp	?ScheduleInstructions@CFG@XGRAPHICS@@QAAXXZ	0x80	0x82DC4068
xgraphics	opt.cpp	?MarkUnmaskedChannels@XGRAPHICS@@YA?ATSwizzleOrMaskInfo@1@T21@@Z	0x6C	0x82DC40E8
xgraphics	opt.cpp	?SubtractMarkedMaskFromReq@XGRAPHICS@@YA?ATSwizzleOrMaskInfo@1@T21@0@Z	0x88	0x82DC4158
xgraphics	opt.cpp	?SubtractMarkedMaskFromReqTable@XGRAPHICS@@YA?ATSwizzleOrMaskInfo@1@T21@0@Z	0x84	0x82DC41E0
xgraphics	opt.cpp	?InstType@IRInst@XGRAPHICS@@UBAPBDXZ	0xC	0x82DC4268
xgraphics	opt.cpp	?InstType@IRAlu@XGRAPHICS@@UBAPBDXZ	0xC	0x82DC4278
xgraphics	opt.cpp	merged_82DC4288	0x8	0x82DC4288
xgraphics	opt.cpp	merged_82DC4290	0x14	0x82DC4290
xgraphics	opt.cpp	?SetMask@IRAlu@XGRAPHICS@@UAAXHHH@Z	0x48	0x82DC42A8
xgraphics	opt.cpp	?SetSwizzle@IRAlu@XGRAPHICS@@UAAXHHH@Z	0x48	0x82DC42F0
xgraphics	opt.cpp	?GetModifier@IRInst@XGRAPHICS@@UBAHHH@Z	0x14	0x82DC4338
xgraphics	opt.cpp	?BalanceVectorScalar@CFG@XGRAPHICS@@QAAXXZ	0x2B4	0x82DC4350
xgraphics	opt.cpp	?MarkUsedChannels@XGRAPHICS@@YA?ATSwizzleOrMaskInfo@1@PAVIRInst@1@HPAVCFG@1@@Z	0x3FC	0x82DC4608
xgraphics	opt.cpp	?Special01Case@IRInst@XGRAPHICS@@QAAXXZ	0x124	0x82DC4A08
xgraphics	opt.cpp	?CollapseAlgebraicCombinations@IRInst@XGRAPHICS@@QAAXPAVCFG@2@@Z	0x258	0x82DC4B30
xgraphics	opt.cpp	?CollapseSimilarInstructions@IRInst@XGRAPHICS@@QAAXPAVCFG@2@@Z	0x6C8	0x82DC4D88
xgraphics	opt.cpp	?RemoveUnnecessaryDependencies@CFG@XGRAPHICS@@QAAXXZ	0x5CC	0x82DC5450
xgraphics	opt.cpp	?Rewrite@IRInst@XGRAPHICS@@QAAXPAVCFG@2@@Z	0x64	0x82DC5A20
xgraphics	opt.cpp	?EliminateDeadCode@CFG@XGRAPHICS@@QAAXXZ	0x340	0x82DC5A88
xgraphics	opt.cpp	?Rewrite@CFG@XGRAPHICS@@QAAXXZ	0x20C	0x82DC5DC8
xgraphics	linkageinfo.cpp	??0LinkageInfo@XGRAPHICS@@QAA@PAVCompiler@1@@Z	0xE0	0x82DC5FD8
xgraphics	linkageinfo.cpp	?SetInterpolatorComponentUsage@LinkageInfo@XGRAPHICS@@QAAXHHHW4RegType@R400Tables@@H@Z	0x1AC	0x82DC60B8
xgraphics	linkageinfo.cpp	?ShowInterpolatorAssignments@LinkageInfo@XGRAPHICS@@QAAXXZ	0x7C	0x82DC6268
xgraphics	linkageinfo.cpp	?Compare@LinkageInfo@XGRAPHICS@@AAAHHH@Z	0x6C	0x82DC62E8
xgraphics	linkageinfo.cpp	?AssignInterpolator@LinkageInfo@XGRAPHICS@@QAAHW4RegType@R400Tables@@HPAVInterpolator@2@@Z	0xFC	0x82DC6358
xgraphics	linkageinfo.cpp	?AssignInterpolator@LinkageInfo@XGRAPHICS@@QAAHW4RegType@R400Tables@@HPAVInterpolator@2@H@Z	0x118	0x82DC6458
xgraphics	linkageinfo.cpp	?EstablishInterpolatorUsage@LinkageInfo@XGRAPHICS@@QAAXXZ	0x80	0x82DC6570
xgraphics	linkageinfo.cpp	?BuildOutputLinkage@LinkageInfo@XGRAPHICS@@QAAXAAV12@@Z	0xCC	0x82DC65F0
xgraphics	linkageinfo.cpp	?IsRequired@LinkageInfo@XGRAPHICS@@AAA_NH@Z	0xB0	0x82DC66C0
xgraphics	linkageinfo.cpp	?FindMatchForRequired@LinkageInfo@XGRAPHICS@@AAAHH@Z	0x154	0x82DC6770
xgraphics	linkageinfo.cpp	?Reorder@LinkageInfo@XGRAPHICS@@AAAXPAVCFG@2@HH@Z	0x1DC	0x82DC68C8
xgraphics	linkageinfo.cpp	?IsRequired@LinkageInfo@XGRAPHICS@@QAA_NW4RegType@R400Tables@@HPAH@Z	0xEC	0x82DC6AA8
xgraphics	linkageinfo.cpp	?RemoveInterpolator@LinkageInfo@XGRAPHICS@@QAAXPAVCFG@2@W4RegType@R400Tables@@H@Z	0x258	0x82DC6B98
xgraphics	linkageinfo.cpp	?ReallyAssignInterpolators@LinkageInfo@XGRAPHICS@@QAAHPAVCFG@2@W4RegType@R400Tables@@HH@Z	0x5B0	0x82DC6DF0
xgraphics	r400_addrenum.cpp	r400BytesPerDataElement	0x68	0x82DC73A0
xgraphics	r400_addrenum.cpp	r400BytesPerColorElement	0x64	0x82DC7408
xgraphics	r400_addrenum.cpp	r400ChannelsPerColorElement	0x5C	0x82DC7470
xgraphics	r400_addrenum.cpp	r400BitsPerDataChannel	0x198	0x82DC74D0
xgraphics	r400_addrenum.cpp	r400BitsPerColorChannel	0x16C	0x82DC7668
xgraphics	r400_addrenum.cpp	r400ArrayToDataElement	0x178	0x82DC77D8
xgraphics	r400_addrenum.cpp	r400ArrayToColorElement	0x38	0x82DC7950
xgraphics	r400_addrenum.cpp	r400AbgrToColorArray	0x68	0x82DC7988
xgraphics	r400_addrenum.cpp	?r400FloatScale@XGRAPHICS@@YAHMH@Z	0x5C	0x82DC79F0
xgraphics	r400_addrenum.cpp	r400ZconstFromFloat	0x9C	0x82DC7A50
xgraphics	r400_addrenum.cpp	r400FloatToColorInt	0x4E0	0x82DC7AF0
xgraphics	dlist.cpp	?IsEmpty@DList@XGRAPHICS@@QBA_NXZ	0x18	0x82DC7FD0
xgraphics	dlist.cpp	?RemoveAndDelete@DListNode@XGRAPHICS@@QAAXXZ	0x2C	0x82DC7FE8
xgraphics	dlist.cpp	?InsertBefore@DListNode@XGRAPHICS@@QAAXPAV12@@Z	0x20	0x82DC8018
xgraphics	dlist.cpp	?InsertAfter@DListNode@XGRAPHICS@@QAAXPAV12@@Z	0x20	0x82DC8038
xgraphics	dlist.cpp	?Remove@DListNode@XGRAPHICS@@QAAXXZ	0x1C	0x82DC8058
xgraphics	dlist.cpp	??0DList@XGRAPHICS@@QAA@XZ	0x34	0x82DC8078
xgraphics	dlist.cpp	?Length@DList@XGRAPHICS@@QBAHXZ	0x24	0x82DC80B0
xgraphics	dlist.cpp	?Append@DList@XGRAPHICS@@QAAXAAVDListNode@2@@Z	0x24	0x82DC80D8
xgraphics	dlist.cpp	?Insert@DList@XGRAPHICS@@QAAXAAVDListNode@2@@Z	0x20	0x82DC8100
xgraphics	dlist.cpp	?Free@DList@XGRAPHICS@@QAAXXZ	0x54	0x82DC8120
xgraphics	vector.cpp	?Sort@InternalVector@XGRAPHICS@@IAAXP6AHPAX0@Z@Z	0xD4	0x82DC8178
xgraphics	vector.cpp	?Remove@InternalVector@XGRAPHICS@@IAAXI@Z	0x34	0x82DC8250
xgraphics	vector.cpp	?RemoveOneByValue@InternalVector@XGRAPHICS@@IAA_NPAX@Z	0x88	0x82DC8288
xgraphics	vector.cpp	?Grow@InternalVector@XGRAPHICS@@IAAPAXI@Z	0x84	0x82DC8310
xgraphics	vector.cpp	?Insert@InternalVector@XGRAPHICS@@IAAPAXI@Z	0xAC	0x82DC8398
xgraphics	vector.cpp	?Grow@InternalHashTable@XGRAPHICS@@IAAXXZ	0x180	0x82DC8448
xgraphics	vector.cpp	?Lookup@InternalHashTable@XGRAPHICS@@IAAPAXPAX@Z	0xC0	0x82DC85C8
xgraphics	vector.cpp	?Insert@InternalHashTable@XGRAPHICS@@IAAXPAX@Z	0xC0	0x82DC8688
xgraphics	vector.cpp	?Remove@InternalHashTable@XGRAPHICS@@IAAXPAX@Z	0xE4	0x82DC8748
xgraphics	vector.cpp	??1InternalHashTable@XGRAPHICS@@IAA@XZ	0x70	0x82DC8830
xgraphics	vector.cpp	?Advance@InternalHashTableIterator@XGRAPHICS@@IAAXXZ	0xB8	0x82DC88A0
xgraphics	vector.cpp	?Reset@InternalHashTableIterator@XGRAPHICS@@IAAXPBVInternalHashTable@2@@Z	0x18	0x82DC8958
xgraphics	vreginfo.cpp	?Make@VRegInfo@XGRAPHICS@@SAPAV12@HW4RegType@R400Tables@@PAVCompiler@2@@Z	0x1C	0x82DC8970
xgraphics	vreginfo.cpp	?GetReplacingTempIfNecessary@ExportValue@XGRAPHICS@@UAAPAVVRegInfo@2@TSwizzleOrMaskInfo@2@PAVCFG@2@@Z	0x78	0x82DC8990
xgraphics	vreginfo.cpp	?GetReplacingTempIfNecessary@Interpolator@XGRAPHICS@@UAAPAVVRegInfo@2@TSwizzleOrMaskInfo@2@PAVCFG@2@@Z	0x90	0x82DC8A08
xgraphics	vreginfo.cpp	?Push@DefStack@XGRAPHICS@@QAAXHPAUCurrentValue@2@@Z	0x64	0x82DC8A98
xgraphics	vreginfo.cpp	?PopDef@VRegInfo@XGRAPHICS@@QAAXXZ	0x28	0x82DC8B00
xgraphics	vreginfo.cpp	?PushDef@VRegInfo@XGRAPHICS@@QAAXHPAUCurrentValue@2@@Z	0x30	0x82DC8B28
xgraphics	vreginfo.cpp	??1DefStack@XGRAPHICS@@QAA@XZ	0x58	0x82DC8B58
xgraphics	vreginfo.cpp	??0VRegInfo@XGRAPHICS@@IAA@HW4RegType@R400Tables@@PAVCompiler@1@@Z	0x100	0x82DC8BB0
xgraphics	vreginfo.cpp	?BumpDefs@VRegInfo@XGRAPHICS@@QAAXPAVIRInst@2@@Z	0x50	0x82DC8CB0
xgraphics	vreginfo.cpp	?BumpUses@VRegInfo@XGRAPHICS@@QAAXHPAVIRInst@2@@Z	0x7C	0x82DC8D00
xgraphics	vreginfo.cpp	?GetActiveDefinition@VRegInfo@XGRAPHICS@@QAAPAUCurrentValue@2@PAVBlock@2@PAVCompiler@2@@Z	0x2D8	0x82DC8D80
xgraphics	vreginfo.cpp	?ReplaceUse@VRegInfo@XGRAPHICS@@QAAXPAVIRInst@2@0@Z	0xA4	0x82DC9058
xgraphics	vreginfo.cpp	?RemoveUse@VRegInfo@XGRAPHICS@@QAAXPAVIRInst@2@@Z	0x84	0x82DC9100
xgraphics	vreginfo.cpp	?CreateReplacingTempIfNecessary@ExportValue@XGRAPHICS@@UAAPAVVRegInfo@2@TSwizzleOrMaskInfo@2@PAVCFG@2@PAVCompiler@2@@Z	0x1BC	0x82DC9188
xgraphics	vreginfo.cpp	?CreateReplacingTempIfNecessary@Interpolator@XGRAPHICS@@UAAPAVVRegInfo@2@TSwizzleOrMaskInfo@2@PAVCFG@2@PAVCompiler@2@@Z	0x170	0x82DC9348
xgraphics	vreginfo.cpp	??1VRegInfo@XGRAPHICS@@UAA@XZ	0x50	0x82DC94B8
xgraphics	vreginfo.cpp	??0FixedValue@XGRAPHICS@@QAA@HW4RegType@R400Tables@@PAVCompiler@1@@Z	0x13C	0x82DC9508
xgraphics	vreginfo.cpp	??0TempValue@XGRAPHICS@@QAA@HW4RegType@R400Tables@@PAVCompiler@1@@Z	0x60	0x82DC9648
xgraphics	vreginfo.cpp	??0ExportValue@XGRAPHICS@@IAA@HW4RegType@R400Tables@@PAVCompiler@1@@Z	0x44	0x82DC96A8
xgraphics	vreginfo.cpp	??0Interpolator@XGRAPHICS@@QAA@HW4RegType@R400Tables@@PAVCompiler@1@@Z	0xD8	0x82DC96F0
xgraphics	vreginfo.cpp	??0Interpolator@XGRAPHICS@@QAA@HW4RegType@R400Tables@@HPAVCompiler@1@@Z	0x10C	0x82DC97C8
xgraphics	vreginfo.cpp	??0Physical@XGRAPHICS@@QAA@HW4RegType@R400Tables@@PAVCompiler@1@@Z	0x54	0x82DC98D8
xgraphics	vreginfo.cpp	??0Resource@XGRAPHICS@@AAA@HW4RegType@R400Tables@@PAVCompiler@1@@Z	0xA4	0x82DC9930
xgraphics	vreginfo.cpp	??0StandardIndex@XGRAPHICS@@QAA@HW4RegType@R400Tables@@PAVCompiler@1@@Z	0x44C	0x82DC99D8
xgraphics	vreginfo.cpp	??0AutoIndexVtx@XGRAPHICS@@QAA@HW4RegType@R400Tables@@PAVCompiler@1@@Z	0x114	0x82DC9E28
xgraphics	vreginfo.cpp	??0HosCoord@XGRAPHICS@@QAA@HW4RegType@R400Tables@@PAVCompiler@1@@Z	0x204	0x82DC9F40
xgraphics	vreginfo.cpp	??0BaseAddr@XGRAPHICS@@QAA@HW4RegType@R400Tables@@PAVCompiler@1@@Z	0x3C	0x82DCA148
xgraphics	vreginfo.cpp	merged_82DCA188	0x4C	0x82DCA188
xgraphics	vreginfo.cpp	??0ExportAddress@XGRAPHICS@@QAA@HW4RegType@R400Tables@@PAVCompiler@1@@Z	0x84	0x82DCA1D8
xgraphics	vreginfo.cpp	??0ExportSlot@XGRAPHICS@@QAA@HW4RegType@R400Tables@@PAVCompiler@1@@Z	0x8C	0x82DCA260
xgraphics	vreginfo.cpp	merged_82DCA2F0	0x58	0x82DCA2F0
xgraphics	vreginfo.cpp	??0LoopIndexedConstSet@XGRAPHICS@@QAA@HW4RegType@R400Tables@@PAVCompiler@1@@Z	0x64	0x82DCA348
xgraphics	vreginfo.cpp	??0LoopIndexedInputSet@XGRAPHICS@@QAA@HW4RegType@R400Tables@@PAVCompiler@1@@Z	0x64	0x82DCA3B0
xgraphics	vreginfo.cpp	??0LoopIndexedOutputSet@XGRAPHICS@@QAA@HW4RegType@R400Tables@@PAVCompiler@1@@Z	0x64	0x82DCA418
xgraphics	irinst.cpp	merged_82DCA480	0xAC	0x82DCA480
xgraphics	irinst.cpp	?ModifiersAreCompatible@IRInst@XGRAPHICS@@QBA_NPBV12@@Z	0xA8	0x82DCA530
xgraphics	irinst.cpp	?WriteMasksAreDisjunct@IRInst@XGRAPHICS@@QBA_NPBV12@@Z	0x80	0x82DCA5D8
xgraphics	irinst.cpp	?NumWrittenChannel@IRInst@XGRAPHICS@@QBAHXZ	0x58	0x82DCA658
xgraphics	irinst.cpp	?SetCompensationWriteMask@IRInst@XGRAPHICS@@QAAXPBV12@@Z	0x74	0x82DCA6B0
xgraphics	irinst.cpp	?DestHasMasks@IRInst@XGRAPHICS@@QBA?B_NXZ	0x3C	0x82DCA728
xgraphics	irinst.cpp	?Make@IRInst@XGRAPHICS@@SAPAV12@W4Op@R400Tables@@PAVCompiler@2@@Z	0x2C	0x82DCA768
xgraphics	irinst.cpp	?Clone@IRInst@XGRAPHICS@@QAAPAV12@PAVCompiler@2@@Z	0x60	0x82DCA798
xgraphics	irinst.cpp	?Validate@IRInst@XGRAPHICS@@QBA_NXZ	0x21C	0x82DCA7F8
xgraphics	irinst.cpp	?GetIndexingMode@IRInst@XGRAPHICS@@QBA?AW4IDX_MODE@2@H@Z	0x5C	0x82DCAA18
xgraphics	irinst.cpp	?Init@IRInst@XGRAPHICS@@AAAXXZ	0x158	0x82DCAA78
xgraphics	irinst.cpp	?SetOperandWithVReg@IRInst@XGRAPHICS@@QAAXHPAVVRegInfo@2@@Z	0x78	0x82DCABD0
xgraphics	irinst.cpp	?SetConstArg@IRInst@XGRAPHICS@@AAAXPAVCFG@2@HUkonst@2@111@Z	0x3DC	0x82DCAC48
xgraphics	irinst.cpp	?Kill@IRLoadConst@XGRAPHICS@@UAAXXZ	0x5C	0x82DCB028
xgraphics	irinst.cpp	?RemoveFromBlock@IRInst@XGRAPHICS@@QAAXXZ	0x38	0x82DCB088
xgraphics	irinst.cpp	?IsUselessPhi@IRInst@XGRAPHICS@@QBA_NXZ	0x40	0x82DCB0C0
xgraphics	irinst.cpp	?HasSingleUse@IRInst@XGRAPHICS@@QBA?B_NPAVCFG@2@@Z	0x28	0x82DCB100
xgraphics	irinst.cpp	?HasModifiers@IRInst@XGRAPHICS@@QBA?B_NH@Z	0x40	0x82DCB128
xgraphics	irinst.cpp	?ExportType@IRInst@XGRAPHICS@@SA?AW4RegType@R400Tables@@W434@PAVCompiler@2@@Z	0xB4	0x82DCB168
xgraphics	irinst.cpp	?InputEdgeIsZeroLength@IRInst@XGRAPHICS@@QBA_NHPAV12@@Z	0xC8	0x82DCB220
xgraphics	irinst.cpp	?MarkInstructionAsExport@IRAlu@XGRAPHICS@@UAAXPAVCFG@2@W4RegType@R400Tables@@H@Z	0x2C	0x82DCB2E8
xgraphics	irinst.cpp	?SetComponent@IRMovBase@XGRAPHICS@@QAAXH@Z	0x1C	0x82DCB318
xgraphics	irinst.cpp	?FindInitialMova@IRMovBase@XGRAPHICS@@QAAPAVIRInst@2@XZ	0x78	0x82DCB338
xgraphics	irinst.cpp	?GetStreamNumAndEtc@IRVertexFetch@XGRAPHICS@@QAAXPAIPAH1@Z	0x8C	0x82DCB3B0
xgraphics	irinst.cpp	?ChangeToScalar@IRInst@XGRAPHICS@@QAAXHH_N@Z	0x128	0x82DCB440
xgraphics	irinst.cpp	?ChangeToVector@IRInst@XGRAPHICS@@QAA_NXZ	0xBC	0x82DCB568
xgraphics	irinst.cpp	??0IRInst@XGRAPHICS@@IAA@W4Op@R400Tables@@PAVCompiler@1@@Z	0x74	0x82DCB628
xgraphics	irinst.cpp	?AddAnInput@IRInst@XGRAPHICS@@QAAXPAVVRegInfo@2@@Z	0xB0	0x82DCB6A0
xgraphics	irinst.cpp	?SetConstArg@IRInst@XGRAPHICS@@QAAXPAVCFG@2@HMMMM@Z	0x54	0x82DCB750
xgraphics	irinst.cpp	?SetConstArg@IRInst@XGRAPHICS@@QAAXPAVCFG@2@HUnamed_value@2@111@Z	0x54	0x82DCB7A8
xgraphics	irinst.cpp	?Kill@IRInst@XGRAPHICS@@UAAXXZ	0xA0	0x82DCB800
xgraphics	irinst.cpp	??0IRMov@XGRAPHICS@@IAA@W4Op@R400Tables@@PAVCompiler@1@@Z	0x58	0x82DCB8A0
xgraphics	irinst.cpp	??0IRCopy@XGRAPHICS@@QAA@PAVCompiler@1@@Z	0x4C	0x82DCB8F8
xgraphics	irinst.cpp	??0IRMovBase@XGRAPHICS@@QAA@W4Op@R400Tables@@PAVCompiler@1@@Z	0x54	0x82DCB948
xgraphics	irinst.cpp	?InstType@IRMovBase@XGRAPHICS@@UBAPBDXZ	0xC	0x82DCB9A0
xgraphics	irinst.cpp	??0IRExport@XGRAPHICS@@QAA@PAVCompiler@1@@Z	0x6C	0x82DCB9B0
xgraphics	irinst.cpp	?InstType@IRExport@XGRAPHICS@@UBAPBDXZ	0xC	0x82DCBA20
xgraphics	irinst.cpp	??0IRExportZeroOne@XGRAPHICS@@QAA@PAVVRegInfo@1@TSwizzleOrMaskInfo@1@PAVCompiler@1@@Z	0x54	0x82DCBA30
xgraphics	irinst.cpp	?InstType@IRExportZeroOne@XGRAPHICS@@UBAPBDXZ	0xC	0x82DCBA88
xgraphics	irinst.cpp	?InstType@IRPseudo@XGRAPHICS@@MBAPBDXZ	0xC	0x82DCBA98
xgraphics	irinst.cpp	??0IREntry@XGRAPHICS@@QAA@PAVCompiler@1@@Z	0x48	0x82DCBAA8
xgraphics	irinst.cpp	?InstType@IREntry@XGRAPHICS@@UBAPBDXZ	0xC	0x82DCBAF0
xgraphics	irinst.cpp	??0IRExit@XGRAPHICS@@QAA@PAVCompiler@1@@Z	0x48	0x82DCBB00
xgraphics	irinst.cpp	?InstType@IRExit@XGRAPHICS@@UBAPBDXZ	0xC	0x82DCBB48
xgraphics	irinst.cpp	??0IRLoadConst@XGRAPHICS@@QAA@PAVCompiler@1@@Z	0x54	0x82DCBB58
xgraphics	irinst.cpp	?InstType@IRLoadConst@XGRAPHICS@@UBAPBDXZ	0xC	0x82DCBBB0
xgraphics	irinst.cpp	??0IRLoadConst@XGRAPHICS@@QAA@PAVVRegInfo@1@PAVCompiler@1@@Z	0x74	0x82DCBBC0
xgraphics	irinst.cpp	??0IRLoadTemp@XGRAPHICS@@QAA@PAVCompiler@1@@Z	0x54	0x82DCBC38
xgraphics	irinst.cpp	?InstType@IRLoadTemp@XGRAPHICS@@UBAPBDXZ	0xC	0x82DCBC90
xgraphics	irinst.cpp	??0IRLoadTemp@XGRAPHICS@@QAA@PAVVRegInfo@1@PAVCompiler@1@@Z	0x70	0x82DCBCA0
xgraphics	irinst.cpp	??0IRLoadInterp@XGRAPHICS@@QAA@PAVCompiler@1@@Z	0x5C	0x82DCBD10
xgraphics	irinst.cpp	?InstType@IRLoadInterp@XGRAPHICS@@UBAPBDXZ	0xC	0x82DCBD70
xgraphics	irinst.cpp	??0IRProjection@XGRAPHICS@@QAA@W4Op@R400Tables@@PAVCompiler@1@@Z	0x48	0x82DCBD80
xgraphics	irinst.cpp	?InstType@IRProjection@XGRAPHICS@@UBAPBDXZ	0xC	0x82DCBDC8
xgraphics	irinst.cpp	??0IRPhiNode@XGRAPHICS@@QAA@PAVCompiler@1@@Z	0x48	0x82DCBDD8
xgraphics	irinst.cpp	?InstType@IRPhiNode@XGRAPHICS@@UBAPBDXZ	0xC	0x82DCBE20
xgraphics	irinst.cpp	??0IRLoopStart@XGRAPHICS@@AAA@W4Op@R400Tables@@PAVCompiler@1@@Z	0x6C	0x82DCBE30
xgraphics	irinst.cpp	?InstType@IRLoopStart@XGRAPHICS@@UBAPBDXZ	0xC	0x82DCBEA0
xgraphics	irinst.cpp	??0IRLoopIndex@XGRAPHICS@@QAA@W4Op@R400Tables@@PAVCompiler@1@@Z	0x48	0x82DCBEB0
xgraphics	irinst.cpp	?InstType@IRLoopIndex@XGRAPHICS@@UBAPBDXZ	0xC	0x82DCBEF8
xgraphics	irinst.cpp	??0IRAlloc@XGRAPHICS@@QAA@W4Op@R400Tables@@PAVCompiler@1@@Z	0x4C	0x82DCBF08
xgraphics	irinst.cpp	?InstType@IRAllocInterp@XGRAPHICS@@UBAPBDXZ	0xC	0x82DCBF58
xgraphics	irinst.cpp	?InstType@IRAllocPos@XGRAPHICS@@UBAPBDXZ	0xC	0x82DCBF68
xgraphics	irinst.cpp	?InstType@IRAllocMem@XGRAPHICS@@UBAPBDXZ	0xC	0x82DCBF78
xgraphics	irinst.cpp	?InstType@IRAllocColor@XGRAPHICS@@UBAPBDXZ	0xC	0x82DCBF88
xgraphics	irinst.cpp	?InstType@IRFetch@XGRAPHICS@@UBAPBDXZ	0xC	0x82DCBF98
xgraphics	irinst.cpp	?SetSwizzle@IRFetch@XGRAPHICS@@UAAXHHH@Z	0x48	0x82DCBFA8
xgraphics	irinst.cpp	??0IRVertexFetch@XGRAPHICS@@AAA@W4Op@R400Tables@@PAVCompiler@1@II@Z	0x70	0x82DCBFF0
xgraphics	irinst.cpp	??0IRTextureFetch@XGRAPHICS@@IAA@W4Op@R400Tables@@PAVCompiler@1@@Z	0xC0	0x82DCC060
xgraphics	irinst.cpp	??0IRExportColorAndFog@XGRAPHICS@@QAA@PAVCompiler@1@@Z	0x4C	0x82DCC120
xgraphics	irinst.cpp	?InstType@IRExportColorAndFog@XGRAPHICS@@UBAPBDXZ	0xC	0x82DCC170
xgraphics	irinst.cpp	??0IRCmp2@XGRAPHICS@@AAA@W4Op@R400Tables@@PAVCompiler@1@@Z	0x88	0x82DCC180
xgraphics	irinst.cpp	?InstType@IRCmp2@XGRAPHICS@@UBAPBDXZ	0xC	0x82DCC208
xgraphics	irinst.cpp	??0IRKill@XGRAPHICS@@AAA@W4Op@R400Tables@@PAVCompiler@1@@Z	0x74	0x82DCC218
xgraphics	irinst.cpp	?InstType@IRKill@XGRAPHICS@@UBAPBDXZ	0xC	0x82DCC290
xgraphics	irinst.cpp	??0IRKill2@XGRAPHICS@@AAA@W4Op@R400Tables@@PAVCompiler@1@@Z	0x78	0x82DCC2A0
xgraphics	irinst.cpp	?InstType@IRKill2@XGRAPHICS@@UBAPBDXZ	0xC	0x82DCC318
xgraphics	irinst.cpp	??0IRCmp1S@XGRAPHICS@@AAA@W4Op@R400Tables@@PAVCompiler@1@@Z	0x74	0x82DCC328
xgraphics	irinst.cpp	?InstType@IRCmp1S@XGRAPHICS@@UBAPBDXZ	0xC	0x82DCC3A0
xgraphics	irinst.cpp	??0IRCmp1D@XGRAPHICS@@AAA@W4Op@R400Tables@@PAVCompiler@1@@Z	0x74	0x82DCC3B0
xgraphics	irinst.cpp	?InstType@IRCmp1D@XGRAPHICS@@UBAPBDXZ	0xC	0x82DCC428
xgraphics	irinst.cpp	??0IRStartMakeCall@XGRAPHICS@@QAA@HHPAVCompiler@1@@Z	0x54	0x82DCC438
xgraphics	irinst.cpp	??0IRStartCallRoutine@XGRAPHICS@@QAA@HHPAVCompiler@1@@Z	0x54	0x82DCC490
xgraphics	irinst.cpp	??0IREndMakeCall@XGRAPHICS@@QAA@PAVCompiler@1@@Z	0x54	0x82DCC4E8
xgraphics	irinst.cpp	??0IREndCallRoutine@XGRAPHICS@@QAA@PAVCompiler@1@@Z	0x54	0x82DCC540
xgraphics	irinst.cpp	merged_82DCC598	0x68	0x82DCC598
xgraphics	irinst.cpp	?NewInst@IRMovBase@XGRAPHICS@@SAPAVIRInst@2@W4Op@R400Tables@@PAVCompiler@2@@Z	0x50	0x82DCC600
xgraphics	irinst.cpp	merged_82DCC650	0x6C	0x82DCC650
xgraphics	irinst.cpp	?NewInst@IRKill@XGRAPHICS@@SAPAVIRInst@2@W4Op@R400Tables@@PAVCompiler@2@@Z	0x50	0x82DCC6C0
xgraphics	irinst.cpp	?NewInst@IRKill2@XGRAPHICS@@SAPAVIRInst@2@W4Op@R400Tables@@PAVCompiler@2@@Z	0x50	0x82DCC710
xgraphics	irinst.cpp	?NewInst@IRCmp2@XGRAPHICS@@SAPAVIRInst@2@W4Op@R400Tables@@PAVCompiler@2@@Z	0x50	0x82DCC760
xgraphics	irinst.cpp	?NewInst@IRCmp1S@XGRAPHICS@@SAPAVIRInst@2@W4Op@R400Tables@@PAVCompiler@2@@Z	0x50	0x82DCC7B0
xgraphics	irinst.cpp	?NewInst@IRCmp1D@XGRAPHICS@@SAPAVIRInst@2@W4Op@R400Tables@@PAVCompiler@2@@Z	0x50	0x82DCC800
xgraphics	irinst.cpp	?NewInst@IRProjection@XGRAPHICS@@SAPAVIRInst@2@W4Op@R400Tables@@PAVCompiler@2@@Z	0x7C	0x82DCC850
xgraphics	irinst.cpp	?NewInst@IRLoopStart@XGRAPHICS@@SAPAVIRInst@2@W4Op@R400Tables@@PAVCompiler@2@@Z	0x50	0x82DCC8D0
xgraphics	irinst.cpp	?NewInst@IRLoopIndex@XGRAPHICS@@SAPAVIRInst@2@W4Op@R400Tables@@PAVCompiler@2@@Z	0x7C	0x82DCC920
xgraphics	irinst.cpp	?NewInst@IRAllocPos@XGRAPHICS@@SAPAVIRInst@2@W4Op@R400Tables@@PAVCompiler@2@@Z	0x70	0x82DCC9A0
xgraphics	irinst.cpp	?NewInst@IRAllocMem@XGRAPHICS@@SAPAVIRInst@2@W4Op@R400Tables@@PAVCompiler@2@@Z	0x70	0x82DCCA10
xgraphics	irinst.cpp	?NewInst@IRAllocColor@XGRAPHICS@@SAPAVIRInst@2@W4Op@R400Tables@@PAVCompiler@2@@Z	0x70	0x82DCCA80
xgraphics	irinst.cpp	?NewInst@IRAllocInterp@XGRAPHICS@@SAPAVIRInst@2@W4Op@R400Tables@@PAVCompiler@2@@Z	0x70	0x82DCCAF0
xgraphics	irinst.cpp	merged_82DCCB60	0x6C	0x82DCCB60
xgraphics	irinst.cpp	merged_82DCCBD0	0x50	0x82DCCBD0
xgraphics	irinst.cpp	merged_82DCCC20	0x6C	0x82DCCC20
xgraphics	irinst.cpp	?MakeIRVertexFetch@IRVertexFetch@XGRAPHICS@@SAPAVIRInst@2@W4Op@R400Tables@@PAVCompiler@2@II@Z	0x60	0x82DCCC90
xgraphics	irinst.cpp	merged_82DCCCF0	0x50	0x82DCCCF0
xgraphics	irinst.cpp	??0IRNop@XGRAPHICS@@QAA@W4Op@R400Tables@@PAVCompiler@1@@Z	0x58	0x82DCCD40
xgraphics	irinst.cpp	?NewInst@IRNop@XGRAPHICS@@SAPAVIRInst@2@W4Op@R400Tables@@PAVCompiler@2@@Z	0x50	0x82DCCD98
xgraphics	dominator.cpp	??0Dominator@XGRAPHICS@@QAA@PAVCFG@1@@Z	0xF0	0x82DCCDE8
xgraphics	dominator.cpp	??1Dominator@XGRAPHICS@@QAA@XZ	0x114	0x82DCCED8
xgraphics	dominator.cpp	?CalcDomFrontiers@Dominator@XGRAPHICS@@QAAXXZ	0x164	0x82DCCFF0
xgraphics	dominator.cpp	?Compress@Dominator@XGRAPHICS@@AAAXH@Z	0xFC	0x82DCD158
xgraphics	dominator.cpp	?EVAL@Dominator@XGRAPHICS@@AAAII@Z	0x50	0x82DCD258
xgraphics	dominator.cpp	?BuildDFSTree@Dominator@XGRAPHICS@@AAAXPAVBlock@2@@Z	0x158	0x82DCD2A8
xgraphics	dominator.cpp	?CalcDom@Dominator@XGRAPHICS@@QAAXXZ	0x2D0	0x82DCD400
xgraphics	dominator.cpp	?Run@Dominator@XGRAPHICS@@SAXPAVCFG@2@@Z	0x8C	0x82DCD6D0
xgraphics	block.cpp	?Append@Block@XGRAPHICS@@QAAXAAVIRInst@2@@Z	0x44	0x82DCD760
xgraphics	block.cpp	?Insert@Block@XGRAPHICS@@QAAXAAVIRInst@2@@Z	0x44	0x82DCD7A8
xgraphics	block.cpp	?InsertAfter@Block@XGRAPHICS@@QAAXAAVIRInst@2@0@Z	0x60	0x82DCD7F0
xgraphics	block.cpp	?InsertBefore@Block@XGRAPHICS@@QAAXAAVIRInst@2@0@Z	0x60	0x82DCD850
xgraphics	block.cpp	?InsertLoad@EntryBlock@XGRAPHICS@@UAAXAAVIRInst@2@@Z	0x48	0x82DCD8B0
xgraphics	block.cpp	?Validate@Block@XGRAPHICS@@QBA_NXZ	0x88	0x82DCD8F8
xgraphics	block.cpp	??0Block@XGRAPHICS@@QAA@PAVCompiler@1@@Z	0x260	0x82DCD980
xgraphics	block.cpp	?TypeName@Block@XGRAPHICS@@UBAPBDXZ	0xC	0x82DCDBE0
xgraphics	block.cpp	?WhichPredecessor@Block@XGRAPHICS@@QAAHPAV12@@Z	0x5C	0x82DCDBF0
xgraphics	block.cpp	?NextUnvisitedSuccessor@Block@XGRAPHICS@@QBAPAV12@H@Z	0x58	0x82DCDC50
xgraphics	block.cpp	?HasMultiCFGSucc@Block@XGRAPHICS@@QBA_NXZ	0x18	0x82DCDCA8
xgraphics	block.cpp	?HasMultiCFGPred@Block@XGRAPHICS@@QBA_NXZ	0x18	0x82DCDCC0
xgraphics	block.cpp	?NumSuccessors@Block@XGRAPHICS@@QBAHXZ	0xC	0x82DCDCD8
xgraphics	block.cpp	?NumPredecessors@Block@XGRAPHICS@@QBAHXZ	0xC	0x82DCDCE8
xgraphics	block.cpp	?HasSuccessors@Block@XGRAPHICS@@QBA_NXZ	0x14	0x82DCDCF8
xgraphics	block.cpp	?HasDomChildren@Block@XGRAPHICS@@QBA_NXZ	0x14	0x82DCDD10
xgraphics	block.cpp	?AddDomChild@Block@XGRAPHICS@@IAAXPAV12@@Z	0x38	0x82DCDD28
xgraphics	block.cpp	?AddDomFrontier@Block@XGRAPHICS@@IAAXPAV12@@Z	0x38	0x82DCDD60
xgraphics	block.cpp	?GetEndThen@IfHeader@XGRAPHICS@@QBAPAVBlock@2@XZ	0xE8	0x82DCDD98
xgraphics	block.cpp	?GetEndElse@IfHeader@XGRAPHICS@@QBAPAVBlock@2@XZ	0xEC	0x82DCDE80
xgraphics	block.cpp	?RemoveUnreachableBlocks@CFG@XGRAPHICS@@QAAXXZ	0x12C	0x82DCDF70
xgraphics	block.cpp	?Find@?$stack@PAVVRegInfo@XGRAPHICS@@@XGRAPHICS@@QBA_NAAPAVVRegInfo@2@@Z	0x5C	0x82DCE0A0
xgraphics	block.cpp	?MakePredAndSuccEdge@Block@XGRAPHICS@@SAXPAV12@0@Z	0x88	0x82DCE100
xgraphics	block.cpp	??1Block@XGRAPHICS@@UAA@XZ	0xB4	0x82DCE188
xgraphics	block.cpp	?ReplaceSuccessor@Block@XGRAPHICS@@IAAXPAV12@0@Z	0x100	0x82DCE240
xgraphics	block.cpp	?PopAllDefNodes@Block@XGRAPHICS@@IAAXXZ	0x44	0x82DCE340
xgraphics	block.cpp	?PushDefNode@Block@XGRAPHICS@@IAAXPAVVRegInfo@2@PAUCurrentValue@2@@Z	0x5C	0x82DCE388
xgraphics	block.cpp	??0EntryBlock@XGRAPHICS@@QAA@PAVCompiler@1@@Z	0x44	0x82DCE3E8
xgraphics	block.cpp	?TypeName@EntryBlock@XGRAPHICS@@UBAPBDXZ	0xC	0x82DCE430
xgraphics	block.cpp	??0ExitBlock@XGRAPHICS@@QAA@PAVCompiler@1@@Z	0x3C	0x82DCE440
xgraphics	block.cpp	?TypeName@ExitBlock@XGRAPHICS@@UBAPBDXZ	0xC	0x82DCE480
xgraphics	block.cpp	??0IfHeader@XGRAPHICS@@IAA@PAVCompiler@1@@Z	0x8C	0x82DCE490
xgraphics	block.cpp	?TypeName@IfHeader@XGRAPHICS@@UBAPBDXZ	0xC	0x82DCE520
xgraphics	block.cpp	??0BreakBlock@XGRAPHICS@@QAA@PAVPostLoopFooter@1@PAVCompiler@1@@Z	0x50	0x82DCE530
xgraphics	block.cpp	?TypeName@BreakBlock@XGRAPHICS@@UBAPBDXZ	0xC	0x82DCE580
xgraphics	block.cpp	??0ContinueBlock@XGRAPHICS@@QAA@PAVLoopFooter@1@PAVCompiler@1@@Z	0x50	0x82DCE590
xgraphics	block.cpp	?TypeName@ContinueBlock@XGRAPHICS@@UBAPBDXZ	0xC	0x82DCE5E0
xgraphics	block.cpp	?TypeName@LoopFooter@XGRAPHICS@@UBAPBDXZ	0xC	0x82DCE5F0
xgraphics	block.cpp	?TypeName@PostLoopFooter@XGRAPHICS@@UBAPBDXZ	0xC	0x82DCE600
xgraphics	block.cpp	?TypeName@IfFooter@XGRAPHICS@@UBAPBDXZ	0xC	0x82DCE610
xgraphics	block.cpp	?TypeName@IfFooterStatic@XGRAPHICS@@UBAPBDXZ	0xC	0x82DCE620
xgraphics	block.cpp	?ReplaceEdgeWithGraph@Block@XGRAPHICS@@QAAXPAV12@00@Z	0x44	0x82DCE630
xgraphics	block.cpp	??0LoopHeader@XGRAPHICS@@QAA@HPAV01@PAVCompiler@1@@Z	0x120	0x82DCE678
xgraphics	block.cpp	?TypeName@LoopHeader@XGRAPHICS@@UBAPBDXZ	0xC	0x82DCE798
xgraphics	block.cpp	??0IfHeader@XGRAPHICS@@QAA@PAVIRInst@1@PAV01@PAVCompiler@1@PAVCFG@1@@Z	0xF4	0x82DCE7A8
xgraphics	block.cpp	??0IfHeaderStatic@XGRAPHICS@@QAA@PAVIRCmp1S@1@PAVIfHeader@1@PAVCompiler@1@PAVCFG@1@@Z	0x9C	0x82DCE8A0
xgraphics	block.cpp	?TypeName@IfHeaderStatic@XGRAPHICS@@UBAPBDXZ	0xC	0x82DCE940
xgraphics	block.cpp	merged_82DCE950	0x58	0x82DCE950
xgraphics	expansion.cpp	?MakeInst@CFG@XGRAPHICS@@AAAPAVIRInst@2@W4ILOpCode@2@@Z	0xA0	0x82DCE9A8
xgraphics	expansion.cpp	?GetChMask@XGRAPHICS@@YA?AW4ModDestChannel@R400Tables@@D@Z	0x8C	0x82DCEA48
xgraphics	expansion.cpp	?AddResource@IRInst@XGRAPHICS@@QAAXPAVVRegInfo@2@@Z	0x78	0x82DCEAD8
xgraphics	expansion.cpp	?numDestinationRegisters@XGRAPHICS@@YA?BHW4ILOpCode@1@@Z	0x7C	0x82DCEB50
xgraphics	expansion.cpp	?numSourceRegisters@XGRAPHICS@@YA?BHW4ILOpCode@1@@Z	0x70	0x82DCEBD0
xgraphics	expansion.cpp	?numAdditionalTokens@XGRAPHICS@@YA?BHW4ILOpCode@1@@Z	0x70	0x82DCEC40
xgraphics	expansion.cpp	?getExpansion@XGRAPHICS@@YAPBTexpansion_token@1@W4ILOpCode@1@@Z	0x70	0x82DCECB0
xgraphics	expansion.cpp	?getProcessing@XGRAPHICS@@YAHW4ILOpCode@1@@Z	0x70	0x82DCED20
xgraphics	expansion.cpp	?IL2IR_ImportComponent@XGRAPHICS@@YAHI@Z	0x7C	0x82DCED90
xgraphics	expansion.cpp	?IL2IR_ImportUsage@XGRAPHICS@@YAHI@Z	0x98	0x82DCEE10
xgraphics	expansion.cpp	?IL2IR_TexFilterMode@XGRAPHICS@@YAHH@Z	0x6C	0x82DCEEA8
xgraphics	expansion.cpp	merged_82DCEF18	0x40	0x82DCEF18
xgraphics	expansion.cpp	?FixUp@LabelInfo@XGRAPHICS@@QAAXXZ	0x54	0x82DCEF58
xgraphics	expansion.cpp	?SetSwizzleFromToken@XGRAPHICS@@YAXPATIL_Src@1@PAVIRInst@1@@Z	0x78	0x82DCEFB0
xgraphics	expansion.cpp	?SetSrcModifiers@CFG@XGRAPHICS@@AAAXAATSwizzleOrMaskInfo@2@PATIL_Src@2@HPAVIRInst@2@@Z	0x214	0x82DCF028
xgraphics	expansion.cpp	?PreAssignPhysicalRegisters@CFG@XGRAPHICS@@QAAXXZ	0x334	0x82DCF240
xgraphics	expansion.cpp	?FindOrCreate@LabelInfo@XGRAPHICS@@SAAAV12@ABVScopedLabel@2@PAVCompiler@2@@Z	0x114	0x82DCF578
xgraphics	expansion.cpp	?ExpandSrcModifiers@CFG@XGRAPHICS@@AAAXPAVDList@2@PATIL_OpCode@2@PATIL_Src@2@PAV?$stack@PAVLoopHeader@XGRAPHICS@@@2@_N4@Z	0x11F8	0x82DCF690
xgraphics	expansion.cpp	?ExpandDstModifiers@CFG@XGRAPHICS@@AAAXPAVDList@2@PATIL_Dst@2@PAV?$stack@PAVLoopHeader@XGRAPHICS@@@2@@Z	0x59C	0x82DD0888
xgraphics	expansion.cpp	?ExpandDCLV@CFG@XGRAPHICS@@AAAXHPATIL_Dst@2@TSwizzleOrMaskInfo@2@PAVBlock@2@_NPATIL_Src@2@@Z	0x40C	0x82DD0E28
xgraphics	expansion.cpp	?PushAndGo@CFG@XGRAPHICS@@AAAPBTexpansion_token@2@PBT32@AAHPAVBlock@2@0PAV?$stack@PAUEXP_DIR@XGRAPHICS@@@2@@Z	0x74	0x82DD1238
xgraphics	expansion.cpp	?SetDstModifiers@CFG@XGRAPHICS@@AAAXPAV?$stack@PAVLoopHeader@XGRAPHICS@@@2@TSwizzleOrMaskInfo@2@PATIL_Dst@2@HPAVIRInst@2@_N@Z	0x2E8	0x82DD12B0
xgraphics	expansion.cpp	?ExpandOperandForExpansion@CFG@XGRAPHICS@@AAAXHHPAPATIL_Dst@2@PAPATIL_Src@2@PAVIRInst@2@HTSwizzleOrMaskInfo@2@AAT62@PAV?$stack@PAVLoopHeader@XGRAPHICS@@@2@_NPAHPAVBlock@2@@Z	0x2A4	0x82DD1598
xgraphics	expansion.cpp	?IL2IR@CFG@XGRAPHICS@@AAAXAAVILInstIterator@2@@Z	0x6370	0x82DD1840
xgraphics	liveness.cpp	?diffCompUnion@bitset@XGRAPHICS@@QBA_NAAV12@ABV12@@Z	0x64	0x82DD7BB0
xgraphics	liveness.cpp	?UpdateNonLocalSet@CFG@XGRAPHICS@@AAAXPAVIRInst@2@PAVLiveSet@2@@Z	0xF4	0x82DD7C18
xgraphics	liveness.cpp	?ClearNonLocalSet@CFG@XGRAPHICS@@QAAXXZ	0x34	0x82DD7D10
xgraphics	liveness.cpp	?ReleaseLiveSets@CFG@XGRAPHICS@@QAAXXZ	0xB0	0x82DD7D48
xgraphics	liveness.cpp	?FindGlobalResources@CFG@XGRAPHICS@@AAAXXZ	0xA4	0x82DD7DF8
xgraphics	liveness.cpp	?BuildLiveSets@CFG@XGRAPHICS@@QAAXH@Z	0x460	0x82DD7EA0
xgraphics	vregprops.cpp	?NewItem@TempValue@XGRAPHICS@@SAPAVVRegInfo@2@HW4RegType@R400Tables@@PAVCompiler@2@@Z	0x58	0x82DD8300
xgraphics	vregprops.cpp	?NewItem@FixedValue@XGRAPHICS@@SAPAVVRegInfo@2@HW4RegType@R400Tables@@PAVCompiler@2@@Z	0x58	0x82DD8358
xgraphics	vregprops.cpp	?NewItem@Interpolator@XGRAPHICS@@SAPAVVRegInfo@2@HW4RegType@R400Tables@@PAVCompiler@2@@Z	0x58	0x82DD83B0
xgraphics	vregprops.cpp	?NewItem@BaseAddr@XGRAPHICS@@SAPAVVRegInfo@2@HW4RegType@R400Tables@@PAVCompiler@2@@Z	0x58	0x82DD8408
xgraphics	vregprops.cpp	?NewItem@StandardIndex@XGRAPHICS@@SAPAVVRegInfo@2@HW4RegType@R400Tables@@PAVCompiler@2@@Z	0x58	0x82DD8460
xgraphics	vregprops.cpp	?NewItem@Resource@XGRAPHICS@@SAPAVVRegInfo@2@HW4RegType@R400Tables@@PAVCompiler@2@@Z	0x58	0x82DD84B8
xgraphics	vregprops.cpp	merged_82DD8510	0x58	0x82DD8510
xgraphics	vregprops.cpp	?NewItem@LoopIndexedOutputSet@XGRAPHICS@@SAPAVVRegInfo@2@HW4RegType@R400Tables@@PAVCompiler@2@@Z	0x58	0x82DD8568
xgraphics	vregprops.cpp	?NewItem@LoopIndexedInputSet@XGRAPHICS@@SAPAVVRegInfo@2@HW4RegType@R400Tables@@PAVCompiler@2@@Z	0x58	0x82DD85C0
xgraphics	vregprops.cpp	?NewItem@LoopIndexedConstSet@XGRAPHICS@@SAPAVVRegInfo@2@HW4RegType@R400Tables@@PAVCompiler@2@@Z	0x58	0x82DD8618
xgraphics	vregprops.cpp	?NewItem@HosCoord@XGRAPHICS@@SAPAVVRegInfo@2@HW4RegType@R400Tables@@PAVCompiler@2@@Z	0x58	0x82DD8670
xgraphics	vregprops.cpp	?NewItem@ExportAddress@XGRAPHICS@@SAPAVVRegInfo@2@HW4RegType@R400Tables@@PAVCompiler@2@@Z	0x58	0x82DD86C8
xgraphics	vregprops.cpp	?NewItem@ExportSlot@XGRAPHICS@@SAPAVVRegInfo@2@HW4RegType@R400Tables@@PAVCompiler@2@@Z	0x58	0x82DD8720
xgraphics	vregprops.cpp	?NewItem@Physical@XGRAPHICS@@SAPAVVRegInfo@2@HW4RegType@R400Tables@@PAVCompiler@2@@Z	0x58	0x82DD8778
xgraphics	vregprops.cpp	?NewItem@ExportValue@XGRAPHICS@@SAPAVVRegInfo@2@HW4RegType@R400Tables@@PAVCompiler@2@@Z	0x58	0x82DD87D0
xgraphics	vregprops.cpp	?NewItem@AutoIndexVtx@XGRAPHICS@@SAPAVVRegInfo@2@HW4RegType@R400Tables@@PAVCompiler@2@@Z	0x58	0x82DD8828
xgraphics	interference.cpp	?LastUsedSlot@Range@XGRAPHICS@@QAAXAAHAAPAUAdjacencyList@2@@Z	0x6C	0x82DD8880
xgraphics	interference.cpp	?Find@Interference@XGRAPHICS@@QBAHH_N@Z	0x88	0x82DD88F0
xgraphics	interference.cpp	?Index@Interference@XGRAPHICS@@ABAHHH@Z	0x94	0x82DD8978
xgraphics	interference.cpp	?AdvanceSlot@Range@XGRAPHICS@@AAAXAAHAAPAUAdjacencyList@2@PAVCompiler@2@@Z	0xBC	0x82DD8A10
xgraphics	interference.cpp	?ClearMatrix@Interference@XGRAPHICS@@QAAXXZ	0x34	0x82DD8AD0
xgraphics	interference.cpp	?Interfere@Interference@XGRAPHICS@@QBA_NHH@Z	0x4C	0x82DD8B08
xgraphics	interference.cpp	?AddAdjMatrix@Interference@XGRAPHICS@@QAAXHH@Z	0x54	0x82DD8B58
xgraphics	interference.cpp	?Number@CFG@XGRAPHICS@@QBAHPAVIRInst@2@@Z	0x24	0x82DD8BB0
xgraphics	interference.cpp	??0Range@XGRAPHICS@@QAA@HHPAVCompiler@1@@Z	0x7C	0x82DD8BD8
xgraphics	interference.cpp	?MergeEdges@Range@XGRAPHICS@@QAAXHPAVInterference@2@@Z	0x174	0x82DD8C58
xgraphics	interference.cpp	??0Interference@XGRAPHICS@@QAA@HHPAVCompiler@1@@Z	0x11C	0x82DD8DD0
xgraphics	interference.cpp	?AddPreference@Interference@XGRAPHICS@@QAAXHH@Z	0x88	0x82DD8EF0
xgraphics	interference.cpp	?AddNode@Interference@XGRAPHICS@@QAAXXZ	0x16C	0x82DD8F78
xgraphics	interference.cpp	?AddEdge@Interference@XGRAPHICS@@QAAXHH@Z	0x14C	0x82DD90E8
xgraphics	interference.cpp	?ClearDegree@Interference@XGRAPHICS@@QAAXXZ	0x70	0x82DD9238
xgraphics	interference.cpp	?Coalesce@Interference@XGRAPHICS@@QAA_NHH@Z	0xB4	0x82DD92A8
xgraphics	interference.cpp	?Remove@Interference@XGRAPHICS@@AAAXHPAV?$Set@H@2@H@Z	0x148	0x82DD9360
xgraphics	interference.cpp	??1Range@XGRAPHICS@@QAA@XZ	0x6C	0x82DD94A8
xgraphics	interference.cpp	?ColorGraph@Interference@XGRAPHICS@@QAAXXZ	0x69C	0x82DD9518
xgraphics	interference.cpp	??1Interference@XGRAPHICS@@QAA@XZ	0xAC	0x82DD9BB8
xgraphics	compress.cpp	?HasEdge@TNode@XGRAPHICS@@AAAPAV12@PAPAX0@Z	0x6C	0x82DD9C68
xgraphics	compress.cpp	?IsEndPoint@Reference@XGRAPHICS@@QAAHHPAPAX@Z	0xD0	0x82DD9CD8
xgraphics	compress.cpp	?Canonize@Reference@XGRAPHICS@@QAAXPAPAX@Z	0xB8	0x82DD9DA8
xgraphics	compress.cpp	?MakeNodeExplicit@Reference@XGRAPHICS@@QAAPAVTNode@2@PAPAX@Z	0x12C	0x82DD9E60
xgraphics	compress.cpp	?Update@Reference@XGRAPHICS@@QAAXPAVTNode@2@HPAPAX@Z	0x110	0x82DD9F90
xgraphics	compress.cpp	?BuildSuffixTree@TNode@XGRAPHICS@@SAPAV12@HPAPAXPAVCompiler@2@@Z	0x10C	0x82DDA0A0
xgraphics	compress.cpp	??0Fragment@XGRAPHICS@@QAA@PAVCompiler@1@@Z	0x5C	0x82DDA1B0
xgraphics	compress.cpp	?SortFragments@Assembler@XGRAPHICS@@QAAXXZ	0x1D8	0x82DDA210
xgraphics	compress.cpp	?FindRepeatedFragments@TNode@XGRAPHICS@@QAAXPAVAssembler@2@HPAPAXPAVCompiler@2@@Z	0x290	0x82DDA3E8
xgraphics	compress.cpp	?CompressCode@XGRAPHICS@@YAXPAVAssembler@1@HPADPAVCompiler@1@@Z	0x4D8	0x82DDA678
xgraphics	diagnose.cpp	?FormatFloat@PrintTools@XGRAPHICS@@SAXMPAD@Z	0xF8	0x82DDAB50
xgraphics	schedmodel.cpp	?Check@R400SlotModel@XGRAPHICS@@UAA_NPBVIRInst@2@@Z	0xC0	0x82DDAC48
xgraphics	schedmodel.cpp	?Apply@R400SlotModel@XGRAPHICS@@UAAXPBVIRInst@2@@Z	0xE4	0x82DDAD08
xgraphics	schedmodel.cpp	?InstConstantState@R400ConstantModel@XGRAPHICS@@SA?AW4R400ConstantState@12@PBVIRInst@2@AA_N@Z	0x21C	0x82DDADF0
xgraphics	schedmodel.cpp	?Check@R400ConstantModel@XGRAPHICS@@UAA_NPBVIRInst@2@@Z	0x14C	0x82DDB010
xgraphics	schedmodel.cpp	?Apply@R400ConstantModel@XGRAPHICS@@UAAXPBVIRInst@2@@Z	0x188	0x82DDB160
xgraphics	schedmodel.cpp	?AddUpResourceUsage@R400SchedModel@XGRAPHICS@@QAAXPBVIRInst@2@@Z	0x80	0x82DDB2E8
xgraphics	schedmodel.cpp	?ReduceResourceUsage@R400SchedModel@XGRAPHICS@@QAAXPBVIRInst@2@@Z	0x80	0x82DDB368
xgraphics	schedmodel.cpp	?DefIsFixedResource@XGRAPHICS@@YA_NPBVIRInst@1@@Z	0x34	0x82DDB3E8
xgraphics	schedmodel.cpp	?IsRealFetch@XGRAPHICS@@YA_NPBVIRInst@1@@Z	0x5C	0x82DDB420
xgraphics	schedmodel.cpp	?IsTexturePipeYieldDisabler@XGRAPHICS@@YA_NPBVIRInst@1@@Z	0x34	0x82DDB480
xgraphics	schedmodel.cpp	?IsShaderPipeYieldDisabler@XGRAPHICS@@YA_NPBVIRInst@1@@Z	0x3C	0x82DDB4B8
xgraphics	schedmodel.cpp	?Latency@XGRAPHICS@@YAHPBVIRInst@1@0HHW4DepType@1@@Z	0x108	0x82DDB4F8
xgraphics	unionfind.cpp	?Find@XGRAPHICS@@YAHHPAH@Z	0x60	0x82DDB600
xgraphics	unionfind.cpp	?Union@XGRAPHICS@@YAXHHPAH@Z	0xC	0x82DDB660
xgraphics	ilformatdecode.cpp	?Mask@ILFormatDecode@XGRAPHICS@@SAHPBTIL_Dst@2@H@Z	0x5C	0x82DDB670
xgraphics	ilformatdecode.cpp	?Swizzle@ILFormatDecode@XGRAPHICS@@SAHPBTIL_Src@2@H@Z	0x98	0x82DDB6D0
xgraphics	ilformatdecode.cpp	?AllNegates@ILFormatDecode@XGRAPHICS@@SAHPBTIL_Src@2@@Z	0x20	0x82DDB768
xgraphics	ilformatdecode.cpp	?HasZeroOrOne@ILFormatDecode@XGRAPHICS@@SA_NPBTIL_Dst@2@@Z	0xC8	0x82DDB788
xgraphics	liveset.cpp	?Index@LiveSet@XGRAPHICS@@SAHPAVIRInst@2@H@Z	0x58	0x82DDB850
xapilibi	resetevent.cpp	ResetEvent	0x54	0x82DDB8A8
xapilibi	createevent.cpp	CreateEventA	0x94	0x82DDB900
xapilibi	setevent.cpp	SetEvent	0x58	0x82DDB998
xapilibi	widechartomultibyte.cpp	WideCharToMultiByte	0xD0	0x82DDB9F0
xapilibi	xnui.cpp	XNuiDelayUI	0x54	0x82DDBAC0
xapilibi	xnui.cpp	XNuiInterpretFrame	0x50	0x82DDBB18
xapilibi	xnui.cpp	XNuiTitleInitialize	0x50	0x82DDBB68
xapilibi	xnui.cpp	XNuiTitleShutdown	0x3C	0x82DDBBB8
xapilibi	xnui.cpp	XNuiGetHardwareStatus	0x30	0x82DDBBF8
xapilibi	xuser.cpp	XUserWriteAchievements	0x80	0x82DDBC28
xapilibi	xuser.cpp	XUserAwardAvatarAssets	0x80	0x82DDBCA8
xapilibi	xuser.cpp	XUserSetContextEx	0x94	0x82DDBD28
xapilibi	xuser.cpp	XUserSetContext	0x3C	0x82DDBDC0
xapilibi	xuser.cpp	XUserSetPropertyEx	0xC8	0x82DDBE00
xapilibi	xuser.cpp	XUserGetName	0x40	0x82DDBEC8
xapilibi	xuser.cpp	XUserGetSigninState	0x40	0x82DDBF08
xapilibi	xuser.cpp	XUserAreUsersFriends	0x50	0x82DDBF48
xapilibi	xuser.cpp	XUserCheckPrivilege	0xA4	0x82DDBF98
xapilibi	xuser.cpp	XUserAwardGamerPicture	0x4C	0x82DDC040
xapilibi	xuser.cpp	Win32FromHRESULT	0x5C	0x82DDC090
xapilibi	xuser.cpp	XUserGetXUID	0x58	0x82DDC0F0
xapilibi	xoverlap.cpp	XCancelOverlapped	0x40	0x82DDC148
xapilibi	xgetoverlappedextendederror.cpp	XGetOverlappedExtendedError	0x64	0x82DDC188
xapilibi	xenum.cpp	XEnumerate	0x54	0x82DDC1F0
xapilibi	sleep.cpp	RtlSleep	0x88	0x82DDC248
xapilibi	sleep.cpp	SleepEx	0x60	0x82DDC2D0
xapilibi	sleep.cpp	Sleep	0x3C	0x82DDC330
xapilibi	getlocaltime.cpp	GetLocalTime	0x9C	0x82DDC370
xapilibi	outputdebugstring.cpp	OutputDebugStringA	0x54	0x82DDC410
xapilibi	synch.cpp	CreateSemaphoreA	0x90	0x82DDC468
xapilibi	synch.cpp	ReleaseSemaphore	0x54	0x82DDC4F8
xapilibi	synch.cpp	WaitForMultipleObjectsEx	0xC8	0x82DDC550
xapilibi	synch.cpp	WaitForMultipleObjects	0x4C	0x82DDC618
xapilibi	xusergetsignininfo.cpp	XUserGetSigninInfo	0x44	0x82DDC668
xapilibi	uiapithunk.cpp	XShowSigninUI	0x50	0x82DDC6B0
xapilibi	uiapithunk.cpp	XShowFriendsUI	0x40	0x82DDC700
xapilibi	uiapithunk.cpp	XShowKeyboardUI	0x68	0x82DDC740
xapilibi	uiapithunk.cpp	XShowGamerCardUI	0x54	0x82DDC7A8
xapilibi	uiapithunk.cpp	XShowMarketplaceUI	0x50	0x82DDC800
xapilibi	uiapithunk.cpp	XShowTokenRedemptionUI	0x54	0x82DDC850
xapilibi	uiapithunk.cpp	XShowDeviceSelectorUI	0x58	0x82DDC8A8
xapilibi	uiapithunk.cpp	XShowDirtyDiscErrorUI	0x2C	0x82DDC900
xapilibi	bgdownload.cpp	XBackgroundDownloadSetMode	0x40	0x82DDC930
xapilibi	scrnsavr.cpp	XEnableScreenSaver	0x4C	0x82DDC970
xapilibi	getlocale.cpp	XGetLocale	0x208	0x82DDC9C0
xapilibi	getlang.cpp	XTLGetLanguage	0xA0	0x82DDCBC8
xapilibi	debugbreak.cpp	DebugBreak	0x28	0x82DDCC68
xapilibi	getsystemtime.cpp	GetSystemTime	0x84	0x82DDCC90
xapilibi	gettimezoneinformation.cpp	GetTimeZoneInformation	0x194	0x82DDCD18
xapilibi	filetimetosystemtime.cpp	FileTimeToSystemTime	0x9C	0x82DDCEB0
xapilibi	systemtimetofiletime.cpp	SystemTimeToFileTime	0xB4	0x82DDCF50
xapilibi	xcontentcrosstitle.cpp	DelayLoad	0x84	0x82DDD008
xapilibi	xcontentcrosstitle.cpp	EnsureAltTitleListLoaded	0xB4	0x82DDD090
xapilibi	xcontentcrosstitle.cpp	IsCurrentTitleId	0x64	0x82DDD148
xapilibi	xcontentcrosstitle.cpp	IsAlternateTitleId	0x8C	0x82DDD1B0
xapilibi	xcontentcrosstitle.cpp	IsCurrentOrAlternateTitleId	0x58	0x82DDD240
xapilibi	xcontentcrosstitle.cpp	XContentCrossTitleCreate	0x158	0x82DDD298
xapilibi	xcontentcrosstitle.cpp	XContentCrossTitleDelete	0x110	0x82DDD3F0
xapilibi	xcontentcrosstitle.cpp	XContentCreateCrossTitleEnumerator	0xE4	0x82DDD500
xapilibi	xcontentcrosstitle.cpp	InitAsyncMessage	0x84	0x82DDD5E8
xapilibi	xcontentcrosstitle.cpp	ScheduleSystemRequest	0x180	0x82DDD670
xapilibi	xcontentcrosstitle.cpp	EnumerateCrossTitleContentTaskProc	0xFC	0x82DDD7F0
xapilibi	xcontentcrosstitle.cpp	XEnumerateCrossTitle	0x120	0x82DDD8F0
xapilibi	xcontent.cpp	XContentCreateEx	0xC8	0x82DDDA10
xapilibi	xcontent.cpp	XContentDelete	0x40	0x82DDDAD8
xapilibi	xcontent.cpp	XContentClose	0x50	0x82DDDB18
xapilibi	xcontent.cpp	XContentFlush	0x50	0x82DDDB68
xapilibi	xcontent.cpp	XContentGetCreator	0x50	0x82DDDBB8
xapilibi	xcontent.cpp	XContentCreateEnumerator	0x60	0x82DDDC08
xapilibi	xcontent.cpp	XContentGetDeviceState	0x50	0x82DDDC68
xapilibi	xcontent.cpp	XContentGetDeviceData	0x50	0x82DDDCB8
xapilibi	xcontent.cpp	XContentCalculateSize	0xB4	0x82DDDD08
xapilibi	xinpapi.cpp	XInputGetCapabilities	0x40	0x82DDDDC0
xapilibi	xinpapi.cpp	XInputGetState	0x54	0x82DDDE00
xapilibi	xinpapi.cpp	XInputSetState	0xDC	0x82DDDE58
xapilibi	xinpapi.cpp	XInputGetKeystrokeEx	0x58	0x82DDDF38
xapilibi	xinpapi.cpp	XInputGetKeystroke	0x58	0x82DDDF90
xapilibi	getfileattributesex.cpp	GetFileAttributesExA	0xC8	0x82DDDFE8
xapilibi	deletefile.cpp	DeleteFileA	0xC4	0x82DDE0B0
xapilibi	createdirectory.cpp	CreateDirectoryA	0xA8	0x82DDE178
xapilibi	findnextfile.cpp	FindNextFileA	0x74	0x82DDE220
xapilibi	findfirstfile.cpp	FindFirstFileA	0xA4	0x82DDE298
xapilibi	getfilesize.cpp	GetFileSize	0x84	0x82DDE340
xapilibi	getdiskfreespaceex.cpp	GetDiskFreeSpaceExA	0x120	0x82DDE3C8
xapilibi	dir.cpp	RemoveDirectoryA	0x70	0x82DDE4E8
xapilibi	createfile.cpp	CreateFileA	0x200	0x82DDE558
xapilibi	readfile.cpp	ReadFile	0x188	0x82DDE758
xapilibi	writefile.cpp	WriteFile	0x134	0x82DDE8E0
xapilibi	setfilepointer.cpp	SetFilePointer	0x184	0x82DDEA18
xapilibi	filetimetolocalfiletime.cpp	FileTimeToLocalFileTime	0x78	0x82DDEBA0
xapilibi	getoverlappedresult.cpp	GetOverlappedResult	0xA4	0x82DDEC18
xapilibi	setendoffile.cpp	SetEndOfFile	0xB4	0x82DDECC0
xapilibi	xmemset.cpp	XMemSet	0x1C0	0x82DDED78
xapilibi	gettickcount.cpp	GetTickCount	0x38	0x82DDEF38
xapilibi	loader.cpp	FreeLibrary	0x54	0x82DDEF70
xapilibi	loader.cpp	GetProcAddress	0x90	0x82DDEFC8
xapilibi	loader.cpp	XapiLoadLibraryCore	0x6C	0x82DDF058
xapilibi	loader.cpp	XLoadLibrary	0x50	0x82DDF0C8
xapilibi	loader.cpp	LoadLibraryA	0x44	0x82DDF118
xapilibi	getmodulehandlea.cpp	GetModuleHandleA	0x58	0x82DDF160
xapilibi	pix.cpp	PIXAddPixOpWithData	0x100	0x82DDF1B8
xapilibi	pix.cpp	PIXWriteDataWithoutTimestamp	0x100	0x82DDF2B8
xapilibi	pix.cpp	?DwordStrcpy@@YAPAKPCKPBD0@Z	0x128	0x82DDF3B8
xapilibi	pix.cpp	?DwordStrcpyWide@@YAPAKPCKPB_W0@Z	0x128	0x82DDF4E0
xapilibi	pix.cpp	?DwordMemcpy@@YAPAKPCKPBKH@Z	0xA4	0x82DDF608
xapilibi	pix.cpp	?PIXevent_Copy_va_list@@YAXW4_PixSmallOpcodesType@@W4PIX_API_TYPE@@KPBDPAD@Z	0x330	0x82DDF6B0
xapilibi	pix.cpp	?PIXBeginNamedEvent_Copy_VarArgs_NoOverload@@YAXKPBDZZ	0x7C	0x82DDF9E0
xapilibi	pix.cpp	PIXBeginNamedEvent_Copy_NoVarArgs	0xB8	0x82DDFA60
xapilibi	pix.cpp	PIXEndNamedEvent	0xDC	0x82DDFB18
xapilibi	pix.cpp	PIXNameThread	0x58	0x82DDFBF8
xapilibi	pix.cpp	PIXAddCounter	0x7C	0x82DDFC50
xapilibi	pix.cpp	PIXSubmitDrPixCounters	0x140	0x82DDFCD0
xapilibi	pix.cpp	PIXGetCaptureState	0x64	0x82DDFE10
xapilibi	memfunctions.cpp	XMemSet128	0x128	0x82DDFE78
xapilibi	memfunctions.cpp	XMemCpy128	0x150	0x82DDFFA0
xapilibi	memfunctions.cpp	XMemCpyStreaming_WriteCombined	0xCC	0x82DE00F0
xapilibi	memfunctions.cpp	XMemCpy	0x304	0x82DE01C0
xapilibi	getfileattributes.cpp	GetFileAttributesA	0x7C	0x82DE04C8
xapilibi	getsystemasfiletime.cpp	GetSystemTimeAsFileTime	0x38	0x82DE0548
xapilibi	raiseexception.cpp	RaiseException	0x90	0x82DE0580
xapilibi	getfileinformationbyhandle.cpp	GetFileInformationByHandle	0x130	0x82DE0610
xapilibi	exitthread.cpp	ExitThread	0x28	0x82DE0740
xapilibi	filemisc.cpp	MoveFileA	0xE0	0x82DE0768
xapilibi	filemisc.cpp	MoveFileWithProgressA	0x14C	0x82DE0848
xapilibi	filemisc.cpp	MoveFileExA	0x48	0x82DE0998
xapilibi	multibytetowidechar.cpp	MultiByteToWideChar	0xD4	0x82DE09E0
xapilibi	outputdebugstringw.cpp	OutputDebugStringW	0x78	0x82DE0AB8
xapilibi	queryperformancecounter.cpp	QueryPerformanceCounter	0x48	0x82DE0B30
xapilibi	flushfilebuffers.cpp	FlushFileBuffers	0x58	0x82DE0B78
xapilibi	xnuiidentity.cpp	XNuiIdentityBindEnrollment	0x64	0x82DE0BD0
xapilibi	xnuiidentity.cpp	XNuiIdentityCompleteEnroll	0x64	0x82DE0C38
xapilibi	xnuiidentity.cpp	XNuiIdentityCompleteIdentify	0x64	0x82DE0CA0
xapilibi	xnuiidentity.cpp	XNuiIdentityCompleteQualityFlags	0x54	0x82DE0D08
xapilibi	xnuiidentity.cpp	XNuiIdentitySetNotifyCallback	0x54	0x82DE0D60
xapilibi	xnuiidentity.cpp	XNuiIdentityUpdateData	0x6C	0x82DE0DB8
xapilibi	xnuiidentity.cpp	XNuiIdentityMatchOnTruthTable	0x5C	0x82DE0E28
xapilibi	xnuicache.cpp	XNuiCacheBiometricInvalidate	0x78	0x82DE0E88
xapilibi	xnuicache.cpp	XNuiCacheBiometricRetrieve	0x7C	0x82DE0F00
xapilibi	xnuicache.cpp	XNuiCacheBiometricStore	0x78	0x82DE0F80
xapilibi	xnuicache.cpp	XNuiCacheSessionInvalidate	0x78	0x82DE0FF8
xapilibi	xnuicache.cpp	XNuiCacheSessionRetrieve	0x7C	0x82DE1070
xapilibi	xnuicache.cpp	XNuiCacheSessionStore	0x78	0x82DE10F0
xapilibi	queryperformancefrequency.cpp	QueryPerformanceFrequency	0x3C	0x82DE1168
xapilibi	getfilesizeex.cpp	GetFileSizeEx	0x88	0x82DE11A8
xapilibi	rect.cpp	SetRect	0x44	0x82DE1230
xapilibi	rect.cpp	IsRectEmpty	0x5C	0x82DE1278
xapilibi	rect.cpp	EqualRect	0x70	0x82DE12D8
xapilibi	rect.cpp	CopyRect	0x60	0x82DE1348
xapilibi	rect.cpp	SetRectEmpty	0x48	0x82DE13A8
xapilibi	rect.cpp	IntersectRect	0xC4	0x82DE13F0
xapilibi	charconv.cpp	CharUpperW	0x80	0x82DE14B8
xapilibi	charconv.cpp	CharLowerW	0x80	0x82DE1538
xapilibi	createmutex.cpp	CreateMutexA	0xA0	0x82DE15B8
xapilibi	releasemutex.cpp	ReleaseMutex	0x58	0x82DE1658
xapilibi	compstr.cpp	xCompareStringW	0x200	0x82DE16B0
xapilibi	setfileattributesa.cpp	SetFileAttributesA	0xF4	0x82DE18B0
xapilibi	copyfile.cpp	CopyFileExA	0x370	0x82DE19A8
xapilibi	copyfile.cpp	CopyFileA	0x50	0x82DE1D18
xapilibi	localrealloc.cpp	LocalReAlloc	0x5C	0x82DE1D68
xapilibi	getdebugheap.cpp	GetDebugHeap	0x2C	0x82DE1DC8
xapilibi	lcompata.cpp	lstrcmpiA	0xA0	0x82DE1DF8
xapilibi	getfiletime.cpp	GetFileTime	0xA0	0x82DE1E98
xapilibi	xapiformatobjectattributes.cpp	XapiFormatObjectAttributes	0x4C	0x82DE1F38
xapilibi	unicodetoutf8.cpp	UnicodeToUTF8	0x148	0x82DE1F88
xapilibi	xapipgettimezonebias.cpp	XapipGetTimeZoneBias	0x88	0x82DE20D0
xapilibi	rtldbg.cpp	RtlOutputDebugString	0x3C	0x82DE2158
xapilibi	rtlpcutovertimetosystemtime.cpp	RtlpCutoverTimeToSystemTime	0x268	0x82DE2198
xapilibi	xapipquerytimezoneinformation.cpp	XConfigTimeZoneNameToWstr	0x58	0x82DE2400
xapilibi	xapipquerytimezoneinformation.cpp	XboxTimeZoneNameToWstr	0x50	0x82DE2458
xapilibi	xapipquerytimezoneinformation.cpp	XapipQueryTimeZoneInformation	0x21C	0x82DE24A8
xapilibi	xapidirectoryinformationtofinddata.cpp	XapiDirectoryInformationToFindData	0xA8	0x82DE26C8
xapilibi	rtlfile.cpp	RtlFindFirstFile	0x19C	0x82DE2770
xapilibi	rtlfile.cpp	RtlFindNextFile	0x7C	0x82DE2910
xapilibi	rtlfile.cpp	RtlRemoveDirectory	0xAC	0x82DE2990
xapilibi	writecombinedstreaming.cpp	XMemCpyStreaming128_Writecombined_Helper	0x324	0x82DE2A40
xapilibi	writecombinedstreaming.cpp	XMemCpyStreaming_Unaligned_Writecombined_Helper	0x4CC	0x82DE2D64
xapilibi	cachedstreaming.cpp	XMemCpyStreaming128_Cached_Helper	0x390	0x82DE3230
xapilibi	cachedstreaming.cpp	XMemCpyStreaming_Unaligned_Cached_Helper	0x520	0x82DE35C0
xapilibi	copycachelines.cpp	CopyMisalignedCachelines	0xC0	0x82DE3AE0
xapilibi	utf8tounicode.cpp	UTF8ToUnicode	0x224	0x82DE3BA0
xapilibi	compstra.cpp	xCompareStringA	0x200	0x82DE3DC8
xapilibi	rtldbghelp.cpp	RtlDebugPrintHelper	0x8	0x82DE3FD0
LIBCMT	strcat_s.cpp	strcat_s	0xE8	0x82E5DD48
LIBCMT	crtvmx.cpp	__savevmx	0x298	0x82E5DE30
LIBCMT	crtvmx.cpp	__restvmx	0x298	0x82E5E0C8
LIBCMT	qsort_s.cpp	qsort_s	0x3AC	0x82E5E360
LIBCMT	exp.cpp	exp	0xDC	0x82E5E710
LIBCMT	exp.cpp	_exphlp	0xD4	0x82E5E7F0
LIBCMT	memmove_s.cpp	memmove_s	0x94	0x82E5E8C8
LIBCMT	feoferr.cpp	feof	0x44	0x82E5E960
LIBCMT	feoferr.cpp	ferror	0x44	0x82E5E9A8
LIBCMT	contrlfp.cpp	_controlfp_s	0x8C	0x82E5E9F0
LIBCMT	xtow.cpp	?xtow@@YAXKPA_WIH@Z	0x90	0x82E5EA80
LIBCMT	xtow.cpp	_ultow	0x2C	0x82E5EB10
LIBCMT	wcscpy_s.cpp	wcscpy_s	0xB4	0x82E5EB40
LIBCMT	wcscmp.cpp	wcscmp	0x4C	0x82E5EBF8
LIBCMT	wcsnicmp.cpp	_wcsnicmp	0xC4	0x82E5EC48
LIBCMT	wtox.cpp	_wtoi	0xC	0x82E5ED10
LIBCMT	xtows.cpp	?xtow_s@@YAHKPA_WIIH@Z	0x14C	0x82E5ED20
LIBCMT	xtows.cpp	_itow_s	0x20	0x82E5EE70
LIBCMT	xtows.cpp	_ultow_s	0x8	0x82E5EE90
LIBCMT	swprintf.cpp	swprintf_s	0x4C	0x82E5EE98
LIBCMT	wcsicmp.cpp	_wcsicmp	0xAC	0x82E5EEE8
LIBCMT	bsearch.cpp	bsearch	0x104	0x82E5EF98
LIBCMT	wcslwr.cpp	_wcslwr_s_l	0xA8	0x82E5F0A0
LIBCMT	wcslwr.cpp	_wcslwr_s	0x8	0x82E5F148
LIBCMT	wcsncmp.cpp	wcsncmp	0x50	0x82E5F150
LIBCMT	wcsrchr.cpp	wcsrchr	0x4C	0x82E5F1A0
LIBCMT	wcsstr.cpp	wcsstr	0x74	0x82E5F1F0
LIBCMT	wcstok_s.cpp	wcstok_s	0x11C	0x82E5F268
LIBCMT	wfopen.cpp	_wfsopen	0x15C	0x82E5F390
LIBCMT	wfopen.cpp	_wfopen_s	0x74	0x82E5F4F0
LIBCMT	strtod.cpp	_strtod_l	0x15C	0x82E5F568
LIBCMT	strtod.cpp	strtod	0x8	0x82E5F6C8
LIBCMT	vwprintf.cpp	merged_82E5F6D8	0x100	0x82E5F6D8
LIBCMT	vwprintf.cpp	vwprintf	0x18	0x82E5F7D8
LIBCMT	towlower.cpp	towlower	0x28	0x82E5F7F0
LIBCMT	towupper.cpp	towupper	0x28	0x82E5F818
LIBCMT	wtof.cpp	_wtof_l	0x80	0x82E5F840
LIBCMT	wtof.cpp	_wtof	0x8	0x82E5F8C0
LIBCMT	rewind.cpp	rewind	0x12C	0x82E5F8D0
LIBCMT	tanh.cpp	tanh	0x100	0x82E5FA00
LIBCMT	longjmp.cpp	longjmp	0x314	0x82E5FB00
LIBCMT	frexp.cpp	frexp	0x114	0x82E5FE18
LIBCMT	setjmp.cpp	setjmp	0x2CC	0x82E5FF30
LIBCMT	_mbslen.cpp	_mbstrlen	0x24	0x82E60200
LIBCMT	sincosh.cpp	sinh	0x264	0x82E60228
LIBCMT	sincosh.cpp	cosh	0x1C4	0x82E60490
LIBCMT	hypot.cpp	_hypothlp	0x224	0x82E60658
LIBCMT	hypot.cpp	_hypot	0x8	0x82E60880
LIBCMT	wcslen_s.cpp	wcsnlen	0x30	0x82E60888
LIBCMT	_wopen.cpp	_wopenfile	0x22C	0x82E608B8
LIBCMT	wcfin.cpp	_wfltin2	0xB8	0x82E60AF0
LIBCMT	wstrgtold.cpp	__wstrgtold12_l	0x94C	0x82E60BA8
LIBCMT	rmtmp.cpp	_rmtmp	0x18C	0x82E61500
d3d9i	disassemble.cpp	?WhoContributesToExport@D3D@@YAHPAUaluFormat@1@@Z	0xD4	0x82EB6228
d3d9i	disassemble.cpp	?IsScalarNOP@D3D@@YA_NPAUaluFormat@1@@Z	0x80	0x82EB6300
d3d9i	disassemble.cpp	?IsVectorNOP@D3D@@YA_NPAUaluFormat@1@@Z	0x90	0x82EB6380
d3d9i	disassemble.cpp	?IsVectorMov@D3D@@YA_NPAUaluFormat@1@@Z	0xC0	0x82EB6410
d3d9i	disassemble.cpp	?IsVectorMova@D3D@@YA_NPAUaluFormat@1@@Z	0xC0	0x82EB64D0
d3d9i	disassemble.cpp	?IsUsed@Disassembler@D3D@@AAAHPAUtextureFetchFormat@2@K@Z	0xF0	0x82EB6590
d3d9i	disassemble.cpp	?DoPrint@Disassembler@D3D@@AAAXPBDPAD@Z	0xF4	0x82EB6680
d3d9i	disassemble.cpp	?__noop@Disassembler@D3D@@AAAXPBDZZ	0x7C	0x82EB6778
d3d9i	disassemble.cpp	?PrintYieldAndPredicateClean@Disassembler@D3D@@AAAXHH_N@Z	0xBC	0x82EB67F8
d3d9i	disassemble.cpp	?PrintPredicated@Disassembler@D3D@@AAAXH@Z	0x60	0x82EB68B8
d3d9i	disassemble.cpp	?PrintRTF@Disassembler@D3D@@AAAXPBD@Z	0x6C	0x82EB6918
d3d9i	disassemble.cpp	?PrintOpcode@Disassembler@D3D@@AAAXPBD_N@Z	0x78	0x82EB6988
d3d9i	disassemble.cpp	?PrintCFOpcode@Disassembler@D3D@@AAAXPBD@Z	0x70	0x82EB6A00
d3d9i	disassemble.cpp	?PrintCFLineNumber@Disassembler@D3D@@AAAXH@Z	0x70	0x82EB6A70
d3d9i	disassemble.cpp	?PrintALULineNumber@Disassembler@D3D@@AAAXH@Z	0x5C	0x82EB6AE0
d3d9i	disassemble.cpp	?PrintLineNumberIndent@Disassembler@D3D@@AAAXXZ	0x4C	0x82EB6B40
d3d9i	disassemble.cpp	?PrintCommentStart@Disassembler@D3D@@AAAXXZ	0x50	0x82EB6B90
d3d9i	disassemble.cpp	?PrintCFAddress@Disassembler@D3D@@AAAXH@Z	0x50	0x82EB6BE0
d3d9i	disassemble.cpp	?PrintDestReg@Disassembler@D3D@@AAAXHHHHHH_N@Z	0x384	0x82EB6C30
d3d9i	disassemble.cpp	?PrintSourceReg@Disassembler@D3D@@AAAXHHHHHHHH_N@Z	0x2E4	0x82EB6FB8
d3d9i	disassemble.cpp	?PrintInternalKonstantReg@Disassembler@D3D@@AAAXHHH@Z	0x15C	0x82EB72A0
d3d9i	disassemble.cpp	?PrintSel@Disassembler@D3D@@AAAXH@Z	0x5C	0x82EB7400
d3d9i	disassemble.cpp	?PrintAluVector@Disassembler@D3D@@AAAXPAUaluFormat@2@@Z	0x2F0	0x82EB7460
d3d9i	disassemble.cpp	?PrintAluScalar@Disassembler@D3D@@AAAXPAUaluFormat@2@@Z	0x398	0x82EB7750
d3d9i	disassemble.cpp	?PrintFetchDestRegBody@Disassembler@D3D@@AAAXII@Z	0x50	0x82EB7AE8
d3d9i	disassemble.cpp	?PrintArgument@Disassembler@D3D@@AAAXPBDPAPBDKK@Z	0x60	0x82EB7B38
d3d9i	disassemble.cpp	?PrintBooleanArgument@Disassembler@D3D@@AAAXPBDKK@Z	0x5C	0x82EB7B98
d3d9i	disassemble.cpp	?DoPrintImp@Disassembler@D3D@@AAAXPBDZZ	0x74	0x82EB7BF8
d3d9i	disassemble.cpp	?ForceStartLine@Disassembler@D3D@@AAAXXZ	0x64	0x82EB7C70
d3d9i	disassemble.cpp	?StartLine@Disassembler@D3D@@AAAXXZ	0x44	0x82EB7CD8
d3d9i	disassemble.cpp	?StartInstruction@Disassembler@D3D@@AAAXXZ	0x6C	0x82EB7D20
d3d9i	disassemble.cpp	?PrintCommentEnd@Disassembler@D3D@@AAAXXZ	0x48	0x82EB7D90
d3d9i	disassemble.cpp	?PrintWarning@Disassembler@D3D@@AAAX_NHPBDZZ	0xC4	0x82EB7DD8
d3d9i	disassemble.cpp	?PrintFetchArgComma@Disassembler@D3D@@AAAXXZ	0x60	0x82EB7EA0
d3d9i	disassemble.cpp	?PrintFetch@Disassembler@D3D@@AAAXPBDHK@Z	0xC2C	0x82EB7F00
d3d9i	disassemble.cpp	?DoDisassembly_InstructionCallback@Disassembler@D3D@@AAAJKKPATGPUSHADER_INSTRUCTION@@@Z	0xA48	0x82EB8B30
d3d9i	disassemble.cpp	?FindBranchTargets_InstructionCallback@Disassembler@D3D@@AAAJKKPATGPUSHADER_INSTRUCTION@@@Z	0xAC	0x82EB9578
d3d9i	disassemble.cpp	?DoDisassembly_StaticInstructionCallback@Disassembler@D3D@@CAJKKPATGPUSHADER_INSTRUCTION@@PAX@Z	0x48	0x82EB9628
d3d9i	disassemble.cpp	?FindBranchTargets_StaticInstructionCallback@Disassembler@D3D@@CAJKKPATGPUSHADER_INSTRUCTION@@PAX@Z	0x48	0x82EB9670
d3d9i	disassemble.cpp	?FindBranchTargets@Disassembler@D3D@@AAAXPADI@Z	0x54	0x82EB96B8
d3d9i	disassemble.cpp	?DoDisassembly@Disassembler@D3D@@QAAJTGPU_PROGRAMCONTROL@@TGPU_CONTEXTMISC@@PADII@Z	0x10C	0x82EB9710
d3d9i	disassemble.cpp	XDisassembleMicrocodeShaderRaw	0x130	0x82EB9820
xapilibi	uiapithunk2.cpp	XShowMarketplaceDownloadItemsUI	0x60	0x82EB9950
xapilibi	comparefiletime.cpp	CompareFileTime	0x8C	0x82EB99B0
LIBCMT	memcmpp.cpp	memcmp	0x90	0x82EDA8D0
xapilibi	cancelwaitabletimer.cpp	CancelWaitableTimer	0x58	0x82EDA960
xapilibi	setwaitabletimer.cpp	SetWaitableTimer	0x90	0x82EDA9B8
xapilibi	createwaitabletimer.cpp	CreateWaitableTimerA	0xA4	0x82EDAA48
xapilibi	duplicatehandle.cpp	DuplicateHandle	0x54	0x82EDAAF0
xapilibi	switchtothread.cpp	SwitchToThread	0x48	0x82EDAB48
